1/2的魔法,06/20,國賓大戲院,台北市成都路88號,13:00
1/2的魔法,06/20,國賓大戲院,台北市成都路88號,14:50
1/2的魔法,06/20,國賓大戲院,台北市成都路88號,16:50
1/2的魔法,06/20,國賓大戲院,台北市成都路88號,18:30
1/2的魔法,06/20,國賓影城@中和環球購物中心,新北市中和區中山路三段122號4樓,11:00
1/2的魔法,06/20,國賓影城@中和環球購物中心,新北市中和區中山路三段122號4樓,13:00
1/2的魔法,06/20,國賓影城@中和環球購物中心,新北市中和區中山路三段122號4樓,14:00
1/2的魔法,06/20,國賓影城@中和環球購物中心,新北市中和區中山路三段122號4樓,15:05
1/2的魔法,06/20,國賓影城@中和環球購物中心,新北市中和區中山路三段122號4樓,16:05
1/2的魔法,06/20,國賓影城@中和環球購物中心,新北市中和區中山路三段122號4樓,17:10
1/2的魔法,06/20,國賓影城@中和環球購物中心,新北市中和區中山路三段122號4樓,18:10
1/2的魔法,06/20,國賓影城@中和環球購物中心,新北市中和區中山路三段122號4樓,19:10
1/2的魔法,06/20,國賓影城@中和環球購物中心,新北市中和區中山路三段122號4樓,20:20
1/2的魔法,06/20,國賓影城@中和環球購物中心,新北市中和區中山路三段122號4樓,21:20
1/2的魔法,06/20,國賓影城@八德廣豐新天地,桃園市八德區介壽路一段728號,13:20
1/2的魔法,06/20,國賓影城@八德廣豐新天地,桃園市八德區介壽路一段728號,14:30
1/2的魔法,06/20,國賓影城@八德廣豐新天地,桃園市八德區介壽路一段728號,15:20
1/2的魔法,06/20,國賓影城@八德廣豐新天地,桃園市八德區介壽路一段728號,16:30
1/2的魔法,06/20,國賓影城@八德廣豐新天地,桃園市八德區介壽路一段728號,17:20
1/2的魔法,06/20,國賓影城@八德廣豐新天地,桃園市八德區介壽路一段728號,18:30
1/2的魔法,06/20,國賓影城@八德廣豐新天地,桃園市八德區介壽路一段728號,19:20
1/2的魔法,06/20,國賓影城@八德廣豐新天地,桃園市八德區介壽路一段728號,20:30
1/2的魔法,06/20,國賓影城@台北微風廣場,台北市復興南路一段39號7樓,11:30
1/2的魔法,06/20,國賓影城@台北微風廣場,台北市復興南路一段39號7樓,15:20
1/2的魔法,06/20,國賓影城@台北微風廣場,台北市復興南路一段39號7樓,19:10
1/2的魔法,06/20,國賓影城@台北長春廣場,台北市中山區長春路176號,13:10
1/2的魔法,06/20,國賓影城@台北長春廣場,台北市中山區長春路176號,15:10
1/2的魔法,06/20,國賓影城@台北長春廣場,台北市中山區長春路176號,17:10
1/2的魔法,06/20,國賓影城@台北長春廣場,台北市中山區長春路176號,19:10
1/2的魔法,06/20,國賓影城@台北長春廣場,台北市中山區長春路176號,21:10
1/2的魔法,06/20,國賓影城@台南國賓廣場,台南市中華東路一段66號,13:50
1/2的魔法,06/20,國賓影城@台南國賓廣場,台南市中華東路一段66號,15:50
1/2的魔法,06/20,國賓影城@台南國賓廣場,台南市中華東路一段66號,20:00
1/2的魔法,06/20,國賓影城@屏東環球購物中心,屏東市仁愛路90號6樓,12:30
1/2的魔法,06/20,國賓影城@屏東環球購物中心,屏東市仁愛路90號6樓,14:30
1/2的魔法,06/20,國賓影城@屏東環球購物中心,屏東市仁愛路90號6樓,16:30
1/2的魔法,06/20,國賓影城@屏東環球購物中心,屏東市仁愛路90號6樓,18:30
1/2的魔法,06/20,國賓影城@屏東環球購物中心,屏東市仁愛路90號6樓,20:30
1/2的魔法,06/20,國賓影城@新莊晶冠廣場,新北市新莊區五工路66號3樓,13:30
1/2的魔法,06/20,國賓影城@新莊晶冠廣場,新北市新莊區五工路66號3樓,14:20
1/2的魔法,06/20,國賓影城@新莊晶冠廣場,新北市新莊區五工路66號3樓,15:25
1/2的魔法,06/20,國賓影城@新莊晶冠廣場,新北市新莊區五工路66號3樓,16:15
1/2的魔法,06/20,國賓影城@新莊晶冠廣場,新北市新莊區五工路66號3樓,17:20
1/2的魔法,06/20,國賓影城@新莊晶冠廣場,新北市新莊區五工路66號3樓,18:10
1/2的魔法,06/20,國賓影城@新莊晶冠廣場,新北市新莊區五工路66號3樓,19:15
1/2的魔法,06/20,國賓影城@新莊晶冠廣場,新北市新莊區五工路66號3樓,20:05
1/2的魔法,06/20,國賓影城@新莊晶冠廣場,新北市新莊區五工路66號3樓,21:10
1/2的魔法,06/20,國賓影城@林口昕境廣場,新北市林口區文化三路一段402巷2號4F,13:30
1/2的魔法,06/20,國賓影城@林口昕境廣場,新北市林口區文化三路一段402巷2號4F,14:20
1/2的魔法,06/20,國賓影城@林口昕境廣場,新北市林口區文化三路一段402巷2號4F,15:30
1/2的魔法,06/20,國賓影城@林口昕境廣場,新北市林口區文化三路一段402巷2號4F,16:20
1/2的魔法,06/20,國賓影城@林口昕境廣場,新北市林口區文化三路一段402巷2號4F,17:30
1/2的魔法,06/20,國賓影城@林口昕境廣場,新北市林口區文化三路一段402巷2號4F,19:30
1/2的魔法,06/20,國賓影城@淡水禮萊廣場,新北市淡水區中正路一段2號,14:00
1/2的魔法,06/20,國賓影城@淡水禮萊廣場,新北市淡水區中正路一段2號,16:00
1/2的魔法,06/20,國賓影城@淡水禮萊廣場,新北市淡水區中正路一段2號,18:00
1/2的魔法,06/20,國賓影城@淡水禮萊廣場,新北市淡水區中正路一段2號,20:00
1/2的魔法,06/20,國賓影城@金門昇恆昌金湖廣場,金門縣金湖鎮太湖路二段198號6樓,18:40
1/2的魔法,06/20,國賓影城@高雄大魯閣草衙道,高雄市前鎮區中山四路100號3樓,13:30
1/2的魔法,06/20,國賓影城@高雄大魯閣草衙道,高雄市前鎮區中山四路100號3樓,15:25
1/2的魔法,06/20,國賓影城@高雄大魯閣草衙道,高雄市前鎮區中山四路100號3樓,17:30
1/2的魔法,06/20,國賓影城@高雄大魯閣草衙道,高雄市前鎮區中山四路100號3樓,19:25
1/2的魔法,06/20,國賓影城@高雄義大世界,高雄市大樹區學城路一段12號3樓,13:30
1/2的魔法,06/20,國賓影城@高雄義大世界,高雄市大樹區學城路一段12號3樓,15:30
1/2的魔法,06/20,國賓影城@高雄義大世界,高雄市大樹區學城路一段12號3樓,17:30
1/2的魔法,06/21,國賓大戲院,台北市成都路88號,13:00
1/2的魔法,06/21,國賓大戲院,台北市成都路88號,14:50
1/2的魔法,06/21,國賓大戲院,台北市成都路88號,16:50
1/2的魔法,06/21,國賓大戲院,台北市成都路88號,18:30
1/2的魔法,06/21,國賓影城@中和環球購物中心,新北市中和區中山路三段122號4樓,11:00
1/2的魔法,06/21,國賓影城@中和環球購物中心,新北市中和區中山路三段122號4樓,13:00
1/2的魔法,06/21,國賓影城@中和環球購物中心,新北市中和區中山路三段122號4樓,14:00
1/2的魔法,06/21,國賓影城@中和環球購物中心,新北市中和區中山路三段122號4樓,15:05
1/2的魔法,06/21,國賓影城@中和環球購物中心,新北市中和區中山路三段122號4樓,16:05
1/2的魔法,06/21,國賓影城@中和環球購物中心,新北市中和區中山路三段122號4樓,17:10
1/2的魔法,06/21,國賓影城@中和環球購物中心,新北市中和區中山路三段122號4樓,18:10
1/2的魔法,06/21,國賓影城@中和環球購物中心,新北市中和區中山路三段122號4樓,19:10
1/2的魔法,06/21,國賓影城@中和環球購物中心,新北市中和區中山路三段122號4樓,20:20
1/2的魔法,06/21,國賓影城@中和環球購物中心,新北市中和區中山路三段122號4樓,21:20
1/2的魔法,06/21,國賓影城@八德廣豐新天地,桃園市八德區介壽路一段728號,13:20
1/2的魔法,06/21,國賓影城@八德廣豐新天地,桃園市八德區介壽路一段728號,14:30
1/2的魔法,06/21,國賓影城@八德廣豐新天地,桃園市八德區介壽路一段728號,15:20
1/2的魔法,06/21,國賓影城@八德廣豐新天地,桃園市八德區介壽路一段728號,16:30
1/2的魔法,06/21,國賓影城@八德廣豐新天地,桃園市八德區介壽路一段728號,17:20
1/2的魔法,06/21,國賓影城@八德廣豐新天地,桃園市八德區介壽路一段728號,18:30
1/2的魔法,06/21,國賓影城@八德廣豐新天地,桃園市八德區介壽路一段728號,19:20
1/2的魔法,06/21,國賓影城@八德廣豐新天地,桃園市八德區介壽路一段728號,20:30
1/2的魔法,06/21,國賓影城@台北微風廣場,台北市復興南路一段39號7樓,11:30
1/2的魔法,06/21,國賓影城@台北微風廣場,台北市復興南路一段39號7樓,15:20
1/2的魔法,06/21,國賓影城@台北微風廣場,台北市復興南路一段39號7樓,19:10
1/2的魔法,06/21,國賓影城@台北長春廣場,台北市中山區長春路176號,13:10
1/2的魔法,06/21,國賓影城@台北長春廣場,台北市中山區長春路176號,15:10
1/2的魔法,06/21,國賓影城@台北長春廣場,台北市中山區長春路176號,17:10
1/2的魔法,06/21,國賓影城@台北長春廣場,台北市中山區長春路176號,19:10
1/2的魔法,06/21,國賓影城@台北長春廣場,台北市中山區長春路176號,21:10
1/2的魔法,06/21,國賓影城@台南國賓廣場,台南市中華東路一段66號,13:50
1/2的魔法,06/21,國賓影城@台南國賓廣場,台南市中華東路一段66號,15:50
1/2的魔法,06/21,國賓影城@台南國賓廣場,台南市中華東路一段66號,20:00
1/2的魔法,06/21,國賓影城@屏東環球購物中心,屏東市仁愛路90號6樓,12:30
1/2的魔法,06/21,國賓影城@屏東環球購物中心,屏東市仁愛路90號6樓,14:30
1/2的魔法,06/21,國賓影城@屏東環球購物中心,屏東市仁愛路90號6樓,16:30
1/2的魔法,06/21,國賓影城@屏東環球購物中心,屏東市仁愛路90號6樓,18:30
1/2的魔法,06/21,國賓影城@屏東環球購物中心,屏東市仁愛路90號6樓,20:30
1/2的魔法,06/21,國賓影城@新莊晶冠廣場,新北市新莊區五工路66號3樓,13:30
1/2的魔法,06/21,國賓影城@新莊晶冠廣場,新北市新莊區五工路66號3樓,14:20
1/2的魔法,06/21,國賓影城@新莊晶冠廣場,新北市新莊區五工路66號3樓,15:25
1/2的魔法,06/21,國賓影城@新莊晶冠廣場,新北市新莊區五工路66號3樓,16:15
1/2的魔法,06/21,國賓影城@新莊晶冠廣場,新北市新莊區五工路66號3樓,17:20
1/2的魔法,06/21,國賓影城@新莊晶冠廣場,新北市新莊區五工路66號3樓,18:10
1/2的魔法,06/21,國賓影城@新莊晶冠廣場,新北市新莊區五工路66號3樓,19:15
1/2的魔法,06/21,國賓影城@新莊晶冠廣場,新北市新莊區五工路66號3樓,20:05
1/2的魔法,06/21,國賓影城@新莊晶冠廣場,新北市新莊區五工路66號3樓,21:10
1/2的魔法,06/21,國賓影城@林口昕境廣場,新北市林口區文化三路一段402巷2號4F,13:30
1/2的魔法,06/21,國賓影城@林口昕境廣場,新北市林口區文化三路一段402巷2號4F,14:20
1/2的魔法,06/21,國賓影城@林口昕境廣場,新北市林口區文化三路一段402巷2號4F,15:30
1/2的魔法,06/21,國賓影城@林口昕境廣場,新北市林口區文化三路一段402巷2號4F,16:20
1/2的魔法,06/21,國賓影城@林口昕境廣場,新北市林口區文化三路一段402巷2號4F,17:30
1/2的魔法,06/21,國賓影城@林口昕境廣場,新北市林口區文化三路一段402巷2號4F,19:30
1/2的魔法,06/21,國賓影城@淡水禮萊廣場,新北市淡水區中正路一段2號,14:00
1/2的魔法,06/21,國賓影城@淡水禮萊廣場,新北市淡水區中正路一段2號,16:00
1/2的魔法,06/21,國賓影城@淡水禮萊廣場,新北市淡水區中正路一段2號,18:00
1/2的魔法,06/21,國賓影城@淡水禮萊廣場,新北市淡水區中正路一段2號,20:00
1/2的魔法,06/21,國賓影城@金門昇恆昌金湖廣場,金門縣金湖鎮太湖路二段198號6樓,18:40
1/2的魔法,06/21,國賓影城@高雄大魯閣草衙道,高雄市前鎮區中山四路100號3樓,13:30
1/2的魔法,06/21,國賓影城@高雄大魯閣草衙道,高雄市前鎮區中山四路100號3樓,15:25
1/2的魔法,06/21,國賓影城@高雄大魯閣草衙道,高雄市前鎮區中山四路100號3樓,17:30
1/2的魔法,06/21,國賓影城@高雄大魯閣草衙道,高雄市前鎮區中山四路100號3樓,19:25
1/2的魔法,06/21,國賓影城@高雄義大世界,高雄市大樹區學城路一段12號3樓,13:30
1/2的魔法,06/21,國賓影城@高雄義大世界,高雄市大樹區學城路一段12號3樓,15:30
1/2的魔法,06/21,國賓影城@高雄義大世界,高雄市大樹區學城路一段12號3樓,17:30
1/2的魔法,06/22,國賓大戲院,台北市成都路88號,14:30
1/2的魔法,06/22,國賓大戲院,台北市成都路88號,16:30
1/2的魔法,06/22,國賓大戲院,台北市成都路88號,18:30
1/2的魔法,06/22,國賓影城@中和環球購物中心,新北市中和區中山路三段122號4樓,11:00
1/2的魔法,06/22,國賓影城@中和環球購物中心,新北市中和區中山路三段122號4樓,13:00
1/2的魔法,06/22,國賓影城@中和環球購物中心,新北市中和區中山路三段122號4樓,15:00
1/2的魔法,06/22,國賓影城@中和環球購物中心,新北市中和區中山路三段122號4樓,17:00
1/2的魔法,06/22,國賓影城@中和環球購物中心,新北市中和區中山路三段122號4樓,18:10
1/2的魔法,06/22,國賓影城@中和環球購物中心,新北市中和區中山路三段122號4樓,19:00
1/2的魔法,06/22,國賓影城@中和環球購物中心,新北市中和區中山路三段122號4樓,21:10
1/2的魔法,06/22,國賓影城@八德廣豐新天地,桃園市八德區介壽路一段728號,13:20
1/2的魔法,06/22,國賓影城@八德廣豐新天地,桃園市八德區介壽路一段728號,15:20
1/2的魔法,06/22,國賓影城@八德廣豐新天地,桃園市八德區介壽路一段728號,17:20
1/2的魔法,06/22,國賓影城@八德廣豐新天地,桃園市八德區介壽路一段728號,19:20
1/2的魔法,06/22,國賓影城@八德廣豐新天地,桃園市八德區介壽路一段728號,21:20
1/2的魔法,06/22,國賓影城@台北微風廣場,台北市復興南路一段39號7樓,11:30
1/2的魔法,06/22,國賓影城@台北微風廣場,台北市復興南路一段39號7樓,15:20
1/2的魔法,06/22,國賓影城@台北微風廣場,台北市復興南路一段39號7樓,19:10
1/2的魔法,06/22,國賓影城@台北長春廣場,台北市中山區長春路176號,13:10
1/2的魔法,06/22,國賓影城@台北長春廣場,台北市中山區長春路176號,15:10
1/2的魔法,06/22,國賓影城@台北長春廣場,台北市中山區長春路176號,17:10
1/2的魔法,06/22,國賓影城@台北長春廣場,台北市中山區長春路176號,19:10
1/2的魔法,06/22,國賓影城@台北長春廣場,台北市中山區長春路176號,21:10
1/2的魔法,06/22,國賓影城@台南國賓廣場,台南市中華東路一段66號,13:50
1/2的魔法,06/22,國賓影城@台南國賓廣場,台南市中華東路一段66號,15:50
1/2的魔法,06/22,國賓影城@台南國賓廣場,台南市中華東路一段66號,20:00
1/2的魔法,06/22,國賓影城@屏東環球購物中心,屏東市仁愛路90號6樓,12:30
1/2的魔法,06/22,國賓影城@屏東環球購物中心,屏東市仁愛路90號6樓,14:30
1/2的魔法,06/22,國賓影城@屏東環球購物中心,屏東市仁愛路90號6樓,16:30
1/2的魔法,06/22,國賓影城@屏東環球購物中心,屏東市仁愛路90號6樓,18:30
1/2的魔法,06/22,國賓影城@屏東環球購物中心,屏東市仁愛路90號6樓,20:30
1/2的魔法,06/22,國賓影城@新莊晶冠廣場,新北市新莊區五工路66號3樓,13:30
1/2的魔法,06/22,國賓影城@新莊晶冠廣場,新北市新莊區五工路66號3樓,15:25
1/2的魔法,06/22,國賓影城@新莊晶冠廣場,新北市新莊區五工路66號3樓,17:20
1/2的魔法,06/22,國賓影城@新莊晶冠廣場,新北市新莊區五工路66號3樓,19:15
1/2的魔法,06/22,國賓影城@新莊晶冠廣場,新北市新莊區五工路66號3樓,21:10
1/2的魔法,06/22,國賓影城@林口昕境廣場,新北市林口區文化三路一段402巷2號4F,14:10
1/2的魔法,06/22,國賓影城@林口昕境廣場,新北市林口區文化三路一段402巷2號4F,16:10
1/2的魔法,06/22,國賓影城@林口昕境廣場,新北市林口區文化三路一段402巷2號4F,18:10
1/2的魔法,06/22,國賓影城@淡水禮萊廣場,新北市淡水區中正路一段2號,14:00
1/2的魔法,06/22,國賓影城@淡水禮萊廣場,新北市淡水區中正路一段2號,16:00
1/2的魔法,06/22,國賓影城@淡水禮萊廣場,新北市淡水區中正路一段2號,18:00
1/2的魔法,06/22,國賓影城@淡水禮萊廣場,新北市淡水區中正路一段2號,20:00
1/2的魔法,06/22,國賓影城@金門昇恆昌金湖廣場,金門縣金湖鎮太湖路二段198號6樓,18:40
1/2的魔法,06/22,國賓影城@高雄大魯閣草衙道,高雄市前鎮區中山四路100號3樓,13:30
1/2的魔法,06/22,國賓影城@高雄大魯閣草衙道,高雄市前鎮區中山四路100號3樓,15:25
1/2的魔法,06/22,國賓影城@高雄大魯閣草衙道,高雄市前鎮區中山四路100號3樓,17:30
1/2的魔法,06/22,國賓影城@高雄大魯閣草衙道,高雄市前鎮區中山四路100號3樓,19:25
1/2的魔法,06/22,國賓影城@高雄義大世界,高雄市大樹區學城路一段12號3樓,13:30
1/2的魔法,06/22,國賓影城@高雄義大世界,高雄市大樹區學城路一段12號3樓,15:30
1/2的魔法,06/22,國賓影城@高雄義大世界,高雄市大樹區學城路一段12號3樓,17:30
1/2的魔法,06/23,國賓大戲院,台北市成都路88號,14:30
1/2的魔法,06/23,國賓大戲院,台北市成都路88號,16:30
1/2的魔法,06/23,國賓大戲院,台北市成都路88號,18:30
1/2的魔法,06/23,國賓影城@中和環球購物中心,新北市中和區中山路三段122號4樓,11:00
1/2的魔法,06/23,國賓影城@中和環球購物中心,新北市中和區中山路三段122號4樓,13:00
1/2的魔法,06/23,國賓影城@中和環球購物中心,新北市中和區中山路三段122號4樓,15:00
1/2的魔法,06/23,國賓影城@中和環球購物中心,新北市中和區中山路三段122號4樓,17:00
1/2的魔法,06/23,國賓影城@中和環球購物中心,新北市中和區中山路三段122號4樓,18:10
1/2的魔法,06/23,國賓影城@中和環球購物中心,新北市中和區中山路三段122號4樓,19:00
1/2的魔法,06/23,國賓影城@中和環球購物中心,新北市中和區中山路三段122號4樓,21:10
1/2的魔法,06/23,國賓影城@八德廣豐新天地,桃園市八德區介壽路一段728號,13:20
1/2的魔法,06/23,國賓影城@八德廣豐新天地,桃園市八德區介壽路一段728號,15:20
1/2的魔法,06/23,國賓影城@八德廣豐新天地,桃園市八德區介壽路一段728號,17:20
1/2的魔法,06/23,國賓影城@八德廣豐新天地,桃園市八德區介壽路一段728號,19:20
1/2的魔法,06/23,國賓影城@八德廣豐新天地,桃園市八德區介壽路一段728號,21:20
1/2的魔法,06/23,國賓影城@台北微風廣場,台北市復興南路一段39號7樓,11:30
1/2的魔法,06/23,國賓影城@台北微風廣場,台北市復興南路一段39號7樓,15:20
1/2的魔法,06/23,國賓影城@台北微風廣場,台北市復興南路一段39號7樓,19:10
1/2的魔法,06/23,國賓影城@台北長春廣場,台北市中山區長春路176號,13:10
1/2的魔法,06/23,國賓影城@台北長春廣場,台北市中山區長春路176號,15:10
1/2的魔法,06/23,國賓影城@台北長春廣場,台北市中山區長春路176號,17:10
1/2的魔法,06/23,國賓影城@台北長春廣場,台北市中山區長春路176號,19:10
1/2的魔法,06/23,國賓影城@台北長春廣場,台北市中山區長春路176號,21:10
1/2的魔法,06/23,國賓影城@台南國賓廣場,台南市中華東路一段66號,13:50
1/2的魔法,06/23,國賓影城@台南國賓廣場,台南市中華東路一段66號,15:50
1/2的魔法,06/23,國賓影城@屏東環球購物中心,屏東市仁愛路90號6樓,12:30
1/2的魔法,06/23,國賓影城@屏東環球購物中心,屏東市仁愛路90號6樓,14:30
1/2的魔法,06/23,國賓影城@屏東環球購物中心,屏東市仁愛路90號6樓,16:30
1/2的魔法,06/23,國賓影城@屏東環球購物中心,屏東市仁愛路90號6樓,18:30
1/2的魔法,06/23,國賓影城@屏東環球購物中心,屏東市仁愛路90號6樓,20:30
1/2的魔法,06/23,國賓影城@新莊晶冠廣場,新北市新莊區五工路66號3樓,13:30
1/2的魔法,06/23,國賓影城@新莊晶冠廣場,新北市新莊區五工路66號3樓,15:25
1/2的魔法,06/23,國賓影城@新莊晶冠廣場,新北市新莊區五工路66號3樓,17:20
1/2的魔法,06/23,國賓影城@新莊晶冠廣場,新北市新莊區五工路66號3樓,19:15
1/2的魔法,06/23,國賓影城@新莊晶冠廣場,新北市新莊區五工路66號3樓,21:10
1/2的魔法,06/23,國賓影城@林口昕境廣場,新北市林口區文化三路一段402巷2號4F,14:10
1/2的魔法,06/23,國賓影城@林口昕境廣場,新北市林口區文化三路一段402巷2號4F,16:10
1/2的魔法,06/23,國賓影城@林口昕境廣場,新北市林口區文化三路一段402巷2號4F,18:10
1/2的魔法,06/23,國賓影城@淡水禮萊廣場,新北市淡水區中正路一段2號,14:00
1/2的魔法,06/23,國賓影城@淡水禮萊廣場,新北市淡水區中正路一段2號,16:00
1/2的魔法,06/23,國賓影城@淡水禮萊廣場,新北市淡水區中正路一段2號,18:00
1/2的魔法,06/23,國賓影城@淡水禮萊廣場,新北市淡水區中正路一段2號,20:00
1/2的魔法,06/23,國賓影城@金門昇恆昌金湖廣場,金門縣金湖鎮太湖路二段198號6樓,18:40
1/2的魔法,06/23,國賓影城@高雄大魯閣草衙道,高雄市前鎮區中山四路100號3樓,13:30
1/2的魔法,06/23,國賓影城@高雄大魯閣草衙道,高雄市前鎮區中山四路100號3樓,15:25
1/2的魔法,06/23,國賓影城@高雄大魯閣草衙道,高雄市前鎮區中山四路100號3樓,17:30
1/2的魔法,06/23,國賓影城@高雄大魯閣草衙道,高雄市前鎮區中山四路100號3樓,19:25
1/2的魔法,06/23,國賓影城@高雄義大世界,高雄市大樹區學城路一段12號3樓,13:30
1/2的魔法,06/23,國賓影城@高雄義大世界,高雄市大樹區學城路一段12號3樓,15:30
1/2的魔法,06/23,國賓影城@高雄義大世界,高雄市大樹區學城路一段12號3樓,17:30
1/2的魔法,06/24,國賓影城@中和環球購物中心,新北市中和區中山路三段122號4樓,11:00
1/2的魔法,06/24,國賓影城@中和環球購物中心,新北市中和區中山路三段122號4樓,13:00
1/2的魔法,06/24,國賓影城@中和環球購物中心,新北市中和區中山路三段122號4樓,15:00
1/2的魔法,06/24,國賓影城@中和環球購物中心,新北市中和區中山路三段122號4樓,17:00
1/2的魔法,06/24,國賓影城@中和環球購物中心,新北市中和區中山路三段122號4樓,18:10
1/2的魔法,06/24,國賓影城@中和環球購物中心,新北市中和區中山路三段122號4樓,19:00
1/2的魔法,06/24,國賓影城@中和環球購物中心,新北市中和區中山路三段122號4樓,21:10
1/2的魔法,06/24,國賓影城@八德廣豐新天地,桃園市八德區介壽路一段728號,13:10
1/2的魔法,06/24,國賓影城@八德廣豐新天地,桃園市八德區介壽路一段728號,15:10
1/2的魔法,06/24,國賓影城@八德廣豐新天地,桃園市八德區介壽路一段728號,17:10
1/2的魔法,06/24,國賓影城@八德廣豐新天地,桃園市八德區介壽路一段728號,19:10
1/2的魔法,06/24,國賓影城@八德廣豐新天地,桃園市八德區介壽路一段728號,21:10
1/2的魔法,06/24,國賓影城@台北微風廣場,台北市復興南路一段39號7樓,13:10
1/2的魔法,06/24,國賓影城@台北微風廣場,台北市復興南路一段39號7樓,17:10
1/2的魔法,06/24,國賓影城@台北長春廣場,台北市中山區長春路176號,13:20
1/2的魔法,06/24,國賓影城@台北長春廣場,台北市中山區長春路176號,15:20
1/2的魔法,06/24,國賓影城@台北長春廣場,台北市中山區長春路176號,17:20
1/2的魔法,06/24,國賓影城@台北長春廣場,台北市中山區長春路176號,19:20
1/2的魔法,06/24,國賓影城@台南國賓廣場,台南市中華東路一段66號,15:50
1/2的魔法,06/24,國賓影城@台南國賓廣場,台南市中華東路一段66號,20:00
1/2的魔法,06/24,國賓影城@屏東環球購物中心,屏東市仁愛路90號6樓,13:00
1/2的魔法,06/24,國賓影城@屏東環球購物中心,屏東市仁愛路90號6樓,15:00
1/2的魔法,06/24,國賓影城@屏東環球購物中心,屏東市仁愛路90號6樓,17:00
1/2的魔法,06/24,國賓影城@新莊晶冠廣場,新北市新莊區五工路66號3樓,13:40
1/2的魔法,06/24,國賓影城@新莊晶冠廣場,新北市新莊區五工路66號3樓,14:50
1/2的魔法,06/24,國賓影城@新莊晶冠廣場,新北市新莊區五工路66號3樓,15:40
1/2的魔法,06/24,國賓影城@新莊晶冠廣場,新北市新莊區五工路66號3樓,17:40
1/2的魔法,06/24,國賓影城@新莊晶冠廣場,新北市新莊區五工路66號3樓,19:40
1/2的魔法,06/24,國賓影城@林口昕境廣場,新北市林口區文化三路一段402巷2號4F,13:50
1/2的魔法,06/24,國賓影城@林口昕境廣場,新北市林口區文化三路一段402巷2號4F,15:50
1/2的魔法,06/24,國賓影城@林口昕境廣場,新北市林口區文化三路一段402巷2號4F,17:20
1/2的魔法,06/24,國賓影城@林口昕境廣場,新北市林口區文化三路一段402巷2號4F,18:00
1/2的魔法,06/24,國賓影城@林口昕境廣場,新北市林口區文化三路一段402巷2號4F,20:10
1/2的魔法,06/24,國賓影城@淡水禮萊廣場,新北市淡水區中正路一段2號,14:00
1/2的魔法,06/24,國賓影城@淡水禮萊廣場,新北市淡水區中正路一段2號,16:00
1/2的魔法,06/24,國賓影城@淡水禮萊廣場,新北市淡水區中正路一段2號,18:00
1/2的魔法,06/24,國賓影城@淡水禮萊廣場,新北市淡水區中正路一段2號,20:00
1/2的魔法,06/24,國賓影城@金門昇恆昌金湖廣場,金門縣金湖鎮太湖路二段198號6樓,18:50
1/2的魔法,06/24,國賓影城@高雄大魯閣草衙道,高雄市前鎮區中山四路100號3樓,13:30
1/2的魔法,06/24,國賓影城@高雄大魯閣草衙道,高雄市前鎮區中山四路100號3樓,15:25
1/2的魔法,06/24,國賓影城@高雄大魯閣草衙道,高雄市前鎮區中山四路100號3樓,17:20
1/2的魔法,06/24,國賓影城@高雄義大世界,高雄市大樹區學城路一段12號3樓,13:20
1/2的魔法,06/24,國賓影城@高雄義大世界,高雄市大樹區學城路一段12號3樓,15:20
1/2的魔法,06/24,國賓影城@高雄義大世界,高雄市大樹區學城路一段12號3樓,17:20
1/2的魔法,06/25,國賓影城@中和環球購物中心,新北市中和區中山路三段122號4樓,11:00
1/2的魔法,06/25,國賓影城@中和環球購物中心,新北市中和區中山路三段122號4樓,13:00
1/2的魔法,06/25,國賓影城@中和環球購物中心,新北市中和區中山路三段122號4樓,14:10
1/2的魔法,06/25,國賓影城@中和環球購物中心,新北市中和區中山路三段122號4樓,15:00
1/2的魔法,06/25,國賓影城@中和環球購物中心,新北市中和區中山路三段122號4樓,16:20
1/2的魔法,06/25,國賓影城@中和環球購物中心,新北市中和區中山路三段122號4樓,17:05
1/2的魔法,06/25,國賓影城@中和環球購物中心,新北市中和區中山路三段122號4樓,19:10
1/2的魔法,06/25,國賓影城@中和環球購物中心,新北市中和區中山路三段122號4樓,21:10
1/2的魔法,06/25,國賓影城@八德廣豐新天地,桃園市八德區介壽路一段728號,13:10
1/2的魔法,06/25,國賓影城@八德廣豐新天地,桃園市八德區介壽路一段728號,15:10
1/2的魔法,06/25,國賓影城@八德廣豐新天地,桃園市八德區介壽路一段728號,17:10
1/2的魔法,06/25,國賓影城@八德廣豐新天地,桃園市八德區介壽路一段728號,19:10
1/2的魔法,06/25,國賓影城@八德廣豐新天地,桃園市八德區介壽路一段728號,21:10
1/2的魔法,06/25,國賓影城@台北微風廣場,台北市復興南路一段39號7樓,13:10
1/2的魔法,06/25,國賓影城@台北微風廣場,台北市復興南路一段39號7樓,17:10
1/2的魔法,06/25,國賓影城@台北長春廣場,台北市中山區長春路176號,13:20
1/2的魔法,06/25,國賓影城@台北長春廣場,台北市中山區長春路176號,15:20
1/2的魔法,06/25,國賓影城@台北長春廣場,台北市中山區長春路176號,17:20
1/2的魔法,06/25,國賓影城@台北長春廣場,台北市中山區長春路176號,19:20
1/2的魔法,06/25,國賓影城@台南國賓廣場,台南市中華東路一段66號,13:40
1/2的魔法,06/25,國賓影城@台南國賓廣場,台南市中華東路一段66號,15:50
1/2的魔法,06/25,國賓影城@台南國賓廣場,台南市中華東路一段66號,18:00
1/2的魔法,06/25,國賓影城@台南國賓廣場,台南市中華東路一段66號,20:00
1/2的魔法,06/25,國賓影城@屏東環球購物中心,屏東市仁愛路90號6樓,13:00
1/2的魔法,06/25,國賓影城@屏東環球購物中心,屏東市仁愛路90號6樓,15:00
1/2的魔法,06/25,國賓影城@屏東環球購物中心,屏東市仁愛路90號6樓,17:00
1/2的魔法,06/25,國賓影城@新莊晶冠廣場,新北市新莊區五工路66號3樓,13:40
1/2的魔法,06/25,國賓影城@新莊晶冠廣場,新北市新莊區五工路66號3樓,14:50
1/2的魔法,06/25,國賓影城@新莊晶冠廣場,新北市新莊區五工路66號3樓,15:40
1/2的魔法,06/25,國賓影城@新莊晶冠廣場,新北市新莊區五工路66號3樓,17:40
1/2的魔法,06/25,國賓影城@新莊晶冠廣場,新北市新莊區五工路66號3樓,19:40
1/2的魔法,06/25,國賓影城@林口昕境廣場,新北市林口區文化三路一段402巷2號4F,13:50
1/2的魔法,06/25,國賓影城@林口昕境廣場,新北市林口區文化三路一段402巷2號4F,15:50
1/2的魔法,06/25,國賓影城@林口昕境廣場,新北市林口區文化三路一段402巷2號4F,17:20
1/2的魔法,06/25,國賓影城@林口昕境廣場,新北市林口區文化三路一段402巷2號4F,18:00
1/2的魔法,06/25,國賓影城@林口昕境廣場,新北市林口區文化三路一段402巷2號4F,20:10
1/2的魔法,06/25,國賓影城@淡水禮萊廣場,新北市淡水區中正路一段2號,14:00
1/2的魔法,06/25,國賓影城@淡水禮萊廣場,新北市淡水區中正路一段2號,16:00
1/2的魔法,06/25,國賓影城@淡水禮萊廣場,新北市淡水區中正路一段2號,18:00
1/2的魔法,06/25,國賓影城@淡水禮萊廣場,新北市淡水區中正路一段2號,20:00
1/2的魔法,06/25,國賓影城@金門昇恆昌金湖廣場,金門縣金湖鎮太湖路二段198號6樓,18:50
1/2的魔法,06/25,國賓影城@高雄大魯閣草衙道,高雄市前鎮區中山四路100號3樓,13:30
1/2的魔法,06/25,國賓影城@高雄大魯閣草衙道,高雄市前鎮區中山四路100號3樓,14:30
1/2的魔法,06/25,國賓影城@高雄大魯閣草衙道,高雄市前鎮區中山四路100號3樓,15:25
1/2的魔法,06/25,國賓影城@高雄大魯閣草衙道,高雄市前鎮區中山四路100號3樓,16:30
1/2的魔法,06/25,國賓影城@高雄大魯閣草衙道,高雄市前鎮區中山四路100號3樓,17:20
1/2的魔法,06/25,國賓影城@高雄義大世界,高雄市大樹區學城路一段12號3樓,13:20
1/2的魔法,06/25,國賓影城@高雄義大世界,高雄市大樹區學城路一段12號3樓,15:20
1/2的魔法,06/25,國賓影城@高雄義大世界,高雄市大樹區學城路一段12號3樓,17:20
72小時前哨救援,06/24,國賓大戲院,台北市成都路88號,10:40
72小時前哨救援,06/24,國賓大戲院,台北市成都路88號,14:40
72小時前哨救援,06/24,國賓大戲院,台北市成都路88號,19:10
72小時前哨救援,06/24,國賓大戲院,台北市成都路88號,21:40
72小時前哨救援,06/24,國賓影城@中和環球購物中心,新北市中和區中山路三段122號4樓,11:10
72小時前哨救援,06/24,國賓影城@中和環球購物中心,新北市中和區中山路三段122號4樓,14:30
72小時前哨救援,06/24,國賓影城@中和環球購物中心,新北市中和區中山路三段122號4樓,16:50
72小時前哨救援,06/24,國賓影城@中和環球購物中心,新北市中和區中山路三段122號4樓,19:10
72小時前哨救援,06/24,國賓影城@中和環球購物中心,新北市中和區中山路三段122號4樓,21:30
72小時前哨救援,06/24,國賓影城@八德廣豐新天地,桃園市八德區介壽路一段728號,13:20
72小時前哨救援,06/24,國賓影城@八德廣豐新天地,桃園市八德區介壽路一段728號,15:40
72小時前哨救援,06/24,國賓影城@八德廣豐新天地,桃園市八德區介壽路一段728號,18:00
72小時前哨救援,06/24,國賓影城@八德廣豐新天地,桃園市八德區介壽路一段728號,20:20
72小時前哨救援,06/24,國賓影城@八德廣豐新天地,桃園市八德區介壽路一段728號,21:30
72小時前哨救援,06/24,國賓影城@台北微風廣場,台北市復興南路一段39號7樓,14:30
72小時前哨救援,06/24,國賓影城@台北微風廣場,台北市復興南路一段39號7樓,16:50
72小時前哨救援,06/24,國賓影城@台北微風廣場,台北市復興南路一段39號7樓,19:10
72小時前哨救援,06/24,國賓影城@台北微風廣場,台北市復興南路一段39號7樓,21:30
72小時前哨救援,06/24,國賓影城@台北長春廣場,台北市中山區長春路176號,14:30
72小時前哨救援,06/24,國賓影城@台北長春廣場,台北市中山區長春路176號,16:50
72小時前哨救援,06/24,國賓影城@台北長春廣場,台北市中山區長春路176號,19:10
72小時前哨救援,06/24,國賓影城@台北長春廣場,台北市中山區長春路176號,21:10
72小時前哨救援,06/24,國賓影城@台南國賓廣場,台南市中華東路一段66號,13:40
72小時前哨救援,06/24,國賓影城@台南國賓廣場,台南市中華東路一段66號,15:50
72小時前哨救援,06/24,國賓影城@台南國賓廣場,台南市中華東路一段66號,17:50
72小時前哨救援,06/24,國賓影城@台南國賓廣場,台南市中華東路一段66號,19:00
72小時前哨救援,06/24,國賓影城@台南國賓廣場,台南市中華東路一段66號,20:00
72小時前哨救援,06/24,國賓影城@台南國賓廣場,台南市中華東路一段66號,21:20
72小時前哨救援,06/24,國賓影城@台南國賓廣場,台南市中華東路一段66號,22:00
72小時前哨救援,06/24,國賓影城@屏東環球購物中心,屏東市仁愛路90號6樓,12:20
72小時前哨救援,06/24,國賓影城@屏東環球購物中心,屏東市仁愛路90號6樓,14:40
72小時前哨救援,06/24,國賓影城@屏東環球購物中心,屏東市仁愛路90號6樓,17:00
72小時前哨救援,06/24,國賓影城@屏東環球購物中心,屏東市仁愛路90號6樓,19:20
72小時前哨救援,06/24,國賓影城@屏東環球購物中心,屏東市仁愛路90號6樓,20:30
72小時前哨救援,06/24,國賓影城@屏東環球購物中心,屏東市仁愛路90號6樓,21:40
72小時前哨救援,06/24,國賓影城@新莊晶冠廣場,新北市新莊區五工路66號3樓,13:00
72小時前哨救援,06/24,國賓影城@新莊晶冠廣場,新北市新莊區五工路66號3樓,15:20
72小時前哨救援,06/24,國賓影城@新莊晶冠廣場,新北市新莊區五工路66號3樓,17:40
72小時前哨救援,06/24,國賓影城@新莊晶冠廣場,新北市新莊區五工路66號3樓,20:00
72小時前哨救援,06/24,國賓影城@新莊晶冠廣場,新北市新莊區五工路66號3樓,21:50
72小時前哨救援,06/24,國賓影城@林口昕境廣場,新北市林口區文化三路一段402巷2號4F,14:20
72小時前哨救援,06/24,國賓影城@林口昕境廣場,新北市林口區文化三路一段402巷2號4F,16:40
72小時前哨救援,06/24,國賓影城@林口昕境廣場,新北市林口區文化三路一段402巷2號4F,19:00
72小時前哨救援,06/24,國賓影城@林口昕境廣場,新北市林口區文化三路一段402巷2號4F,21:20
72小時前哨救援,06/24,國賓影城@淡水禮萊廣場,新北市淡水區中正路一段2號,13:10
72小時前哨救援,06/24,國賓影城@淡水禮萊廣場,新北市淡水區中正路一段2號,15:30
72小時前哨救援,06/24,國賓影城@淡水禮萊廣場,新北市淡水區中正路一段2號,17:50
72小時前哨救援,06/24,國賓影城@淡水禮萊廣場,新北市淡水區中正路一段2號,20:10
72小時前哨救援,06/24,國賓影城@淡水禮萊廣場,新北市淡水區中正路一段2號,21:20
72小時前哨救援,06/24,國賓影城@金門昇恆昌金湖廣場,金門縣金湖鎮太湖路二段198號6樓,14:30
72小時前哨救援,06/24,國賓影城@金門昇恆昌金湖廣場,金門縣金湖鎮太湖路二段198號6樓,15:30
72小時前哨救援,06/24,國賓影城@金門昇恆昌金湖廣場,金門縣金湖鎮太湖路二段198號6樓,17:50
72小時前哨救援,06/24,國賓影城@高雄大魯閣草衙道,高雄市前鎮區中山四路100號3樓,13:30
72小時前哨救援,06/24,國賓影城@高雄大魯閣草衙道,高雄市前鎮區中山四路100號3樓,15:50
72小時前哨救援,06/24,國賓影城@高雄大魯閣草衙道,高雄市前鎮區中山四路100號3樓,18:10
72小時前哨救援,06/24,國賓影城@高雄大魯閣草衙道,高雄市前鎮區中山四路100號3樓,19:00
72小時前哨救援,06/24,國賓影城@高雄大魯閣草衙道,高雄市前鎮區中山四路100號3樓,20:30
72小時前哨救援,06/24,國賓影城@高雄大魯閣草衙道,高雄市前鎮區中山四路100號3樓,21:20
72小時前哨救援,06/24,國賓影城@高雄義大世界,高雄市大樹區學城路一段12號3樓,13:30
72小時前哨救援,06/24,國賓影城@高雄義大世界,高雄市大樹區學城路一段12號3樓,14:20
72小時前哨救援,06/24,國賓影城@高雄義大世界,高雄市大樹區學城路一段12號3樓,15:50
72小時前哨救援,06/24,國賓影城@高雄義大世界,高雄市大樹區學城路一段12號3樓,16:40
72小時前哨救援,06/24,國賓影城@高雄義大世界,高雄市大樹區學城路一段12號3樓,18:10
72小時前哨救援,06/24,國賓影城@高雄義大世界,高雄市大樹區學城路一段12號3樓,19:00
72小時前哨救援,06/24,國賓影城@高雄義大世界,高雄市大樹區學城路一段12號3樓,20:30
72小時前哨救援,06/24,國賓影城@高雄義大世界,高雄市大樹區學城路一段12號3樓,21:20
72小時前哨救援,06/25,國賓大戲院,台北市成都路88號,10:40
72小時前哨救援,06/25,國賓大戲院,台北市成都路88號,12:40
72小時前哨救援,06/25,國賓大戲院,台北市成都路88號,15:10
72小時前哨救援,06/25,國賓大戲院,台北市成都路88號,17:10
72小時前哨救援,06/25,國賓大戲院,台北市成都路88號,19:15
72小時前哨救援,06/25,國賓大戲院,台北市成都路88號,21:40
72小時前哨救援,06/25,國賓影城@中和環球購物中心,新北市中和區中山路三段122號4樓,11:10
72小時前哨救援,06/25,國賓影城@中和環球購物中心,新北市中和區中山路三段122號4樓,14:30
72小時前哨救援,06/25,國賓影城@中和環球購物中心,新北市中和區中山路三段122號4樓,16:50
72小時前哨救援,06/25,國賓影城@中和環球購物中心,新北市中和區中山路三段122號4樓,19:10
72小時前哨救援,06/25,國賓影城@中和環球購物中心,新北市中和區中山路三段122號4樓,21:30
72小時前哨救援,06/25,國賓影城@八德廣豐新天地,桃園市八德區介壽路一段728號,13:20
72小時前哨救援,06/25,國賓影城@八德廣豐新天地,桃園市八德區介壽路一段728號,15:40
72小時前哨救援,06/25,國賓影城@八德廣豐新天地,桃園市八德區介壽路一段728號,18:00
72小時前哨救援,06/25,國賓影城@八德廣豐新天地,桃園市八德區介壽路一段728號,20:20
72小時前哨救援,06/25,國賓影城@八德廣豐新天地,桃園市八德區介壽路一段728號,21:30
72小時前哨救援,06/25,國賓影城@台北微風廣場,台北市復興南路一段39號7樓,14:30
72小時前哨救援,06/25,國賓影城@台北微風廣場,台北市復興南路一段39號7樓,16:50
72小時前哨救援,06/25,國賓影城@台北微風廣場,台北市復興南路一段39號7樓,19:10
72小時前哨救援,06/25,國賓影城@台北微風廣場,台北市復興南路一段39號7樓,21:30
72小時前哨救援,06/25,國賓影城@台北長春廣場,台北市中山區長春路176號,14:30
72小時前哨救援,06/25,國賓影城@台北長春廣場,台北市中山區長春路176號,16:50
72小時前哨救援,06/25,國賓影城@台北長春廣場,台北市中山區長春路176號,19:10
72小時前哨救援,06/25,國賓影城@台北長春廣場,台北市中山區長春路176號,21:10
72小時前哨救援,06/25,國賓影城@台南國賓廣場,台南市中華東路一段66號,13:40
72小時前哨救援,06/25,國賓影城@台南國賓廣場,台南市中華東路一段66號,15:50
72小時前哨救援,06/25,國賓影城@台南國賓廣場,台南市中華東路一段66號,17:50
72小時前哨救援,06/25,國賓影城@台南國賓廣場,台南市中華東路一段66號,19:00
72小時前哨救援,06/25,國賓影城@台南國賓廣場,台南市中華東路一段66號,20:00
72小時前哨救援,06/25,國賓影城@台南國賓廣場,台南市中華東路一段66號,21:20
72小時前哨救援,06/25,國賓影城@台南國賓廣場,台南市中華東路一段66號,22:00
72小時前哨救援,06/25,國賓影城@屏東環球購物中心,屏東市仁愛路90號6樓,12:20
72小時前哨救援,06/25,國賓影城@屏東環球購物中心,屏東市仁愛路90號6樓,14:40
72小時前哨救援,06/25,國賓影城@屏東環球購物中心,屏東市仁愛路90號6樓,17:00
72小時前哨救援,06/25,國賓影城@屏東環球購物中心,屏東市仁愛路90號6樓,19:20
72小時前哨救援,06/25,國賓影城@屏東環球購物中心,屏東市仁愛路90號6樓,20:30
72小時前哨救援,06/25,國賓影城@屏東環球購物中心,屏東市仁愛路90號6樓,21:40
72小時前哨救援,06/25,國賓影城@新莊晶冠廣場,新北市新莊區五工路66號3樓,13:00
72小時前哨救援,06/25,國賓影城@新莊晶冠廣場,新北市新莊區五工路66號3樓,15:20
72小時前哨救援,06/25,國賓影城@新莊晶冠廣場,新北市新莊區五工路66號3樓,17:40
72小時前哨救援,06/25,國賓影城@新莊晶冠廣場,新北市新莊區五工路66號3樓,20:00
72小時前哨救援,06/25,國賓影城@新莊晶冠廣場,新北市新莊區五工路66號3樓,21:50
72小時前哨救援,06/25,國賓影城@林口昕境廣場,新北市林口區文化三路一段402巷2號4F,14:20
72小時前哨救援,06/25,國賓影城@林口昕境廣場,新北市林口區文化三路一段402巷2號4F,16:40
72小時前哨救援,06/25,國賓影城@林口昕境廣場,新北市林口區文化三路一段402巷2號4F,19:00
72小時前哨救援,06/25,國賓影城@林口昕境廣場,新北市林口區文化三路一段402巷2號4F,21:20
72小時前哨救援,06/25,國賓影城@淡水禮萊廣場,新北市淡水區中正路一段2號,13:10
72小時前哨救援,06/25,國賓影城@淡水禮萊廣場,新北市淡水區中正路一段2號,15:30
72小時前哨救援,06/25,國賓影城@淡水禮萊廣場,新北市淡水區中正路一段2號,17:50
72小時前哨救援,06/25,國賓影城@淡水禮萊廣場,新北市淡水區中正路一段2號,20:10
72小時前哨救援,06/25,國賓影城@淡水禮萊廣場,新北市淡水區中正路一段2號,21:20
72小時前哨救援,06/25,國賓影城@金門昇恆昌金湖廣場,金門縣金湖鎮太湖路二段198號6樓,14:30
72小時前哨救援,06/25,國賓影城@金門昇恆昌金湖廣場,金門縣金湖鎮太湖路二段198號6樓,15:30
72小時前哨救援,06/25,國賓影城@金門昇恆昌金湖廣場,金門縣金湖鎮太湖路二段198號6樓,17:50
72小時前哨救援,06/25,國賓影城@高雄大魯閣草衙道,高雄市前鎮區中山四路100號3樓,13:30
72小時前哨救援,06/25,國賓影城@高雄大魯閣草衙道,高雄市前鎮區中山四路100號3樓,15:50
72小時前哨救援,06/25,國賓影城@高雄大魯閣草衙道,高雄市前鎮區中山四路100號3樓,18:10
72小時前哨救援,06/25,國賓影城@高雄大魯閣草衙道,高雄市前鎮區中山四路100號3樓,19:00
72小時前哨救援,06/25,國賓影城@高雄大魯閣草衙道,高雄市前鎮區中山四路100號3樓,20:30
72小時前哨救援,06/25,國賓影城@高雄大魯閣草衙道,高雄市前鎮區中山四路100號3樓,21:20
72小時前哨救援,06/25,國賓影城@高雄義大世界,高雄市大樹區學城路一段12號3樓,13:30
72小時前哨救援,06/25,國賓影城@高雄義大世界,高雄市大樹區學城路一段12號3樓,14:20
72小時前哨救援,06/25,國賓影城@高雄義大世界,高雄市大樹區學城路一段12號3樓,15:50
72小時前哨救援,06/25,國賓影城@高雄義大世界,高雄市大樹區學城路一段12號3樓,16:40
72小時前哨救援,06/25,國賓影城@高雄義大世界,高雄市大樹區學城路一段12號3樓,18:10
72小時前哨救援,06/25,國賓影城@高雄義大世界,高雄市大樹區學城路一段12號3樓,19:00
72小時前哨救援,06/25,國賓影城@高雄義大世界,高雄市大樹區學城路一段12號3樓,20:30
72小時前哨救援,06/25,國賓影城@高雄義大世界,高雄市大樹區學城路一段12號3樓,21:20
72小時前哨救援,06/26,國賓大戲院,台北市成都路88號,12:40
72小時前哨救援,06/26,國賓大戲院,台北市成都路88號,17:10
72小時前哨救援,06/27,國賓大戲院,台北市成都路88號,12:40
72小時前哨救援,06/27,國賓大戲院,台北市成都路88號,17:10
72小時前哨救援,06/28,國賓大戲院,台北市成都路88號,12:40
72小時前哨救援,06/28,國賓大戲院,台北市成都路88號,17:10
北非諜影,06/20,國賓大戲院,台北市成都路88號,16:30
北非諜影,06/20,國賓大戲院,台北市成都路88號,20:30
北非諜影,06/20,國賓影城@中和環球購物中心,新北市中和區中山路三段122號4樓,18:10
北非諜影,06/20,國賓影城@八德廣豐新天地,桃園市八德區介壽路一段728號,14:30
北非諜影,06/20,國賓影城@台北微風廣場,台北市復興南路一段39號7樓,14:30
北非諜影,06/20,國賓影城@台北長春廣場,台北市中山區長春路176號,13:20
北非諜影,06/20,國賓影城@台北長春廣場,台北市中山區長春路176號,17:25
北非諜影,06/20,國賓影城@台南國賓廣場,台南市中華東路一段66號,18:00
北非諜影,06/20,國賓影城@新莊晶冠廣場,新北市新莊區五工路66號3樓,14:40
北非諜影,06/20,國賓影城@林口昕境廣場,新北市林口區文化三路一段402巷2號4F,14:10
北非諜影,06/20,國賓影城@淡水禮萊廣場,新北市淡水區中正路一段2號,17:40
北非諜影,06/20,國賓影城@高雄大魯閣草衙道,高雄市前鎮區中山四路100號3樓,14:00
北非諜影,06/20,國賓影城@高雄義大世界,高雄市大樹區學城路一段12號3樓,19:30
北非諜影,06/21,國賓大戲院,台北市成都路88號,16:30
北非諜影,06/21,國賓大戲院,台北市成都路88號,20:30
北非諜影,06/21,國賓影城@中和環球購物中心,新北市中和區中山路三段122號4樓,18:10
北非諜影,06/21,國賓影城@八德廣豐新天地,桃園市八德區介壽路一段728號,14:30
北非諜影,06/21,國賓影城@台北微風廣場,台北市復興南路一段39號7樓,14:30
北非諜影,06/21,國賓影城@台北長春廣場,台北市中山區長春路176號,13:20
北非諜影,06/21,國賓影城@台北長春廣場,台北市中山區長春路176號,17:25
北非諜影,06/21,國賓影城@台南國賓廣場,台南市中華東路一段66號,18:00
北非諜影,06/21,國賓影城@新莊晶冠廣場,新北市新莊區五工路66號3樓,14:40
北非諜影,06/21,國賓影城@林口昕境廣場,新北市林口區文化三路一段402巷2號4F,14:10
北非諜影,06/21,國賓影城@淡水禮萊廣場,新北市淡水區中正路一段2號,17:40
北非諜影,06/21,國賓影城@高雄大魯閣草衙道,高雄市前鎮區中山四路100號3樓,14:00
北非諜影,06/21,國賓影城@高雄義大世界,高雄市大樹區學城路一段12號3樓,19:30
北非諜影,06/22,國賓大戲院,台北市成都路88號,13:00
北非諜影,06/22,國賓影城@中和環球購物中心,新北市中和區中山路三段122號4樓,13:20
北非諜影,06/22,國賓影城@八德廣豐新天地,桃園市八德區介壽路一段728號,14:30
北非諜影,06/22,國賓影城@台北微風廣場,台北市復興南路一段39號7樓,14:30
北非諜影,06/22,國賓影城@台北長春廣場,台北市中山區長春路176號,13:20
北非諜影,06/22,國賓影城@台北長春廣場,台北市中山區長春路176號,17:25
北非諜影,06/22,國賓影城@台南國賓廣場,台南市中華東路一段66號,18:00
北非諜影,06/22,國賓影城@新莊晶冠廣場,新北市新莊區五工路66號3樓,14:40
北非諜影,06/22,國賓影城@林口昕境廣場,新北市林口區文化三路一段402巷2號4F,14:10
北非諜影,06/22,國賓影城@淡水禮萊廣場,新北市淡水區中正路一段2號,17:40
北非諜影,06/22,國賓影城@高雄大魯閣草衙道,高雄市前鎮區中山四路100號3樓,14:00
北非諜影,06/22,國賓影城@高雄義大世界,高雄市大樹區學城路一段12號3樓,19:30
北非諜影,06/23,國賓大戲院,台北市成都路88號,13:00
北非諜影,06/23,國賓影城@中和環球購物中心,新北市中和區中山路三段122號4樓,13:20
北非諜影,06/23,國賓影城@八德廣豐新天地,桃園市八德區介壽路一段728號,14:30
北非諜影,06/23,國賓影城@台北微風廣場,台北市復興南路一段39號7樓,14:30
北非諜影,06/23,國賓影城@台北長春廣場,台北市中山區長春路176號,13:20
北非諜影,06/23,國賓影城@台北長春廣場,台北市中山區長春路176號,17:25
北非諜影,06/23,國賓影城@台南國賓廣場,台南市中華東路一段66號,18:00
北非諜影,06/23,國賓影城@新莊晶冠廣場,新北市新莊區五工路66號3樓,14:40
北非諜影,06/23,國賓影城@林口昕境廣場,新北市林口區文化三路一段402巷2號4F,14:10
北非諜影,06/23,國賓影城@淡水禮萊廣場,新北市淡水區中正路一段2號,17:40
北非諜影,06/23,國賓影城@高雄大魯閣草衙道,高雄市前鎮區中山四路100號3樓,14:00
北非諜影,06/23,國賓影城@高雄義大世界,高雄市大樹區學城路一段12號3樓,19:30
北非諜影,06/24,國賓大戲院,台北市成都路88號,13:00
北非諜影,06/24,國賓影城@中和環球購物中心,新北市中和區中山路三段122號4樓,13:30
北非諜影,06/24,國賓影城@八德廣豐新天地,桃園市八德區介壽路一段728號,14:10
北非諜影,06/24,國賓影城@台北微風廣場,台北市復興南路一段39號7樓,14:30
北非諜影,06/24,國賓影城@台北長春廣場,台北市中山區長春路176號,13:20
北非諜影,06/24,國賓影城@台北長春廣場,台北市中山區長春路176號,17:25
北非諜影,06/24,國賓影城@台南國賓廣場,台南市中華東路一段66號,18:00
北非諜影,06/24,國賓影城@新莊晶冠廣場,新北市新莊區五工路66號3樓,14:30
北非諜影,06/24,國賓影城@林口昕境廣場,新北市林口區文化三路一段402巷2號4F,14:10
北非諜影,06/24,國賓影城@淡水禮萊廣場,新北市淡水區中正路一段2號,16:50
北非諜影,06/24,國賓影城@高雄大魯閣草衙道,高雄市前鎮區中山四路100號3樓,14:30
北非諜影,06/24,國賓影城@高雄義大世界,高雄市大樹區學城路一段12號3樓,16:20
北非諜影,06/25,國賓影城@中和環球購物中心,新北市中和區中山路三段122號4樓,13:40
北非諜影,06/25,國賓影城@八德廣豐新天地,桃園市八德區介壽路一段728號,14:10
北非諜影,06/25,國賓影城@台北微風廣場,台北市復興南路一段39號7樓,18:45
北非諜影,06/25,國賓影城@台北長春廣場,台北市中山區長春路176號,13:20
北非諜影,06/25,國賓影城@台北長春廣場,台北市中山區長春路176號,17:25
北非諜影,06/25,國賓影城@台南國賓廣場,台南市中華東路一段66號,15:30
北非諜影,06/25,國賓影城@新莊晶冠廣場,新北市新莊區五工路66號3樓,15:05
北非諜影,06/25,國賓影城@林口昕境廣場,新北市林口區文化三路一段402巷2號4F,13:20
北非諜影,06/25,國賓影城@淡水禮萊廣場,新北市淡水區中正路一段2號,16:50
北非諜影,06/25,國賓影城@高雄大魯閣草衙道,高雄市前鎮區中山四路100號3樓,14:30
北非諜影,06/25,國賓影城@高雄義大世界,高雄市大樹區學城路一段12號3樓,16:20
大娛樂家,06/25,國賓影城@中和環球購物中心,新北市中和區中山路三段122號4樓,18:20
大娛樂家,06/25,國賓影城@八德廣豐新天地,桃園市八德區介壽路一段728號,16:10
大娛樂家,06/25,國賓影城@台北微風廣場,台北市復興南路一段39號7樓,17:20
大娛樂家,06/25,國賓影城@台北長春廣場,台北市中山區長春路176號,13:20
大娛樂家,06/25,國賓影城@台南國賓廣場,台南市中華東路一段66號,17:30
大娛樂家,06/25,國賓影城@新莊晶冠廣場,新北市新莊區五工路66號3樓,16:10
大娛樂家,06/25,國賓影城@林口昕境廣場,新北市林口區文化三路一段402巷2號4F,15:20
大娛樂家,06/25,國賓影城@淡水禮萊廣場,新北市淡水區中正路一段2號,14:50
大娛樂家,06/25,國賓影城@高雄大魯閣草衙道,高雄市前鎮區中山四路100號3樓,21:00
大娛樂家,06/25,國賓影城@高雄義大世界,高雄市大樹區學城路一段12號3樓,21:00
天后小助理,06/24,國賓大戲院,台北市成都路88號,10:30
天后小助理,06/24,國賓大戲院,台北市成都路88號,15:00
天后小助理,06/24,國賓大戲院,台北市成都路88號,17:00
天后小助理,06/24,國賓大戲院,台北市成都路88號,19:30
天后小助理,06/24,國賓大戲院,台北市成都路88號,21:30
天后小助理,06/24,國賓影城@中和環球購物中心,新北市中和區中山路三段122號4樓,13:00
天后小助理,06/24,國賓影城@中和環球購物中心,新北市中和區中山路三段122號4樓,15:10
天后小助理,06/24,國賓影城@中和環球購物中心,新北市中和區中山路三段122號4樓,17:20
天后小助理,06/24,國賓影城@中和環球購物中心,新北市中和區中山路三段122號4樓,19:30
天后小助理,06/24,國賓影城@中和環球購物中心,新北市中和區中山路三段122號4樓,21:40
天后小助理,06/24,國賓影城@八德廣豐新天地,桃園市八德區介壽路一段728號,13:00
天后小助理,06/24,國賓影城@八德廣豐新天地,桃園市八德區介壽路一段728號,15:10
天后小助理,06/24,國賓影城@八德廣豐新天地,桃園市八德區介壽路一段728號,17:20
天后小助理,06/24,國賓影城@八德廣豐新天地,桃園市八德區介壽路一段728號,19:30
天后小助理,06/24,國賓影城@八德廣豐新天地,桃園市八德區介壽路一段728號,21:40
天后小助理,06/24,國賓影城@台北微風廣場,台北市復興南路一段39號7樓,13:40
天后小助理,06/24,國賓影城@台北微風廣場,台北市復興南路一段39號7樓,15:50
天后小助理,06/24,國賓影城@台北微風廣場,台北市復興南路一段39號7樓,18:00
天后小助理,06/24,國賓影城@台北微風廣場,台北市復興南路一段39號7樓,20:10
天后小助理,06/24,國賓影城@台北長春廣場,台北市中山區長春路176號,13:20
天后小助理,06/24,國賓影城@台北長春廣場,台北市中山區長春路176號,15:30
天后小助理,06/24,國賓影城@台北長春廣場,台北市中山區長春路176號,17:40
天后小助理,06/24,國賓影城@台北長春廣場,台北市中山區長春路176號,19:50
天后小助理,06/24,國賓影城@台北長春廣場,台北市中山區長春路176號,21:20
天后小助理,06/24,國賓影城@台南國賓廣場,台南市中華東路一段66號,13:30
天后小助理,06/24,國賓影城@台南國賓廣場,台南市中華東路一段66號,15:35
天后小助理,06/24,國賓影城@台南國賓廣場,台南市中華東路一段66號,17:40
天后小助理,06/24,國賓影城@台南國賓廣場,台南市中華東路一段66號,18:50
天后小助理,06/24,國賓影城@台南國賓廣場,台南市中華東路一段66號,19:45
天后小助理,06/24,國賓影城@台南國賓廣場,台南市中華東路一段66號,21:00
天后小助理,06/24,國賓影城@台南國賓廣場,台南市中華東路一段66號,21:50
天后小助理,06/24,國賓影城@屏東環球購物中心,屏東市仁愛路90號6樓,13:30
天后小助理,06/24,國賓影城@屏東環球購物中心,屏東市仁愛路90號6樓,15:40
天后小助理,06/24,國賓影城@屏東環球購物中心,屏東市仁愛路90號6樓,17:50
天后小助理,06/24,國賓影城@屏東環球購物中心,屏東市仁愛路90號6樓,19:00
天后小助理,06/24,國賓影城@屏東環球購物中心,屏東市仁愛路90號6樓,20:00
天后小助理,06/24,國賓影城@屏東環球購物中心,屏東市仁愛路90號6樓,21:10
天后小助理,06/24,國賓影城@新莊晶冠廣場,新北市新莊區五工路66號3樓,13:20
天后小助理,06/24,國賓影城@新莊晶冠廣場,新北市新莊區五工路66號3樓,15:25
天后小助理,06/24,國賓影城@新莊晶冠廣場,新北市新莊區五工路66號3樓,17:30
天后小助理,06/24,國賓影城@新莊晶冠廣場,新北市新莊區五工路66號3樓,19:35
天后小助理,06/24,國賓影城@新莊晶冠廣場,新北市新莊區五工路66號3樓,21:40
天后小助理,06/24,國賓影城@林口昕境廣場,新北市林口區文化三路一段402巷2號4F,13:40
天后小助理,06/24,國賓影城@林口昕境廣場,新北市林口區文化三路一段402巷2號4F,15:50
天后小助理,06/24,國賓影城@林口昕境廣場,新北市林口區文化三路一段402巷2號4F,18:00
天后小助理,06/24,國賓影城@林口昕境廣場,新北市林口區文化三路一段402巷2號4F,20:10
天后小助理,06/24,國賓影城@淡水禮萊廣場,新北市淡水區中正路一段2號,13:50
天后小助理,06/24,國賓影城@淡水禮萊廣場,新北市淡水區中正路一段2號,16:00
天后小助理,06/24,國賓影城@淡水禮萊廣場,新北市淡水區中正路一段2號,18:10
天后小助理,06/24,國賓影城@淡水禮萊廣場,新北市淡水區中正路一段2號,20:20
天后小助理,06/24,國賓影城@金門昇恆昌金湖廣場,金門縣金湖鎮太湖路二段198號6樓,14:40
天后小助理,06/24,國賓影城@金門昇恆昌金湖廣場,金門縣金湖鎮太湖路二段198號6樓,16:45
天后小助理,06/24,國賓影城@金門昇恆昌金湖廣場,金門縣金湖鎮太湖路二段198號6樓,18:50
天后小助理,06/24,國賓影城@高雄大魯閣草衙道,高雄市前鎮區中山四路100號3樓,14:10
天后小助理,06/24,國賓影城@高雄大魯閣草衙道,高雄市前鎮區中山四路100號3樓,16:20
天后小助理,06/24,國賓影城@高雄大魯閣草衙道,高雄市前鎮區中山四路100號3樓,18:30
天后小助理,06/24,國賓影城@高雄大魯閣草衙道,高雄市前鎮區中山四路100號3樓,19:20
天后小助理,06/24,國賓影城@高雄大魯閣草衙道,高雄市前鎮區中山四路100號3樓,20:40
天后小助理,06/24,國賓影城@高雄大魯閣草衙道,高雄市前鎮區中山四路100號3樓,21:30
天后小助理,06/24,國賓影城@高雄義大世界,高雄市大樹區學城路一段12號3樓,14:00
天后小助理,06/24,國賓影城@高雄義大世界,高雄市大樹區學城路一段12號3樓,16:10
天后小助理,06/24,國賓影城@高雄義大世界,高雄市大樹區學城路一段12號3樓,18:20
天后小助理,06/24,國賓影城@高雄義大世界,高雄市大樹區學城路一段12號3樓,19:20
天后小助理,06/24,國賓影城@高雄義大世界,高雄市大樹區學城路一段12號3樓,20:30
天后小助理,06/24,國賓影城@高雄義大世界,高雄市大樹區學城路一段12號3樓,21:30
天后小助理,06/25,國賓大戲院,台北市成都路88號,10:30
天后小助理,06/25,國賓大戲院,台北市成都路88號,13:00
天后小助理,06/25,國賓大戲院,台北市成都路88號,15:00
天后小助理,06/25,國賓大戲院,台北市成都路88號,16:50
天后小助理,06/25,國賓大戲院,台北市成都路88號,19:30
天后小助理,06/25,國賓大戲院,台北市成都路88號,21:30
天后小助理,06/25,國賓影城@中和環球購物中心,新北市中和區中山路三段122號4樓,13:00
天后小助理,06/25,國賓影城@中和環球購物中心,新北市中和區中山路三段122號4樓,15:10
天后小助理,06/25,國賓影城@中和環球購物中心,新北市中和區中山路三段122號4樓,17:20
天后小助理,06/25,國賓影城@中和環球購物中心,新北市中和區中山路三段122號4樓,19:30
天后小助理,06/25,國賓影城@中和環球購物中心,新北市中和區中山路三段122號4樓,21:40
天后小助理,06/25,國賓影城@八德廣豐新天地,桃園市八德區介壽路一段728號,13:00
天后小助理,06/25,國賓影城@八德廣豐新天地,桃園市八德區介壽路一段728號,15:10
天后小助理,06/25,國賓影城@八德廣豐新天地,桃園市八德區介壽路一段728號,17:20
天后小助理,06/25,國賓影城@八德廣豐新天地,桃園市八德區介壽路一段728號,19:30
天后小助理,06/25,國賓影城@八德廣豐新天地,桃園市八德區介壽路一段728號,21:40
天后小助理,06/25,國賓影城@台北微風廣場,台北市復興南路一段39號7樓,13:40
天后小助理,06/25,國賓影城@台北微風廣場,台北市復興南路一段39號7樓,15:50
天后小助理,06/25,國賓影城@台北微風廣場,台北市復興南路一段39號7樓,18:00
天后小助理,06/25,國賓影城@台北微風廣場,台北市復興南路一段39號7樓,20:10
天后小助理,06/25,國賓影城@台北長春廣場,台北市中山區長春路176號,13:20
天后小助理,06/25,國賓影城@台北長春廣場,台北市中山區長春路176號,15:30
天后小助理,06/25,國賓影城@台北長春廣場,台北市中山區長春路176號,17:40
天后小助理,06/25,國賓影城@台北長春廣場,台北市中山區長春路176號,19:50
天后小助理,06/25,國賓影城@台北長春廣場,台北市中山區長春路176號,21:20
天后小助理,06/25,國賓影城@台南國賓廣場,台南市中華東路一段66號,13:30
天后小助理,06/25,國賓影城@台南國賓廣場,台南市中華東路一段66號,15:35
天后小助理,06/25,國賓影城@台南國賓廣場,台南市中華東路一段66號,17:40
天后小助理,06/25,國賓影城@台南國賓廣場,台南市中華東路一段66號,18:50
天后小助理,06/25,國賓影城@台南國賓廣場,台南市中華東路一段66號,19:45
天后小助理,06/25,國賓影城@台南國賓廣場,台南市中華東路一段66號,21:00
天后小助理,06/25,國賓影城@台南國賓廣場,台南市中華東路一段66號,21:50
天后小助理,06/25,國賓影城@屏東環球購物中心,屏東市仁愛路90號6樓,13:30
天后小助理,06/25,國賓影城@屏東環球購物中心,屏東市仁愛路90號6樓,15:40
天后小助理,06/25,國賓影城@屏東環球購物中心,屏東市仁愛路90號6樓,17:50
天后小助理,06/25,國賓影城@屏東環球購物中心,屏東市仁愛路90號6樓,19:00
天后小助理,06/25,國賓影城@屏東環球購物中心,屏東市仁愛路90號6樓,20:00
天后小助理,06/25,國賓影城@屏東環球購物中心,屏東市仁愛路90號6樓,21:10
天后小助理,06/25,國賓影城@新莊晶冠廣場,新北市新莊區五工路66號3樓,13:20
天后小助理,06/25,國賓影城@新莊晶冠廣場,新北市新莊區五工路66號3樓,15:25
天后小助理,06/25,國賓影城@新莊晶冠廣場,新北市新莊區五工路66號3樓,17:30
天后小助理,06/25,國賓影城@新莊晶冠廣場,新北市新莊區五工路66號3樓,19:35
天后小助理,06/25,國賓影城@新莊晶冠廣場,新北市新莊區五工路66號3樓,21:40
天后小助理,06/25,國賓影城@林口昕境廣場,新北市林口區文化三路一段402巷2號4F,13:40
天后小助理,06/25,國賓影城@林口昕境廣場,新北市林口區文化三路一段402巷2號4F,15:50
天后小助理,06/25,國賓影城@林口昕境廣場,新北市林口區文化三路一段402巷2號4F,18:00
天后小助理,06/25,國賓影城@林口昕境廣場,新北市林口區文化三路一段402巷2號4F,20:10
天后小助理,06/25,國賓影城@淡水禮萊廣場,新北市淡水區中正路一段2號,13:50
天后小助理,06/25,國賓影城@淡水禮萊廣場,新北市淡水區中正路一段2號,16:00
天后小助理,06/25,國賓影城@淡水禮萊廣場,新北市淡水區中正路一段2號,18:10
天后小助理,06/25,國賓影城@淡水禮萊廣場,新北市淡水區中正路一段2號,20:20
天后小助理,06/25,國賓影城@金門昇恆昌金湖廣場,金門縣金湖鎮太湖路二段198號6樓,14:40
天后小助理,06/25,國賓影城@金門昇恆昌金湖廣場,金門縣金湖鎮太湖路二段198號6樓,16:45
天后小助理,06/25,國賓影城@金門昇恆昌金湖廣場,金門縣金湖鎮太湖路二段198號6樓,18:50
天后小助理,06/25,國賓影城@高雄大魯閣草衙道,高雄市前鎮區中山四路100號3樓,14:10
天后小助理,06/25,國賓影城@高雄大魯閣草衙道,高雄市前鎮區中山四路100號3樓,16:20
天后小助理,06/25,國賓影城@高雄大魯閣草衙道,高雄市前鎮區中山四路100號3樓,18:30
天后小助理,06/25,國賓影城@高雄大魯閣草衙道,高雄市前鎮區中山四路100號3樓,19:20
天后小助理,06/25,國賓影城@高雄大魯閣草衙道,高雄市前鎮區中山四路100號3樓,20:40
天后小助理,06/25,國賓影城@高雄大魯閣草衙道,高雄市前鎮區中山四路100號3樓,21:30
天后小助理,06/25,國賓影城@高雄義大世界,高雄市大樹區學城路一段12號3樓,14:00
天后小助理,06/25,國賓影城@高雄義大世界,高雄市大樹區學城路一段12號3樓,16:10
天后小助理,06/25,國賓影城@高雄義大世界,高雄市大樹區學城路一段12號3樓,18:20
天后小助理,06/25,國賓影城@高雄義大世界,高雄市大樹區學城路一段12號3樓,19:20
天后小助理,06/25,國賓影城@高雄義大世界,高雄市大樹區學城路一段12號3樓,20:30
天后小助理,06/25,國賓影城@高雄義大世界,高雄市大樹區學城路一段12號3樓,21:30
天后小助理,06/26,國賓大戲院,台北市成都路88號,10:30
天后小助理,06/26,國賓大戲院,台北市成都路88號,15:00
天后小助理,06/27,國賓大戲院,台北市成都路88號,10:30
天后小助理,06/27,國賓大戲院,台北市成都路88號,15:00
天后小助理,06/28,國賓大戲院,台北市成都路88號,10:30
天后小助理,06/28,國賓大戲院,台北市成都路88號,15:00
婚姻大崩壞,06/20,國賓影城@中和環球購物中心,新北市中和區中山路三段122號4樓,16:40
婚姻大崩壞,06/20,國賓影城@八德廣豐新天地,桃園市八德區介壽路一段728號,16:30
婚姻大崩壞,06/20,國賓影城@台北微風廣場,台北市復興南路一段39號7樓,16:30
婚姻大崩壞,06/20,國賓影城@台北長春廣場,台北市中山區長春路176號,14:30
婚姻大崩壞,06/20,國賓影城@台北長春廣場,台北市中山區長春路176號,18:30
婚姻大崩壞,06/20,國賓影城@台南國賓廣場,台南市中華東路一段66號,19:40
婚姻大崩壞,06/20,國賓影城@新莊晶冠廣場,新北市新莊區五工路66號3樓,19:00
婚姻大崩壞,06/20,國賓影城@林口昕境廣場,新北市林口區文化三路一段402巷2號4F,16:10
婚姻大崩壞,06/20,國賓影城@淡水禮萊廣場,新北市淡水區中正路一段2號,13:30
婚姻大崩壞,06/20,國賓影城@高雄大魯閣草衙道,高雄市前鎮區中山四路100號3樓,16:30
婚姻大崩壞,06/20,國賓影城@高雄義大世界,高雄市大樹區學城路一段12號3樓,16:20
婚姻大崩壞,06/21,國賓影城@中和環球購物中心,新北市中和區中山路三段122號4樓,16:40
婚姻大崩壞,06/21,國賓影城@八德廣豐新天地,桃園市八德區介壽路一段728號,16:30
婚姻大崩壞,06/21,國賓影城@台北微風廣場,台北市復興南路一段39號7樓,16:30
婚姻大崩壞,06/21,國賓影城@台北長春廣場,台北市中山區長春路176號,14:30
婚姻大崩壞,06/21,國賓影城@台北長春廣場,台北市中山區長春路176號,18:30
婚姻大崩壞,06/21,國賓影城@台南國賓廣場,台南市中華東路一段66號,19:40
婚姻大崩壞,06/21,國賓影城@新莊晶冠廣場,新北市新莊區五工路66號3樓,19:00
婚姻大崩壞,06/21,國賓影城@林口昕境廣場,新北市林口區文化三路一段402巷2號4F,16:10
婚姻大崩壞,06/21,國賓影城@淡水禮萊廣場,新北市淡水區中正路一段2號,13:30
婚姻大崩壞,06/21,國賓影城@高雄大魯閣草衙道,高雄市前鎮區中山四路100號3樓,16:30
婚姻大崩壞,06/21,國賓影城@高雄義大世界,高雄市大樹區學城路一段12號3樓,16:20
婚姻大崩壞,06/22,國賓影城@中和環球購物中心,新北市中和區中山路三段122號4樓,16:40
婚姻大崩壞,06/22,國賓影城@八德廣豐新天地,桃園市八德區介壽路一段728號,16:30
婚姻大崩壞,06/22,國賓影城@台北微風廣場,台北市復興南路一段39號7樓,16:30
婚姻大崩壞,06/22,國賓影城@台北長春廣場,台北市中山區長春路176號,14:30
婚姻大崩壞,06/22,國賓影城@台北長春廣場,台北市中山區長春路176號,18:30
婚姻大崩壞,06/22,國賓影城@台南國賓廣場,台南市中華東路一段66號,19:40
婚姻大崩壞,06/22,國賓影城@新莊晶冠廣場,新北市新莊區五工路66號3樓,19:00
婚姻大崩壞,06/22,國賓影城@林口昕境廣場,新北市林口區文化三路一段402巷2號4F,16:10
婚姻大崩壞,06/22,國賓影城@淡水禮萊廣場,新北市淡水區中正路一段2號,13:30
婚姻大崩壞,06/22,國賓影城@高雄大魯閣草衙道,高雄市前鎮區中山四路100號3樓,16:30
婚姻大崩壞,06/22,國賓影城@高雄義大世界,高雄市大樹區學城路一段12號3樓,16:20
婚姻大崩壞,06/23,國賓影城@中和環球購物中心,新北市中和區中山路三段122號4樓,16:40
婚姻大崩壞,06/23,國賓影城@八德廣豐新天地,桃園市八德區介壽路一段728號,16:30
婚姻大崩壞,06/23,國賓影城@台北微風廣場,台北市復興南路一段39號7樓,16:30
婚姻大崩壞,06/23,國賓影城@台北長春廣場,台北市中山區長春路176號,14:30
婚姻大崩壞,06/23,國賓影城@台北長春廣場,台北市中山區長春路176號,18:30
婚姻大崩壞,06/23,國賓影城@台南國賓廣場,台南市中華東路一段66號,19:40
婚姻大崩壞,06/23,國賓影城@新莊晶冠廣場,新北市新莊區五工路66號3樓,19:00
婚姻大崩壞,06/23,國賓影城@林口昕境廣場,新北市林口區文化三路一段402巷2號4F,16:10
婚姻大崩壞,06/23,國賓影城@淡水禮萊廣場,新北市淡水區中正路一段2號,13:30
婚姻大崩壞,06/23,國賓影城@高雄大魯閣草衙道,高雄市前鎮區中山四路100號3樓,16:30
婚姻大崩壞,06/23,國賓影城@高雄義大世界,高雄市大樹區學城路一段12號3樓,16:20
婚姻大崩壞,06/24,國賓影城@中和環球購物中心,新北市中和區中山路三段122號4樓,16:30
婚姻大崩壞,06/24,國賓影城@台北微風廣場,台北市復興南路一段39號7樓,16:30
婚姻大崩壞,06/24,國賓影城@台北長春廣場,台北市中山區長春路176號,14:00
婚姻大崩壞,06/24,國賓影城@台北長春廣場,台北市中山區長春路176號,17:35
婚姻大崩壞,06/24,國賓影城@新莊晶冠廣場,新北市新莊區五工路66號3樓,18:30
婚姻大崩壞,06/24,國賓影城@林口昕境廣場,新北市林口區文化三路一段402巷2號4F,16:10
婚姻大崩壞,06/25,國賓影城@台北長春廣場,台北市中山區長春路176號,13:40
弒婚遊戲,06/20,國賓影城@中和環球購物中心,新北市中和區中山路三段122號4樓,18:30
弒婚遊戲,06/20,國賓影城@八德廣豐新天地,桃園市八德區介壽路一段728號,18:10
弒婚遊戲,06/20,國賓影城@台北微風廣場,台北市復興南路一段39號7樓,18:20
弒婚遊戲,06/20,國賓影城@台北長春廣場,台北市中山區長春路176號,17:40
弒婚遊戲,06/20,國賓影城@台南國賓廣場,台南市中華東路一段66號,21:40
弒婚遊戲,06/20,國賓影城@屏東環球購物中心,屏東市仁愛路90號6樓,21:20
弒婚遊戲,06/20,國賓影城@新莊晶冠廣場,新北市新莊區五工路66號3樓,16:50
弒婚遊戲,06/20,國賓影城@林口昕境廣場,新北市林口區文化三路一段402巷2號4F,17:50
弒婚遊戲,06/20,國賓影城@淡水禮萊廣場,新北市淡水區中正路一段2號,17:20
弒婚遊戲,06/20,國賓影城@高雄大魯閣草衙道,高雄市前鎮區中山四路100號3樓,21:20
弒婚遊戲,06/20,國賓影城@高雄義大世界,高雄市大樹區學城路一段12號3樓,21:30
弒婚遊戲,06/21,國賓影城@中和環球購物中心,新北市中和區中山路三段122號4樓,18:30
弒婚遊戲,06/21,國賓影城@八德廣豐新天地,桃園市八德區介壽路一段728號,18:10
弒婚遊戲,06/21,國賓影城@台北微風廣場,台北市復興南路一段39號7樓,18:20
弒婚遊戲,06/21,國賓影城@台北長春廣場,台北市中山區長春路176號,17:40
弒婚遊戲,06/21,國賓影城@台南國賓廣場,台南市中華東路一段66號,21:40
弒婚遊戲,06/21,國賓影城@屏東環球購物中心,屏東市仁愛路90號6樓,21:20
弒婚遊戲,06/21,國賓影城@新莊晶冠廣場,新北市新莊區五工路66號3樓,16:50
弒婚遊戲,06/21,國賓影城@林口昕境廣場,新北市林口區文化三路一段402巷2號4F,17:50
弒婚遊戲,06/21,國賓影城@淡水禮萊廣場,新北市淡水區中正路一段2號,17:20
弒婚遊戲,06/21,國賓影城@高雄大魯閣草衙道,高雄市前鎮區中山四路100號3樓,21:20
弒婚遊戲,06/21,國賓影城@高雄義大世界,高雄市大樹區學城路一段12號3樓,21:30
弒婚遊戲,06/22,國賓影城@中和環球購物中心,新北市中和區中山路三段122號4樓,18:30
弒婚遊戲,06/22,國賓影城@八德廣豐新天地,桃園市八德區介壽路一段728號,18:10
弒婚遊戲,06/22,國賓影城@台北微風廣場,台北市復興南路一段39號7樓,18:20
弒婚遊戲,06/22,國賓影城@台北長春廣場,台北市中山區長春路176號,17:40
弒婚遊戲,06/22,國賓影城@台南國賓廣場,台南市中華東路一段66號,21:40
弒婚遊戲,06/22,國賓影城@屏東環球購物中心,屏東市仁愛路90號6樓,21:20
弒婚遊戲,06/22,國賓影城@新莊晶冠廣場,新北市新莊區五工路66號3樓,16:50
弒婚遊戲,06/22,國賓影城@林口昕境廣場,新北市林口區文化三路一段402巷2號4F,17:50
弒婚遊戲,06/22,國賓影城@淡水禮萊廣場,新北市淡水區中正路一段2號,17:20
弒婚遊戲,06/22,國賓影城@高雄大魯閣草衙道,高雄市前鎮區中山四路100號3樓,21:20
弒婚遊戲,06/22,國賓影城@高雄義大世界,高雄市大樹區學城路一段12號3樓,21:30
弒婚遊戲,06/23,國賓影城@中和環球購物中心,新北市中和區中山路三段122號4樓,18:30
弒婚遊戲,06/23,國賓影城@八德廣豐新天地,桃園市八德區介壽路一段728號,18:10
弒婚遊戲,06/23,國賓影城@台北微風廣場,台北市復興南路一段39號7樓,18:20
弒婚遊戲,06/23,國賓影城@台北長春廣場,台北市中山區長春路176號,17:40
弒婚遊戲,06/23,國賓影城@台南國賓廣場,台南市中華東路一段66號,21:40
弒婚遊戲,06/23,國賓影城@屏東環球購物中心,屏東市仁愛路90號6樓,21:20
弒婚遊戲,06/23,國賓影城@新莊晶冠廣場,新北市新莊區五工路66號3樓,16:50
弒婚遊戲,06/23,國賓影城@林口昕境廣場,新北市林口區文化三路一段402巷2號4F,17:50
弒婚遊戲,06/23,國賓影城@淡水禮萊廣場,新北市淡水區中正路一段2號,17:20
弒婚遊戲,06/23,國賓影城@高雄大魯閣草衙道,高雄市前鎮區中山四路100號3樓,21:20
弒婚遊戲,06/23,國賓影城@高雄義大世界,高雄市大樹區學城路一段12號3樓,21:30
弒婚遊戲,06/24,國賓影城@中和環球購物中心,新北市中和區中山路三段122號4樓,18:20
弒婚遊戲,06/24,國賓影城@台北微風廣場,台北市復興南路一段39號7樓,18:20
弒婚遊戲,06/24,國賓影城@台北長春廣場,台北市中山區長春路176號,13:30
弒婚遊戲,06/24,國賓影城@林口昕境廣場,新北市林口區文化三路一段402巷2號4F,17:50
彼得漢德克：我在森林，晚一點到,06/20,國賓影城@台北長春廣場,台北市中山區長春路176號,14:00
彼得漢德克：我在森林，晚一點到,06/20,國賓影城@台北長春廣場,台北市中山區長春路176號,18:30
彼得漢德克：我在森林，晚一點到,06/21,國賓影城@台北長春廣場,台北市中山區長春路176號,14:00
彼得漢德克：我在森林，晚一點到,06/21,國賓影城@台北長春廣場,台北市中山區長春路176號,18:30
彼得漢德克：我在森林，晚一點到,06/22,國賓影城@台北長春廣場,台北市中山區長春路176號,14:00
彼得漢德克：我在森林，晚一點到,06/22,國賓影城@台北長春廣場,台北市中山區長春路176號,18:30
彼得漢德克：我在森林，晚一點到,06/23,國賓影城@台北長春廣場,台北市中山區長春路176號,14:00
彼得漢德克：我在森林，晚一點到,06/23,國賓影城@台北長春廣場,台北市中山區長春路176號,18:30
彼得漢德克：我在森林，晚一點到,06/24,國賓影城@台北長春廣場,台北市中山區長春路176號,13:50
彼得漢德克：我在森林，晚一點到,06/24,國賓影城@台北長春廣場,台北市中山區長春路176號,17:20
彼得漢德克：我在森林，晚一點到,06/25,國賓影城@台北長春廣場,台北市中山區長春路176號,13:50
彼得漢德克：我在森林，晚一點到,06/25,國賓影城@台北長春廣場,台北市中山區長春路176號,17:20
惡棍英雄：死侍,06/20,國賓影城@中和環球購物中心,新北市中和區中山路三段122號4樓,15:40
惡棍英雄：死侍,06/20,國賓影城@中和環球購物中心,新北市中和區中山路三段122號4樓,20:30
惡棍英雄：死侍,06/20,國賓影城@八德廣豐新天地,桃園市八德區介壽路一段728號,13:20
惡棍英雄：死侍,06/20,國賓影城@八德廣豐新天地,桃園市八德區介壽路一段728號,18:00
惡棍英雄：死侍,06/20,國賓影城@八德廣豐新天地,桃園市八德區介壽路一段728號,21:20
惡棍英雄：死侍,06/20,國賓影城@台北微風廣場,台北市復興南路一段39號7樓,13:10
惡棍英雄：死侍,06/20,國賓影城@台北微風廣場,台北市復興南路一段39號7樓,17:15
惡棍英雄：死侍,06/20,國賓影城@台北長春廣場,台北市中山區長春路176號,14:10
惡棍英雄：死侍,06/20,國賓影城@台北長春廣場,台北市中山區長春路176號,18:30
惡棍英雄：死侍,06/20,國賓影城@台南國賓廣場,台南市中華東路一段66號,17:00
惡棍英雄：死侍,06/20,國賓影城@台南國賓廣場,台南市中華東路一段66號,21:50
惡棍英雄：死侍,06/20,國賓影城@屏東環球購物中心,屏東市仁愛路90號6樓,16:00
惡棍英雄：死侍,06/20,國賓影城@屏東環球購物中心,屏東市仁愛路90號6樓,20:30
惡棍英雄：死侍,06/20,國賓影城@新莊晶冠廣場,新北市新莊區五工路66號3樓,16:40
惡棍英雄：死侍,06/20,國賓影城@新莊晶冠廣場,新北市新莊區五工路66號3樓,21:20
惡棍英雄：死侍,06/20,國賓影城@林口昕境廣場,新北市林口區文化三路一段402巷2號4F,16:00
惡棍英雄：死侍,06/20,國賓影城@林口昕境廣場,新北市林口區文化三路一段402巷2號4F,20:40
惡棍英雄：死侍,06/20,國賓影城@淡水禮萊廣場,新北市淡水區中正路一段2號,16:00
惡棍英雄：死侍,06/20,國賓影城@淡水禮萊廣場,新北市淡水區中正路一段2號,20:40
惡棍英雄：死侍,06/20,國賓影城@高雄大魯閣草衙道,高雄市前鎮區中山四路100號3樓,17:20
惡棍英雄：死侍,06/20,國賓影城@高雄大魯閣草衙道,高雄市前鎮區中山四路100號3樓,19:00
惡棍英雄：死侍,06/20,國賓影城@高雄義大世界,高雄市大樹區學城路一段12號3樓,19:00
惡棍英雄：死侍,06/20,國賓影城@高雄義大世界,高雄市大樹區學城路一段12號3樓,20:40
惡棍英雄：死侍,06/21,國賓影城@中和環球購物中心,新北市中和區中山路三段122號4樓,15:40
惡棍英雄：死侍,06/21,國賓影城@中和環球購物中心,新北市中和區中山路三段122號4樓,20:30
惡棍英雄：死侍,06/21,國賓影城@八德廣豐新天地,桃園市八德區介壽路一段728號,13:20
惡棍英雄：死侍,06/21,國賓影城@八德廣豐新天地,桃園市八德區介壽路一段728號,18:00
惡棍英雄：死侍,06/21,國賓影城@八德廣豐新天地,桃園市八德區介壽路一段728號,21:20
惡棍英雄：死侍,06/21,國賓影城@台北微風廣場,台北市復興南路一段39號7樓,13:10
惡棍英雄：死侍,06/21,國賓影城@台北微風廣場,台北市復興南路一段39號7樓,17:15
惡棍英雄：死侍,06/21,國賓影城@台北長春廣場,台北市中山區長春路176號,14:10
惡棍英雄：死侍,06/21,國賓影城@台北長春廣場,台北市中山區長春路176號,18:30
惡棍英雄：死侍,06/21,國賓影城@台南國賓廣場,台南市中華東路一段66號,17:00
惡棍英雄：死侍,06/21,國賓影城@台南國賓廣場,台南市中華東路一段66號,21:50
惡棍英雄：死侍,06/21,國賓影城@屏東環球購物中心,屏東市仁愛路90號6樓,16:00
惡棍英雄：死侍,06/21,國賓影城@屏東環球購物中心,屏東市仁愛路90號6樓,20:30
惡棍英雄：死侍,06/21,國賓影城@新莊晶冠廣場,新北市新莊區五工路66號3樓,16:40
惡棍英雄：死侍,06/21,國賓影城@新莊晶冠廣場,新北市新莊區五工路66號3樓,21:20
惡棍英雄：死侍,06/21,國賓影城@林口昕境廣場,新北市林口區文化三路一段402巷2號4F,16:00
惡棍英雄：死侍,06/21,國賓影城@林口昕境廣場,新北市林口區文化三路一段402巷2號4F,20:40
惡棍英雄：死侍,06/21,國賓影城@淡水禮萊廣場,新北市淡水區中正路一段2號,16:00
惡棍英雄：死侍,06/21,國賓影城@淡水禮萊廣場,新北市淡水區中正路一段2號,20:40
惡棍英雄：死侍,06/21,國賓影城@高雄大魯閣草衙道,高雄市前鎮區中山四路100號3樓,17:20
惡棍英雄：死侍,06/21,國賓影城@高雄大魯閣草衙道,高雄市前鎮區中山四路100號3樓,19:00
惡棍英雄：死侍,06/21,國賓影城@高雄義大世界,高雄市大樹區學城路一段12號3樓,19:00
惡棍英雄：死侍,06/21,國賓影城@高雄義大世界,高雄市大樹區學城路一段12號3樓,20:40
惡棍英雄：死侍,06/22,國賓影城@中和環球購物中心,新北市中和區中山路三段122號4樓,15:40
惡棍英雄：死侍,06/22,國賓影城@中和環球購物中心,新北市中和區中山路三段122號4樓,20:30
惡棍英雄：死侍,06/22,國賓影城@八德廣豐新天地,桃園市八德區介壽路一段728號,16:00
惡棍英雄：死侍,06/22,國賓影城@八德廣豐新天地,桃園市八德區介壽路一段728號,20:40
惡棍英雄：死侍,06/22,國賓影城@台北微風廣場,台北市復興南路一段39號7樓,13:10
惡棍英雄：死侍,06/22,國賓影城@台北微風廣場,台北市復興南路一段39號7樓,17:15
惡棍英雄：死侍,06/22,國賓影城@台北長春廣場,台北市中山區長春路176號,14:10
惡棍英雄：死侍,06/22,國賓影城@台北長春廣場,台北市中山區長春路176號,18:30
惡棍英雄：死侍,06/22,國賓影城@台南國賓廣場,台南市中華東路一段66號,17:00
惡棍英雄：死侍,06/22,國賓影城@台南國賓廣場,台南市中華東路一段66號,21:50
惡棍英雄：死侍,06/22,國賓影城@屏東環球購物中心,屏東市仁愛路90號6樓,16:00
惡棍英雄：死侍,06/22,國賓影城@屏東環球購物中心,屏東市仁愛路90號6樓,20:30
惡棍英雄：死侍,06/22,國賓影城@新莊晶冠廣場,新北市新莊區五工路66號3樓,16:40
惡棍英雄：死侍,06/22,國賓影城@新莊晶冠廣場,新北市新莊區五工路66號3樓,21:20
惡棍英雄：死侍,06/22,國賓影城@林口昕境廣場,新北市林口區文化三路一段402巷2號4F,16:00
惡棍英雄：死侍,06/22,國賓影城@林口昕境廣場,新北市林口區文化三路一段402巷2號4F,20:40
惡棍英雄：死侍,06/22,國賓影城@淡水禮萊廣場,新北市淡水區中正路一段2號,16:00
惡棍英雄：死侍,06/22,國賓影城@淡水禮萊廣場,新北市淡水區中正路一段2號,20:40
惡棍英雄：死侍,06/22,國賓影城@高雄大魯閣草衙道,高雄市前鎮區中山四路100號3樓,17:20
惡棍英雄：死侍,06/22,國賓影城@高雄大魯閣草衙道,高雄市前鎮區中山四路100號3樓,19:00
惡棍英雄：死侍,06/22,國賓影城@高雄義大世界,高雄市大樹區學城路一段12號3樓,19:00
惡棍英雄：死侍,06/22,國賓影城@高雄義大世界,高雄市大樹區學城路一段12號3樓,20:40
惡棍英雄：死侍,06/23,國賓影城@中和環球購物中心,新北市中和區中山路三段122號4樓,15:40
惡棍英雄：死侍,06/23,國賓影城@中和環球購物中心,新北市中和區中山路三段122號4樓,20:30
惡棍英雄：死侍,06/23,國賓影城@八德廣豐新天地,桃園市八德區介壽路一段728號,16:00
惡棍英雄：死侍,06/23,國賓影城@八德廣豐新天地,桃園市八德區介壽路一段728號,20:40
惡棍英雄：死侍,06/23,國賓影城@台北微風廣場,台北市復興南路一段39號7樓,13:10
惡棍英雄：死侍,06/23,國賓影城@台北微風廣場,台北市復興南路一段39號7樓,17:15
惡棍英雄：死侍,06/23,國賓影城@台北長春廣場,台北市中山區長春路176號,14:10
惡棍英雄：死侍,06/23,國賓影城@台北長春廣場,台北市中山區長春路176號,18:30
惡棍英雄：死侍,06/23,國賓影城@台南國賓廣場,台南市中華東路一段66號,17:00
惡棍英雄：死侍,06/23,國賓影城@台南國賓廣場,台南市中華東路一段66號,21:50
惡棍英雄：死侍,06/23,國賓影城@屏東環球購物中心,屏東市仁愛路90號6樓,16:00
惡棍英雄：死侍,06/23,國賓影城@屏東環球購物中心,屏東市仁愛路90號6樓,20:30
惡棍英雄：死侍,06/23,國賓影城@新莊晶冠廣場,新北市新莊區五工路66號3樓,16:40
惡棍英雄：死侍,06/23,國賓影城@新莊晶冠廣場,新北市新莊區五工路66號3樓,21:20
惡棍英雄：死侍,06/23,國賓影城@林口昕境廣場,新北市林口區文化三路一段402巷2號4F,16:00
惡棍英雄：死侍,06/23,國賓影城@林口昕境廣場,新北市林口區文化三路一段402巷2號4F,20:40
惡棍英雄：死侍,06/23,國賓影城@淡水禮萊廣場,新北市淡水區中正路一段2號,16:00
惡棍英雄：死侍,06/23,國賓影城@淡水禮萊廣場,新北市淡水區中正路一段2號,20:40
惡棍英雄：死侍,06/23,國賓影城@高雄大魯閣草衙道,高雄市前鎮區中山四路100號3樓,17:20
惡棍英雄：死侍,06/23,國賓影城@高雄大魯閣草衙道,高雄市前鎮區中山四路100號3樓,19:00
惡棍英雄：死侍,06/23,國賓影城@高雄義大世界,高雄市大樹區學城路一段12號3樓,19:00
惡棍英雄：死侍,06/23,國賓影城@高雄義大世界,高雄市大樹區學城路一段12號3樓,20:40
惡棍英雄：死侍,06/24,國賓影城@中和環球購物中心,新北市中和區中山路三段122號4樓,20:10
惡棍英雄：死侍,06/24,國賓影城@八德廣豐新天地,桃園市八德區介壽路一段728號,17:30
惡棍英雄：死侍,06/24,國賓影城@台北微風廣場,台北市復興南路一段39號7樓,17:20
惡棍英雄：死侍,06/24,國賓影城@台北長春廣場,台北市中山區長春路176號,13:30
惡棍英雄：死侍,06/24,國賓影城@台南國賓廣場,台南市中華東路一段66號,21:50
惡棍英雄：死侍,06/24,國賓影城@屏東環球購物中心,屏東市仁愛路90號6樓,19:20
惡棍英雄：死侍,06/24,國賓影城@新莊晶冠廣場,新北市新莊區五工路66號3樓,15:30
惡棍英雄：死侍,06/24,國賓影城@林口昕境廣場,新北市林口區文化三路一段402巷2號4F,20:50
惡棍英雄：死侍,06/24,國賓影城@淡水禮萊廣場,新北市淡水區中正路一段2號,17:00
惡棍英雄：死侍,06/24,國賓影城@高雄大魯閣草衙道,高雄市前鎮區中山四路100號3樓,17:40
惡棍英雄：死侍,06/24,國賓影城@高雄義大世界,高雄市大樹區學城路一段12號3樓,20:40
惡棍英雄：死侍,06/25,國賓影城@中和環球購物中心,新北市中和區中山路三段122號4樓,20:20
惡棍英雄：死侍,06/25,國賓影城@八德廣豐新天地,桃園市八德區介壽路一段728號,17:30
惡棍英雄：死侍,06/25,國賓影城@台北長春廣場,台北市中山區長春路176號,13:30
惡棍英雄：死侍,06/25,國賓影城@台南國賓廣場,台南市中華東路一段66號,22:00
惡棍英雄：死侍,06/25,國賓影城@屏東環球購物中心,屏東市仁愛路90號6樓,19:20
惡棍英雄：死侍,06/25,國賓影城@新莊晶冠廣場,新北市新莊區五工路66號3樓,14:10
惡棍英雄：死侍,06/25,國賓影城@林口昕境廣場,新北市林口區文化三路一段402巷2號4F,20:50
惡棍英雄：死侍,06/25,國賓影城@淡水禮萊廣場,新北市淡水區中正路一段2號,17:00
惡棍英雄：死侍,06/25,國賓影城@高雄大魯閣草衙道,高雄市前鎮區中山四路100號3樓,17:40
惡棍英雄：死侍,06/25,國賓影城@高雄義大世界,高雄市大樹區學城路一段12號3樓,20:40
慾望街車,06/25,國賓大戲院,台北市成都路88號,14:30
慾望街車,06/25,國賓大戲院,台北市成都路88號,19:00
慾望街車,06/25,國賓影城@台北微風廣場,台北市復興南路一段39號7樓,16:25
慾望街車,06/25,國賓影城@台北長春廣場,台北市中山區長春路176號,16:05
慾望街車,06/25,國賓影城@台北長春廣場,台北市中山區長春路176號,20:30
戀戀琴聲,06/20,國賓影城@台北長春廣場,台北市中山區長春路176號,15:50
戀戀琴聲,06/20,國賓影城@台北長春廣場,台北市中山區長春路176號,19:30
戀戀琴聲,06/21,國賓影城@台北長春廣場,台北市中山區長春路176號,15:50
戀戀琴聲,06/21,國賓影城@台北長春廣場,台北市中山區長春路176號,19:30
戀戀琴聲,06/22,國賓影城@台北長春廣場,台北市中山區長春路176號,15:50
戀戀琴聲,06/22,國賓影城@台北長春廣場,台北市中山區長春路176號,19:30
戀戀琴聲,06/23,國賓影城@台北長春廣場,台北市中山區長春路176號,15:50
戀戀琴聲,06/23,國賓影城@台北長春廣場,台北市中山區長春路176號,19:30
戀戀琴聲,06/24,國賓影城@台北長春廣場,台北市中山區長春路176號,15:20
戀戀琴聲,06/24,國賓影城@台北長春廣場,台北市中山區長春路176號,19:30
戀戀琴聲,06/25,國賓影城@台北長春廣場,台北市中山區長春路176號,15:20
戀戀琴聲,06/25,國賓影城@台北長春廣場,台北市中山區長春路176號,19:30
捕魔網,06/24,國賓影城@台北長春廣場,台北市中山區長春路176號,15:30
捕魔網,06/24,國賓影城@台北長春廣場,台北市中山區長春路176號,17:10
捕魔網,06/24,國賓影城@台北長春廣場,台北市中山區長春路176號,18:50
捕魔網,06/24,國賓影城@台北長春廣場,台北市中山區長春路176號,20:30
捕魔網,06/24,國賓影城@台南國賓廣場,台南市中華東路一段66號,15:30
捕魔網,06/24,國賓影城@台南國賓廣場,台南市中華東路一段66號,18:20
捕魔網,06/24,國賓影城@台南國賓廣場,台南市中華東路一段66號,20:10
捕魔網,06/24,國賓影城@新莊晶冠廣場,新北市新莊區五工路66號3樓,13:10
捕魔網,06/24,國賓影城@新莊晶冠廣場,新北市新莊區五工路66號3樓,16:50
捕魔網,06/24,國賓影城@新莊晶冠廣場,新北市新莊區五工路66號3樓,18:30
捕魔網,06/24,國賓影城@新莊晶冠廣場,新北市新莊區五工路66號3樓,20:10
捕魔網,06/24,國賓影城@新莊晶冠廣場,新北市新莊區五工路66號3樓,21:50
捕魔網,06/25,國賓影城@台北長春廣場,台北市中山區長春路176號,15:20
捕魔網,06/25,國賓影城@台北長春廣場,台北市中山區長春路176號,17:00
捕魔網,06/25,國賓影城@台北長春廣場,台北市中山區長春路176號,18:40
捕魔網,06/25,國賓影城@台北長春廣場,台北市中山區長春路176號,20:20
捕魔網,06/25,國賓影城@台南國賓廣場,台南市中華東路一段66號,16:20
捕魔網,06/25,國賓影城@台南國賓廣場,台南市中華東路一段66號,18:20
捕魔網,06/25,國賓影城@台南國賓廣場,台南市中華東路一段66號,20:10
捕魔網,06/25,國賓影城@新莊晶冠廣場,新北市新莊區五工路66號3樓,13:10
捕魔網,06/25,國賓影城@新莊晶冠廣場,新北市新莊區五工路66號3樓,16:50
捕魔網,06/25,國賓影城@新莊晶冠廣場,新北市新莊區五工路66號3樓,18:30
捕魔網,06/25,國賓影城@新莊晶冠廣場,新北市新莊區五工路66號3樓,20:10
捕魔網,06/25,國賓影城@新莊晶冠廣場,新北市新莊區五工路66號3樓,21:50
明信片謀殺案,06/20,國賓大戲院,台北市成都路88號,10:40
明信片謀殺案,06/20,國賓大戲院,台北市成都路88號,15:00
明信片謀殺案,06/20,國賓大戲院,台北市成都路88號,17:00
明信片謀殺案,06/20,國賓大戲院,台北市成都路88號,19:00
明信片謀殺案,06/20,國賓大戲院,台北市成都路88號,21:00
明信片謀殺案,06/20,國賓影城@中和環球購物中心,新北市中和區中山路三段122號4樓,13:30
明信片謀殺案,06/20,國賓影城@中和環球購物中心,新北市中和區中山路三段122號4樓,15:30
明信片謀殺案,06/20,國賓影城@中和環球購物中心,新北市中和區中山路三段122號4樓,17:30
明信片謀殺案,06/20,國賓影城@中和環球購物中心,新北市中和區中山路三段122號4樓,19:30
明信片謀殺案,06/20,國賓影城@中和環球購物中心,新北市中和區中山路三段122號4樓,21:30
明信片謀殺案,06/20,國賓影城@八德廣豐新天地,桃園市八德區介壽路一段728號,13:30
明信片謀殺案,06/20,國賓影城@八德廣豐新天地,桃園市八德區介壽路一段728號,15:30
明信片謀殺案,06/20,國賓影城@八德廣豐新天地,桃園市八德區介壽路一段728號,17:30
明信片謀殺案,06/20,國賓影城@八德廣豐新天地,桃園市八德區介壽路一段728號,19:30
明信片謀殺案,06/20,國賓影城@八德廣豐新天地,桃園市八德區介壽路一段728號,21:30
明信片謀殺案,06/20,國賓影城@台北微風廣場,台北市復興南路一段39號7樓,11:10
明信片謀殺案,06/20,國賓影城@台北微風廣場,台北市復興南路一段39號7樓,15:15
明信片謀殺案,06/20,國賓影城@台北微風廣場,台北市復興南路一段39號7樓,19:20
明信片謀殺案,06/20,國賓影城@台北微風廣場,台北市復興南路一段39號7樓,21:20
明信片謀殺案,06/20,國賓影城@台北長春廣場,台北市中山區長春路176號,13:30
明信片謀殺案,06/20,國賓影城@台北長春廣場,台北市中山區長春路176號,15:30
明信片謀殺案,06/20,國賓影城@台北長春廣場,台北市中山區長春路176號,17:30
明信片謀殺案,06/20,國賓影城@台北長春廣場,台北市中山區長春路176號,19:30
明信片謀殺案,06/20,國賓影城@台北長春廣場,台北市中山區長春路176號,21:30
明信片謀殺案,06/20,國賓影城@台南國賓廣場,台南市中華東路一段66號,13:30
明信片謀殺案,06/20,國賓影城@台南國賓廣場,台南市中華東路一段66號,17:30
明信片謀殺案,06/20,國賓影城@台南國賓廣場,台南市中華東路一段66號,19:30
明信片謀殺案,06/20,國賓影城@台南國賓廣場,台南市中華東路一段66號,21:30
明信片謀殺案,06/20,國賓影城@屏東環球購物中心,屏東市仁愛路90號6樓,12:50
明信片謀殺案,06/20,國賓影城@屏東環球購物中心,屏東市仁愛路90號6樓,16:50
明信片謀殺案,06/20,國賓影城@屏東環球購物中心,屏東市仁愛路90號6樓,18:50
明信片謀殺案,06/20,國賓影城@屏東環球購物中心,屏東市仁愛路90號6樓,20:50
明信片謀殺案,06/20,國賓影城@新莊晶冠廣場,新北市新莊區五工路66號3樓,13:50
明信片謀殺案,06/20,國賓影城@新莊晶冠廣場,新北市新莊區五工路66號3樓,15:45
明信片謀殺案,06/20,國賓影城@新莊晶冠廣場,新北市新莊區五工路66號3樓,17:40
明信片謀殺案,06/20,國賓影城@新莊晶冠廣場,新北市新莊區五工路66號3樓,19:35
明信片謀殺案,06/20,國賓影城@新莊晶冠廣場,新北市新莊區五工路66號3樓,21:30
明信片謀殺案,06/20,國賓影城@林口昕境廣場,新北市林口區文化三路一段402巷2號4F,13:20
明信片謀殺案,06/20,國賓影城@林口昕境廣場,新北市林口區文化三路一段402巷2號4F,17:10
明信片謀殺案,06/20,國賓影城@林口昕境廣場,新北市林口區文化三路一段402巷2號4F,19:10
明信片謀殺案,06/20,國賓影城@林口昕境廣場,新北市林口區文化三路一段402巷2號4F,21:10
明信片謀殺案,06/20,國賓影城@淡水禮萊廣場,新北市淡水區中正路一段2號,13:30
明信片謀殺案,06/20,國賓影城@淡水禮萊廣場,新北市淡水區中正路一段2號,15:10
明信片謀殺案,06/20,國賓影城@淡水禮萊廣場,新北市淡水區中正路一段2號,17:10
明信片謀殺案,06/20,國賓影城@淡水禮萊廣場,新北市淡水區中正路一段2號,19:10
明信片謀殺案,06/20,國賓影城@淡水禮萊廣場,新北市淡水區中正路一段2號,21:10
明信片謀殺案,06/20,國賓影城@金門昇恆昌金湖廣場,金門縣金湖鎮太湖路二段198號6樓,15:00
明信片謀殺案,06/20,國賓影城@金門昇恆昌金湖廣場,金門縣金湖鎮太湖路二段198號6樓,17:00
明信片謀殺案,06/20,國賓影城@金門昇恆昌金湖廣場,金門縣金湖鎮太湖路二段198號6樓,19:00
明信片謀殺案,06/20,國賓影城@高雄大魯閣草衙道,高雄市前鎮區中山四路100號3樓,14:10
明信片謀殺案,06/20,國賓影城@高雄大魯閣草衙道,高雄市前鎮區中山四路100號3樓,16:10
明信片謀殺案,06/20,國賓影城@高雄大魯閣草衙道,高雄市前鎮區中山四路100號3樓,18:10
明信片謀殺案,06/20,國賓影城@高雄大魯閣草衙道,高雄市前鎮區中山四路100號3樓,20:10
明信片謀殺案,06/20,國賓影城@高雄義大世界,高雄市大樹區學城路一段12號3樓,14:20
明信片謀殺案,06/20,國賓影城@高雄義大世界,高雄市大樹區學城路一段12號3樓,16:30
明信片謀殺案,06/20,國賓影城@高雄義大世界,高雄市大樹區學城路一段12號3樓,18:30
明信片謀殺案,06/20,國賓影城@高雄義大世界,高雄市大樹區學城路一段12號3樓,20:30
明信片謀殺案,06/21,國賓大戲院,台北市成都路88號,10:40
明信片謀殺案,06/21,國賓大戲院,台北市成都路88號,15:00
明信片謀殺案,06/21,國賓大戲院,台北市成都路88號,17:00
明信片謀殺案,06/21,國賓大戲院,台北市成都路88號,19:00
明信片謀殺案,06/21,國賓大戲院,台北市成都路88號,21:00
明信片謀殺案,06/21,國賓影城@中和環球購物中心,新北市中和區中山路三段122號4樓,13:30
明信片謀殺案,06/21,國賓影城@中和環球購物中心,新北市中和區中山路三段122號4樓,15:30
明信片謀殺案,06/21,國賓影城@中和環球購物中心,新北市中和區中山路三段122號4樓,17:30
明信片謀殺案,06/21,國賓影城@中和環球購物中心,新北市中和區中山路三段122號4樓,19:30
明信片謀殺案,06/21,國賓影城@中和環球購物中心,新北市中和區中山路三段122號4樓,21:30
明信片謀殺案,06/21,國賓影城@八德廣豐新天地,桃園市八德區介壽路一段728號,13:30
明信片謀殺案,06/21,國賓影城@八德廣豐新天地,桃園市八德區介壽路一段728號,15:30
明信片謀殺案,06/21,國賓影城@八德廣豐新天地,桃園市八德區介壽路一段728號,17:30
明信片謀殺案,06/21,國賓影城@八德廣豐新天地,桃園市八德區介壽路一段728號,19:30
明信片謀殺案,06/21,國賓影城@八德廣豐新天地,桃園市八德區介壽路一段728號,21:30
明信片謀殺案,06/21,國賓影城@台北微風廣場,台北市復興南路一段39號7樓,11:10
明信片謀殺案,06/21,國賓影城@台北微風廣場,台北市復興南路一段39號7樓,15:15
明信片謀殺案,06/21,國賓影城@台北微風廣場,台北市復興南路一段39號7樓,19:20
明信片謀殺案,06/21,國賓影城@台北微風廣場,台北市復興南路一段39號7樓,21:20
明信片謀殺案,06/21,國賓影城@台北長春廣場,台北市中山區長春路176號,13:30
明信片謀殺案,06/21,國賓影城@台北長春廣場,台北市中山區長春路176號,15:30
明信片謀殺案,06/21,國賓影城@台北長春廣場,台北市中山區長春路176號,17:30
明信片謀殺案,06/21,國賓影城@台北長春廣場,台北市中山區長春路176號,19:30
明信片謀殺案,06/21,國賓影城@台北長春廣場,台北市中山區長春路176號,21:30
明信片謀殺案,06/21,國賓影城@台南國賓廣場,台南市中華東路一段66號,13:30
明信片謀殺案,06/21,國賓影城@台南國賓廣場,台南市中華東路一段66號,17:30
明信片謀殺案,06/21,國賓影城@台南國賓廣場,台南市中華東路一段66號,19:30
明信片謀殺案,06/21,國賓影城@台南國賓廣場,台南市中華東路一段66號,21:30
明信片謀殺案,06/21,國賓影城@屏東環球購物中心,屏東市仁愛路90號6樓,12:50
明信片謀殺案,06/21,國賓影城@屏東環球購物中心,屏東市仁愛路90號6樓,16:50
明信片謀殺案,06/21,國賓影城@屏東環球購物中心,屏東市仁愛路90號6樓,18:50
明信片謀殺案,06/21,國賓影城@屏東環球購物中心,屏東市仁愛路90號6樓,20:50
明信片謀殺案,06/21,國賓影城@新莊晶冠廣場,新北市新莊區五工路66號3樓,13:50
明信片謀殺案,06/21,國賓影城@新莊晶冠廣場,新北市新莊區五工路66號3樓,15:45
明信片謀殺案,06/21,國賓影城@新莊晶冠廣場,新北市新莊區五工路66號3樓,17:40
明信片謀殺案,06/21,國賓影城@新莊晶冠廣場,新北市新莊區五工路66號3樓,19:35
明信片謀殺案,06/21,國賓影城@新莊晶冠廣場,新北市新莊區五工路66號3樓,21:30
明信片謀殺案,06/21,國賓影城@林口昕境廣場,新北市林口區文化三路一段402巷2號4F,13:20
明信片謀殺案,06/21,國賓影城@林口昕境廣場,新北市林口區文化三路一段402巷2號4F,17:10
明信片謀殺案,06/21,國賓影城@林口昕境廣場,新北市林口區文化三路一段402巷2號4F,19:10
明信片謀殺案,06/21,國賓影城@林口昕境廣場,新北市林口區文化三路一段402巷2號4F,21:10
明信片謀殺案,06/21,國賓影城@淡水禮萊廣場,新北市淡水區中正路一段2號,13:30
明信片謀殺案,06/21,國賓影城@淡水禮萊廣場,新北市淡水區中正路一段2號,15:10
明信片謀殺案,06/21,國賓影城@淡水禮萊廣場,新北市淡水區中正路一段2號,17:10
明信片謀殺案,06/21,國賓影城@淡水禮萊廣場,新北市淡水區中正路一段2號,19:10
明信片謀殺案,06/21,國賓影城@淡水禮萊廣場,新北市淡水區中正路一段2號,21:10
明信片謀殺案,06/21,國賓影城@金門昇恆昌金湖廣場,金門縣金湖鎮太湖路二段198號6樓,15:00
明信片謀殺案,06/21,國賓影城@金門昇恆昌金湖廣場,金門縣金湖鎮太湖路二段198號6樓,17:00
明信片謀殺案,06/21,國賓影城@金門昇恆昌金湖廣場,金門縣金湖鎮太湖路二段198號6樓,19:00
明信片謀殺案,06/21,國賓影城@高雄大魯閣草衙道,高雄市前鎮區中山四路100號3樓,14:10
明信片謀殺案,06/21,國賓影城@高雄大魯閣草衙道,高雄市前鎮區中山四路100號3樓,16:10
明信片謀殺案,06/21,國賓影城@高雄大魯閣草衙道,高雄市前鎮區中山四路100號3樓,18:10
明信片謀殺案,06/21,國賓影城@高雄大魯閣草衙道,高雄市前鎮區中山四路100號3樓,20:10
明信片謀殺案,06/21,國賓影城@高雄義大世界,高雄市大樹區學城路一段12號3樓,14:20
明信片謀殺案,06/21,國賓影城@高雄義大世界,高雄市大樹區學城路一段12號3樓,16:30
明信片謀殺案,06/21,國賓影城@高雄義大世界,高雄市大樹區學城路一段12號3樓,18:30
明信片謀殺案,06/21,國賓影城@高雄義大世界,高雄市大樹區學城路一段12號3樓,20:30
明信片謀殺案,06/22,國賓大戲院,台北市成都路88號,10:40
明信片謀殺案,06/22,國賓大戲院,台北市成都路88號,15:00
明信片謀殺案,06/22,國賓大戲院,台北市成都路88號,17:00
明信片謀殺案,06/22,國賓大戲院,台北市成都路88號,19:00
明信片謀殺案,06/22,國賓大戲院,台北市成都路88號,21:00
明信片謀殺案,06/22,國賓影城@中和環球購物中心,新北市中和區中山路三段122號4樓,13:30
明信片謀殺案,06/22,國賓影城@中和環球購物中心,新北市中和區中山路三段122號4樓,15:30
明信片謀殺案,06/22,國賓影城@中和環球購物中心,新北市中和區中山路三段122號4樓,17:30
明信片謀殺案,06/22,國賓影城@中和環球購物中心,新北市中和區中山路三段122號4樓,19:30
明信片謀殺案,06/22,國賓影城@中和環球購物中心,新北市中和區中山路三段122號4樓,21:30
明信片謀殺案,06/22,國賓影城@八德廣豐新天地,桃園市八德區介壽路一段728號,13:30
明信片謀殺案,06/22,國賓影城@八德廣豐新天地,桃園市八德區介壽路一段728號,15:30
明信片謀殺案,06/22,國賓影城@八德廣豐新天地,桃園市八德區介壽路一段728號,17:30
明信片謀殺案,06/22,國賓影城@八德廣豐新天地,桃園市八德區介壽路一段728號,19:30
明信片謀殺案,06/22,國賓影城@八德廣豐新天地,桃園市八德區介壽路一段728號,21:30
明信片謀殺案,06/22,國賓影城@台北微風廣場,台北市復興南路一段39號7樓,11:10
明信片謀殺案,06/22,國賓影城@台北微風廣場,台北市復興南路一段39號7樓,15:15
明信片謀殺案,06/22,國賓影城@台北微風廣場,台北市復興南路一段39號7樓,19:20
明信片謀殺案,06/22,國賓影城@台北微風廣場,台北市復興南路一段39號7樓,21:20
明信片謀殺案,06/22,國賓影城@台北長春廣場,台北市中山區長春路176號,13:30
明信片謀殺案,06/22,國賓影城@台北長春廣場,台北市中山區長春路176號,15:30
明信片謀殺案,06/22,國賓影城@台北長春廣場,台北市中山區長春路176號,17:30
明信片謀殺案,06/22,國賓影城@台北長春廣場,台北市中山區長春路176號,19:30
明信片謀殺案,06/22,國賓影城@台北長春廣場,台北市中山區長春路176號,21:30
明信片謀殺案,06/22,國賓影城@台南國賓廣場,台南市中華東路一段66號,13:30
明信片謀殺案,06/22,國賓影城@台南國賓廣場,台南市中華東路一段66號,17:30
明信片謀殺案,06/22,國賓影城@台南國賓廣場,台南市中華東路一段66號,19:30
明信片謀殺案,06/22,國賓影城@台南國賓廣場,台南市中華東路一段66號,21:30
明信片謀殺案,06/22,國賓影城@屏東環球購物中心,屏東市仁愛路90號6樓,12:50
明信片謀殺案,06/22,國賓影城@屏東環球購物中心,屏東市仁愛路90號6樓,16:50
明信片謀殺案,06/22,國賓影城@屏東環球購物中心,屏東市仁愛路90號6樓,18:50
明信片謀殺案,06/22,國賓影城@屏東環球購物中心,屏東市仁愛路90號6樓,20:50
明信片謀殺案,06/22,國賓影城@新莊晶冠廣場,新北市新莊區五工路66號3樓,13:50
明信片謀殺案,06/22,國賓影城@新莊晶冠廣場,新北市新莊區五工路66號3樓,15:45
明信片謀殺案,06/22,國賓影城@新莊晶冠廣場,新北市新莊區五工路66號3樓,17:40
明信片謀殺案,06/22,國賓影城@新莊晶冠廣場,新北市新莊區五工路66號3樓,19:35
明信片謀殺案,06/22,國賓影城@新莊晶冠廣場,新北市新莊區五工路66號3樓,21:30
明信片謀殺案,06/22,國賓影城@林口昕境廣場,新北市林口區文化三路一段402巷2號4F,13:20
明信片謀殺案,06/22,國賓影城@林口昕境廣場,新北市林口區文化三路一段402巷2號4F,17:10
明信片謀殺案,06/22,國賓影城@林口昕境廣場,新北市林口區文化三路一段402巷2號4F,19:10
明信片謀殺案,06/22,國賓影城@林口昕境廣場,新北市林口區文化三路一段402巷2號4F,21:10
明信片謀殺案,06/22,國賓影城@淡水禮萊廣場,新北市淡水區中正路一段2號,13:30
明信片謀殺案,06/22,國賓影城@淡水禮萊廣場,新北市淡水區中正路一段2號,15:10
明信片謀殺案,06/22,國賓影城@淡水禮萊廣場,新北市淡水區中正路一段2號,17:10
明信片謀殺案,06/22,國賓影城@淡水禮萊廣場,新北市淡水區中正路一段2號,19:10
明信片謀殺案,06/22,國賓影城@淡水禮萊廣場,新北市淡水區中正路一段2號,21:10
明信片謀殺案,06/22,國賓影城@金門昇恆昌金湖廣場,金門縣金湖鎮太湖路二段198號6樓,15:00
明信片謀殺案,06/22,國賓影城@金門昇恆昌金湖廣場,金門縣金湖鎮太湖路二段198號6樓,17:00
明信片謀殺案,06/22,國賓影城@金門昇恆昌金湖廣場,金門縣金湖鎮太湖路二段198號6樓,19:00
明信片謀殺案,06/22,國賓影城@高雄大魯閣草衙道,高雄市前鎮區中山四路100號3樓,14:10
明信片謀殺案,06/22,國賓影城@高雄大魯閣草衙道,高雄市前鎮區中山四路100號3樓,16:10
明信片謀殺案,06/22,國賓影城@高雄大魯閣草衙道,高雄市前鎮區中山四路100號3樓,18:10
明信片謀殺案,06/22,國賓影城@高雄大魯閣草衙道,高雄市前鎮區中山四路100號3樓,20:10
明信片謀殺案,06/22,國賓影城@高雄義大世界,高雄市大樹區學城路一段12號3樓,14:20
明信片謀殺案,06/22,國賓影城@高雄義大世界,高雄市大樹區學城路一段12號3樓,16:30
明信片謀殺案,06/22,國賓影城@高雄義大世界,高雄市大樹區學城路一段12號3樓,18:30
明信片謀殺案,06/22,國賓影城@高雄義大世界,高雄市大樹區學城路一段12號3樓,20:30
明信片謀殺案,06/23,國賓大戲院,台北市成都路88號,10:40
明信片謀殺案,06/23,國賓大戲院,台北市成都路88號,15:00
明信片謀殺案,06/23,國賓大戲院,台北市成都路88號,17:00
明信片謀殺案,06/23,國賓大戲院,台北市成都路88號,19:00
明信片謀殺案,06/23,國賓大戲院,台北市成都路88號,21:00
明信片謀殺案,06/23,國賓影城@中和環球購物中心,新北市中和區中山路三段122號4樓,13:30
明信片謀殺案,06/23,國賓影城@中和環球購物中心,新北市中和區中山路三段122號4樓,15:30
明信片謀殺案,06/23,國賓影城@中和環球購物中心,新北市中和區中山路三段122號4樓,17:30
明信片謀殺案,06/23,國賓影城@中和環球購物中心,新北市中和區中山路三段122號4樓,19:30
明信片謀殺案,06/23,國賓影城@中和環球購物中心,新北市中和區中山路三段122號4樓,21:30
明信片謀殺案,06/23,國賓影城@八德廣豐新天地,桃園市八德區介壽路一段728號,13:30
明信片謀殺案,06/23,國賓影城@八德廣豐新天地,桃園市八德區介壽路一段728號,15:30
明信片謀殺案,06/23,國賓影城@八德廣豐新天地,桃園市八德區介壽路一段728號,17:30
明信片謀殺案,06/23,國賓影城@八德廣豐新天地,桃園市八德區介壽路一段728號,19:30
明信片謀殺案,06/23,國賓影城@八德廣豐新天地,桃園市八德區介壽路一段728號,21:30
明信片謀殺案,06/23,國賓影城@台北微風廣場,台北市復興南路一段39號7樓,11:10
明信片謀殺案,06/23,國賓影城@台北微風廣場,台北市復興南路一段39號7樓,15:15
明信片謀殺案,06/23,國賓影城@台北微風廣場,台北市復興南路一段39號7樓,19:20
明信片謀殺案,06/23,國賓影城@台北微風廣場,台北市復興南路一段39號7樓,21:20
明信片謀殺案,06/23,國賓影城@台北長春廣場,台北市中山區長春路176號,13:30
明信片謀殺案,06/23,國賓影城@台北長春廣場,台北市中山區長春路176號,15:30
明信片謀殺案,06/23,國賓影城@台北長春廣場,台北市中山區長春路176號,17:30
明信片謀殺案,06/23,國賓影城@台北長春廣場,台北市中山區長春路176號,19:30
明信片謀殺案,06/23,國賓影城@台北長春廣場,台北市中山區長春路176號,21:30
明信片謀殺案,06/23,國賓影城@台南國賓廣場,台南市中華東路一段66號,13:30
明信片謀殺案,06/23,國賓影城@台南國賓廣場,台南市中華東路一段66號,17:30
明信片謀殺案,06/23,國賓影城@台南國賓廣場,台南市中華東路一段66號,19:30
明信片謀殺案,06/23,國賓影城@台南國賓廣場,台南市中華東路一段66號,21:30
明信片謀殺案,06/23,國賓影城@屏東環球購物中心,屏東市仁愛路90號6樓,12:50
明信片謀殺案,06/23,國賓影城@屏東環球購物中心,屏東市仁愛路90號6樓,16:50
明信片謀殺案,06/23,國賓影城@屏東環球購物中心,屏東市仁愛路90號6樓,18:50
明信片謀殺案,06/23,國賓影城@屏東環球購物中心,屏東市仁愛路90號6樓,20:50
明信片謀殺案,06/23,國賓影城@新莊晶冠廣場,新北市新莊區五工路66號3樓,13:50
明信片謀殺案,06/23,國賓影城@新莊晶冠廣場,新北市新莊區五工路66號3樓,15:45
明信片謀殺案,06/23,國賓影城@新莊晶冠廣場,新北市新莊區五工路66號3樓,17:40
明信片謀殺案,06/23,國賓影城@新莊晶冠廣場,新北市新莊區五工路66號3樓,19:35
明信片謀殺案,06/23,國賓影城@新莊晶冠廣場,新北市新莊區五工路66號3樓,21:30
明信片謀殺案,06/23,國賓影城@林口昕境廣場,新北市林口區文化三路一段402巷2號4F,13:20
明信片謀殺案,06/23,國賓影城@林口昕境廣場,新北市林口區文化三路一段402巷2號4F,17:10
明信片謀殺案,06/23,國賓影城@林口昕境廣場,新北市林口區文化三路一段402巷2號4F,19:10
明信片謀殺案,06/23,國賓影城@林口昕境廣場,新北市林口區文化三路一段402巷2號4F,21:10
明信片謀殺案,06/23,國賓影城@淡水禮萊廣場,新北市淡水區中正路一段2號,13:30
明信片謀殺案,06/23,國賓影城@淡水禮萊廣場,新北市淡水區中正路一段2號,15:10
明信片謀殺案,06/23,國賓影城@淡水禮萊廣場,新北市淡水區中正路一段2號,17:10
明信片謀殺案,06/23,國賓影城@淡水禮萊廣場,新北市淡水區中正路一段2號,19:10
明信片謀殺案,06/23,國賓影城@淡水禮萊廣場,新北市淡水區中正路一段2號,21:10
明信片謀殺案,06/23,國賓影城@金門昇恆昌金湖廣場,金門縣金湖鎮太湖路二段198號6樓,15:00
明信片謀殺案,06/23,國賓影城@金門昇恆昌金湖廣場,金門縣金湖鎮太湖路二段198號6樓,17:00
明信片謀殺案,06/23,國賓影城@金門昇恆昌金湖廣場,金門縣金湖鎮太湖路二段198號6樓,19:00
明信片謀殺案,06/23,國賓影城@高雄大魯閣草衙道,高雄市前鎮區中山四路100號3樓,14:10
明信片謀殺案,06/23,國賓影城@高雄大魯閣草衙道,高雄市前鎮區中山四路100號3樓,16:10
明信片謀殺案,06/23,國賓影城@高雄大魯閣草衙道,高雄市前鎮區中山四路100號3樓,18:10
明信片謀殺案,06/23,國賓影城@高雄大魯閣草衙道,高雄市前鎮區中山四路100號3樓,20:10
明信片謀殺案,06/23,國賓影城@高雄義大世界,高雄市大樹區學城路一段12號3樓,14:20
明信片謀殺案,06/23,國賓影城@高雄義大世界,高雄市大樹區學城路一段12號3樓,16:30
明信片謀殺案,06/23,國賓影城@高雄義大世界,高雄市大樹區學城路一段12號3樓,18:30
明信片謀殺案,06/23,國賓影城@高雄義大世界,高雄市大樹區學城路一段12號3樓,20:30
明信片謀殺案,06/24,國賓大戲院,台北市成都路88號,12:40
明信片謀殺案,06/24,國賓大戲院,台北市成都路88號,19:20
明信片謀殺案,06/24,國賓大戲院,台北市成都路88號,21:20
明信片謀殺案,06/24,國賓影城@中和環球購物中心,新北市中和區中山路三段122號4樓,14:30
明信片謀殺案,06/24,國賓影城@中和環球購物中心,新北市中和區中山路三段122號4樓,16:30
明信片謀殺案,06/24,國賓影城@中和環球購物中心,新北市中和區中山路三段122號4樓,18:30
明信片謀殺案,06/24,國賓影城@中和環球購物中心,新北市中和區中山路三段122號4樓,20:30
明信片謀殺案,06/24,國賓影城@八德廣豐新天地,桃園市八德區介壽路一段728號,13:20
明信片謀殺案,06/24,國賓影城@八德廣豐新天地,桃園市八德區介壽路一段728號,15:20
明信片謀殺案,06/24,國賓影城@八德廣豐新天地,桃園市八德區介壽路一段728號,17:20
明信片謀殺案,06/24,國賓影城@八德廣豐新天地,桃園市八德區介壽路一段728號,19:20
明信片謀殺案,06/24,國賓影城@八德廣豐新天地,桃園市八德區介壽路一段728號,21:20
明信片謀殺案,06/24,國賓影城@台北微風廣場,台北市復興南路一段39號7樓,11:10
明信片謀殺案,06/24,國賓影城@台北微風廣場,台北市復興南路一段39號7樓,15:10
明信片謀殺案,06/24,國賓影城@台北微風廣場,台北市復興南路一段39號7樓,19:10
明信片謀殺案,06/24,國賓影城@台北微風廣場,台北市復興南路一段39號7樓,21:10
明信片謀殺案,06/24,國賓影城@台北長春廣場,台北市中山區長春路176號,13:10
明信片謀殺案,06/24,國賓影城@台北長春廣場,台北市中山區長春路176號,15:10
明信片謀殺案,06/24,國賓影城@台北長春廣場,台北市中山區長春路176號,17:10
明信片謀殺案,06/24,國賓影城@台北長春廣場,台北市中山區長春路176號,19:10
明信片謀殺案,06/24,國賓影城@台北長春廣場,台北市中山區長春路176號,21:30
明信片謀殺案,06/24,國賓影城@台南國賓廣場,台南市中華東路一段66號,13:30
明信片謀殺案,06/24,國賓影城@台南國賓廣場,台南市中華東路一段66號,17:30
明信片謀殺案,06/24,國賓影城@台南國賓廣場,台南市中華東路一段66號,19:30
明信片謀殺案,06/24,國賓影城@台南國賓廣場,台南市中華東路一段66號,21:30
明信片謀殺案,06/24,國賓影城@屏東環球購物中心,屏東市仁愛路90號6樓,12:35
明信片謀殺案,06/24,國賓影城@屏東環球購物中心,屏東市仁愛路90號6樓,14:50
明信片謀殺案,06/24,國賓影城@屏東環球購物中心,屏東市仁愛路90號6樓,16:30
明信片謀殺案,06/24,國賓影城@屏東環球購物中心,屏東市仁愛路90號6樓,18:30
明信片謀殺案,06/24,國賓影城@新莊晶冠廣場,新北市新莊區五工路66號3樓,13:30
明信片謀殺案,06/24,國賓影城@新莊晶冠廣場,新北市新莊區五工路66號3樓,15:25
明信片謀殺案,06/24,國賓影城@新莊晶冠廣場,新北市新莊區五工路66號3樓,17:20
明信片謀殺案,06/24,國賓影城@新莊晶冠廣場,新北市新莊區五工路66號3樓,19:15
明信片謀殺案,06/24,國賓影城@新莊晶冠廣場,新北市新莊區五工路66號3樓,21:10
明信片謀殺案,06/24,國賓影城@林口昕境廣場,新北市林口區文化三路一段402巷2號4F,13:20
明信片謀殺案,06/24,國賓影城@林口昕境廣場,新北市林口區文化三路一段402巷2號4F,15:20
明信片謀殺案,06/24,國賓影城@林口昕境廣場,新北市林口區文化三路一段402巷2號4F,19:20
明信片謀殺案,06/24,國賓影城@林口昕境廣場,新北市林口區文化三路一段402巷2號4F,21:20
明信片謀殺案,06/24,國賓影城@淡水禮萊廣場,新北市淡水區中正路一段2號,13:20
明信片謀殺案,06/24,國賓影城@淡水禮萊廣場,新北市淡水區中正路一段2號,15:20
明信片謀殺案,06/24,國賓影城@淡水禮萊廣場,新北市淡水區中正路一段2號,17:20
明信片謀殺案,06/24,國賓影城@淡水禮萊廣場,新北市淡水區中正路一段2號,19:20
明信片謀殺案,06/24,國賓影城@淡水禮萊廣場,新北市淡水區中正路一段2號,21:00
明信片謀殺案,06/24,國賓影城@金門昇恆昌金湖廣場,金門縣金湖鎮太湖路二段198號6樓,17:00
明信片謀殺案,06/24,國賓影城@金門昇恆昌金湖廣場,金門縣金湖鎮太湖路二段198號6樓,19:00
明信片謀殺案,06/24,國賓影城@高雄大魯閣草衙道,高雄市前鎮區中山四路100號3樓,14:10
明信片謀殺案,06/24,國賓影城@高雄大魯閣草衙道,高雄市前鎮區中山四路100號3樓,16:10
明信片謀殺案,06/24,國賓影城@高雄大魯閣草衙道,高雄市前鎮區中山四路100號3樓,18:10
明信片謀殺案,06/24,國賓影城@高雄大魯閣草衙道,高雄市前鎮區中山四路100號3樓,20:10
明信片謀殺案,06/24,國賓影城@高雄義大世界,高雄市大樹區學城路一段12號3樓,14:10
明信片謀殺案,06/24,國賓影城@高雄義大世界,高雄市大樹區學城路一段12號3樓,16:10
明信片謀殺案,06/24,國賓影城@高雄義大世界,高雄市大樹區學城路一段12號3樓,18:10
明信片謀殺案,06/24,國賓影城@高雄義大世界,高雄市大樹區學城路一段12號3樓,20:10
明信片謀殺案,06/25,國賓大戲院,台北市成都路88號,12:30
明信片謀殺案,06/25,國賓大戲院,台北市成都路88號,21:20
明信片謀殺案,06/25,國賓影城@中和環球購物中心,新北市中和區中山路三段122號4樓,11:10
明信片謀殺案,06/25,國賓影城@中和環球購物中心,新北市中和區中山路三段122號4樓,15:20
明信片謀殺案,06/25,國賓影城@中和環球購物中心,新北市中和區中山路三段122號4樓,18:30
明信片謀殺案,06/25,國賓影城@中和環球購物中心,新北市中和區中山路三段122號4樓,20:30
明信片謀殺案,06/25,國賓影城@八德廣豐新天地,桃園市八德區介壽路一段728號,13:20
明信片謀殺案,06/25,國賓影城@八德廣豐新天地,桃園市八德區介壽路一段728號,15:20
明信片謀殺案,06/25,國賓影城@八德廣豐新天地,桃園市八德區介壽路一段728號,17:20
明信片謀殺案,06/25,國賓影城@八德廣豐新天地,桃園市八德區介壽路一段728號,19:20
明信片謀殺案,06/25,國賓影城@八德廣豐新天地,桃園市八德區介壽路一段728號,21:20
明信片謀殺案,06/25,國賓影城@台北微風廣場,台北市復興南路一段39號7樓,11:10
明信片謀殺案,06/25,國賓影城@台北微風廣場,台北市復興南路一段39號7樓,15:10
明信片謀殺案,06/25,國賓影城@台北微風廣場,台北市復興南路一段39號7樓,19:10
明信片謀殺案,06/25,國賓影城@台北微風廣場,台北市復興南路一段39號7樓,21:10
明信片謀殺案,06/25,國賓影城@台北長春廣場,台北市中山區長春路176號,13:10
明信片謀殺案,06/25,國賓影城@台北長春廣場,台北市中山區長春路176號,15:10
明信片謀殺案,06/25,國賓影城@台北長春廣場,台北市中山區長春路176號,17:10
明信片謀殺案,06/25,國賓影城@台北長春廣場,台北市中山區長春路176號,19:10
明信片謀殺案,06/25,國賓影城@台北長春廣場,台北市中山區長春路176號,21:30
明信片謀殺案,06/25,國賓影城@台南國賓廣場,台南市中華東路一段66號,13:30
明信片謀殺案,06/25,國賓影城@台南國賓廣場,台南市中華東路一段66號,17:30
明信片謀殺案,06/25,國賓影城@台南國賓廣場,台南市中華東路一段66號,19:30
明信片謀殺案,06/25,國賓影城@台南國賓廣場,台南市中華東路一段66號,21:30
明信片謀殺案,06/25,國賓影城@屏東環球購物中心,屏東市仁愛路90號6樓,12:35
明信片謀殺案,06/25,國賓影城@屏東環球購物中心,屏東市仁愛路90號6樓,16:30
明信片謀殺案,06/25,國賓影城@屏東環球購物中心,屏東市仁愛路90號6樓,18:30
明信片謀殺案,06/25,國賓影城@新莊晶冠廣場,新北市新莊區五工路66號3樓,13:30
明信片謀殺案,06/25,國賓影城@新莊晶冠廣場,新北市新莊區五工路66號3樓,15:25
明信片謀殺案,06/25,國賓影城@新莊晶冠廣場,新北市新莊區五工路66號3樓,17:20
明信片謀殺案,06/25,國賓影城@新莊晶冠廣場,新北市新莊區五工路66號3樓,19:15
明信片謀殺案,06/25,國賓影城@新莊晶冠廣場,新北市新莊區五工路66號3樓,21:10
明信片謀殺案,06/25,國賓影城@林口昕境廣場,新北市林口區文化三路一段402巷2號4F,13:20
明信片謀殺案,06/25,國賓影城@林口昕境廣場,新北市林口區文化三路一段402巷2號4F,15:20
明信片謀殺案,06/25,國賓影城@林口昕境廣場,新北市林口區文化三路一段402巷2號4F,19:20
明信片謀殺案,06/25,國賓影城@林口昕境廣場,新北市林口區文化三路一段402巷2號4F,21:20
明信片謀殺案,06/25,國賓影城@淡水禮萊廣場,新北市淡水區中正路一段2號,13:20
明信片謀殺案,06/25,國賓影城@淡水禮萊廣場,新北市淡水區中正路一段2號,15:20
明信片謀殺案,06/25,國賓影城@淡水禮萊廣場,新北市淡水區中正路一段2號,17:20
明信片謀殺案,06/25,國賓影城@淡水禮萊廣場,新北市淡水區中正路一段2號,19:20
明信片謀殺案,06/25,國賓影城@淡水禮萊廣場,新北市淡水區中正路一段2號,21:00
明信片謀殺案,06/25,國賓影城@金門昇恆昌金湖廣場,金門縣金湖鎮太湖路二段198號6樓,17:00
明信片謀殺案,06/25,國賓影城@金門昇恆昌金湖廣場,金門縣金湖鎮太湖路二段198號6樓,19:00
明信片謀殺案,06/25,國賓影城@高雄大魯閣草衙道,高雄市前鎮區中山四路100號3樓,14:10
明信片謀殺案,06/25,國賓影城@高雄大魯閣草衙道,高雄市前鎮區中山四路100號3樓,16:10
明信片謀殺案,06/25,國賓影城@高雄大魯閣草衙道,高雄市前鎮區中山四路100號3樓,18:10
明信片謀殺案,06/25,國賓影城@高雄大魯閣草衙道,高雄市前鎮區中山四路100號3樓,20:10
明信片謀殺案,06/25,國賓影城@高雄義大世界,高雄市大樹區學城路一段12號3樓,14:10
明信片謀殺案,06/25,國賓影城@高雄義大世界,高雄市大樹區學城路一段12號3樓,16:10
明信片謀殺案,06/25,國賓影城@高雄義大世界,高雄市大樹區學城路一段12號3樓,18:10
明信片謀殺案,06/25,國賓影城@高雄義大世界,高雄市大樹區學城路一段12號3樓,20:10
普立茲記者,06/20,國賓影城@台北長春廣場,台北市中山區長春路176號,16:15
普立茲記者,06/21,國賓影城@台北長春廣場,台北市中山區長春路176號,16:15
普立茲記者,06/22,國賓影城@台北長春廣場,台北市中山區長春路176號,16:15
普立茲記者,06/23,國賓影城@台北長春廣場,台北市中山區長春路176號,16:15
普立茲記者,06/24,國賓影城@台北長春廣場,台北市中山區長春路176號,15:40
普立茲記者,06/25,國賓影城@台北長春廣場,台北市中山區長春路176號,15:40
最瘋狂的旅程,06/20,國賓影城@台北長春廣場,台北市中山區長春路176號,13:50
最瘋狂的旅程,06/20,國賓影城@台北長春廣場,台北市中山區長春路176號,15:15
最瘋狂的旅程,06/20,國賓影城@台北長春廣場,台北市中山區長春路176號,19:20
最瘋狂的旅程,06/21,國賓影城@台北長春廣場,台北市中山區長春路176號,13:50
最瘋狂的旅程,06/21,國賓影城@台北長春廣場,台北市中山區長春路176號,15:15
最瘋狂的旅程,06/21,國賓影城@台北長春廣場,台北市中山區長春路176號,19:20
最瘋狂的旅程,06/22,國賓影城@台北長春廣場,台北市中山區長春路176號,13:50
最瘋狂的旅程,06/22,國賓影城@台北長春廣場,台北市中山區長春路176號,15:15
最瘋狂的旅程,06/22,國賓影城@台北長春廣場,台北市中山區長春路176號,19:20
最瘋狂的旅程,06/23,國賓影城@台北長春廣場,台北市中山區長春路176號,13:50
最瘋狂的旅程,06/23,國賓影城@台北長春廣場,台北市中山區長春路176號,15:15
最瘋狂的旅程,06/23,國賓影城@台北長春廣場,台北市中山區長春路176號,19:20
最瘋狂的旅程,06/24,國賓影城@台北長春廣場,台北市中山區長春路176號,15:15
最瘋狂的旅程,06/24,國賓影城@台北長春廣場,台北市中山區長春路176號,19:20
最瘋狂的旅程,06/25,國賓影城@台北長春廣場,台北市中山區長春路176號,15:40
最瘋狂的旅程,06/25,國賓影城@台北長春廣場,台北市中山區長春路176號,19:30
末代皇帝（數位修復版）,06/20,國賓影城@台北微風廣場,台北市復興南路一段39號7樓,14:10
末代皇帝（數位修復版）,06/20,國賓影城@台北長春廣場,台北市中山區長春路176號,13:40
末代皇帝（數位修復版）,06/20,國賓影城@台北長春廣場,台北市中山區長春路176號,16:40
末代皇帝（數位修復版）,06/20,國賓影城@台北長春廣場,台北市中山區長春路176號,19:40
末代皇帝（數位修復版）,06/21,國賓影城@台北微風廣場,台北市復興南路一段39號7樓,14:10
末代皇帝（數位修復版）,06/21,國賓影城@台北長春廣場,台北市中山區長春路176號,13:40
末代皇帝（數位修復版）,06/21,國賓影城@台北長春廣場,台北市中山區長春路176號,16:40
末代皇帝（數位修復版）,06/21,國賓影城@台北長春廣場,台北市中山區長春路176號,19:40
末代皇帝（數位修復版）,06/22,國賓影城@台北微風廣場,台北市復興南路一段39號7樓,14:10
末代皇帝（數位修復版）,06/22,國賓影城@台北長春廣場,台北市中山區長春路176號,13:40
末代皇帝（數位修復版）,06/22,國賓影城@台北長春廣場,台北市中山區長春路176號,16:40
末代皇帝（數位修復版）,06/22,國賓影城@台北長春廣場,台北市中山區長春路176號,19:40
末代皇帝（數位修復版）,06/23,國賓影城@台北微風廣場,台北市復興南路一段39號7樓,14:10
末代皇帝（數位修復版）,06/23,國賓影城@台北長春廣場,台北市中山區長春路176號,13:40
末代皇帝（數位修復版）,06/23,國賓影城@台北長春廣場,台北市中山區長春路176號,16:40
末代皇帝（數位修復版）,06/23,國賓影城@台北長春廣場,台北市中山區長春路176號,19:40
末代皇帝（數位修復版）,06/24,國賓影城@台北微風廣場,台北市復興南路一段39號7樓,14:20
末代皇帝（數位修復版）,06/24,國賓影城@台北長春廣場,台北市中山區長春路176號,13:40
末代皇帝（數位修復版）,06/24,國賓影城@台北長春廣場,台北市中山區長春路176號,16:40
末代皇帝（數位修復版）,06/24,國賓影城@台北長春廣場,台北市中山區長春路176號,19:40
末代皇帝（數位修復版）,06/25,國賓影城@台北微風廣場,台北市復興南路一段39號7樓,14:20
末代皇帝（數位修復版）,06/25,國賓影城@台北長春廣場,台北市中山區長春路176號,13:50
末代皇帝（數位修復版）,06/25,國賓影城@台北長春廣場,台北市中山區長春路176號,16:50
末代皇帝（數位修復版）,06/25,國賓影城@台北長春廣場,台北市中山區長春路176號,19:50
波希米亞狂想曲,06/25,國賓影城@中和環球購物中心,新北市中和區中山路三段122號4樓,15:50
波希米亞狂想曲,06/25,國賓影城@八德廣豐新天地,桃園市八德區介壽路一段728號,18:10
波希米亞狂想曲,06/25,國賓影城@台北微風廣場,台北市復興南路一段39號7樓,11:40
波希米亞狂想曲,06/25,國賓影城@台北長春廣場,台北市中山區長春路176號,18:00
波希米亞狂想曲,06/25,國賓影城@台南國賓廣場,台南市中華東路一段66號,15:30
波希米亞狂想曲,06/25,國賓影城@新莊晶冠廣場,新北市新莊區五工路66號3樓,18:10
波希米亞狂想曲,06/25,國賓影城@林口昕境廣場,新北市林口區文化三路一段402巷2號4F,17:20
波希米亞狂想曲,06/25,國賓影城@淡水禮萊廣場,新北市淡水區中正路一段2號,21:00
波希米亞狂想曲,06/25,國賓影城@高雄大魯閣草衙道,高雄市前鎮區中山四路100號3樓,18:30
波希米亞狂想曲,06/25,國賓影城@高雄義大世界,高雄市大樹區學城路一段12號3樓,18:30
深海擴散,06/20,國賓影城@中和環球購物中心,新北市中和區中山路三段122號4樓,13:50
深海擴散,06/20,國賓影城@中和環球購物中心,新北市中和區中山路三段122號4樓,17:50
深海擴散,06/20,國賓影城@中和環球購物中心,新北市中和區中山路三段122號4樓,19:40
深海擴散,06/20,國賓影城@中和環球購物中心,新北市中和區中山路三段122號4樓,21:30
深海擴散,06/20,國賓影城@八德廣豐新天地,桃園市八德區介壽路一段728號,14:10
深海擴散,06/20,國賓影城@八德廣豐新天地,桃園市八德區介壽路一段728號,16:00
深海擴散,06/20,國賓影城@八德廣豐新天地,桃園市八德區介壽路一段728號,17:50
深海擴散,06/20,國賓影城@八德廣豐新天地,桃園市八德區介壽路一段728號,19:40
深海擴散,06/20,國賓影城@八德廣豐新天地,桃園市八德區介壽路一段728號,21:30
深海擴散,06/20,國賓影城@台北微風廣場,台北市復興南路一段39號7樓,13:30
深海擴散,06/20,國賓影城@台北微風廣場,台北市復興南路一段39號7樓,17:20
深海擴散,06/20,國賓影城@台北微風廣場,台北市復興南路一段39號7樓,21:10
深海擴散,06/20,國賓影城@台北長春廣場,台北市中山區長春路176號,13:50
深海擴散,06/20,國賓影城@台北長春廣場,台北市中山區長春路176號,15:40
深海擴散,06/20,國賓影城@台北長春廣場,台北市中山區長春路176號,17:30
深海擴散,06/20,國賓影城@台北長春廣場,台北市中山區長春路176號,19:20
深海擴散,06/20,國賓影城@台北長春廣場,台北市中山區長春路176號,21:30
深海擴散,06/20,國賓影城@台南國賓廣場,台南市中華東路一段66號,15:30
深海擴散,06/20,國賓影城@台南國賓廣場,台南市中華東路一段66號,20:00
深海擴散,06/20,國賓影城@台南國賓廣場,台南市中華東路一段66號,22:00
深海擴散,06/20,國賓影城@屏東環球購物中心,屏東市仁愛路90號6樓,13:00
深海擴散,06/20,國賓影城@屏東環球購物中心,屏東市仁愛路90號6樓,15:00
深海擴散,06/20,國賓影城@屏東環球購物中心,屏東市仁愛路90號6樓,19:20
深海擴散,06/20,國賓影城@屏東環球購物中心,屏東市仁愛路90號6樓,21:10
深海擴散,06/20,國賓影城@新莊晶冠廣場,新北市新莊區五工路66號3樓,14:00
深海擴散,06/20,國賓影城@新莊晶冠廣場,新北市新莊區五工路66號3樓,15:45
深海擴散,06/20,國賓影城@新莊晶冠廣場,新北市新莊區五工路66號3樓,17:30
深海擴散,06/20,國賓影城@新莊晶冠廣場,新北市新莊區五工路66號3樓,19:15
深海擴散,06/20,國賓影城@新莊晶冠廣場,新北市新莊區五工路66號3樓,21:00
深海擴散,06/20,國賓影城@林口昕境廣場,新北市林口區文化三路一段402巷2號4F,15:20
深海擴散,06/20,國賓影城@林口昕境廣場,新北市林口區文化三路一段402巷2號4F,18:20
深海擴散,06/20,國賓影城@林口昕境廣場,新北市林口區文化三路一段402巷2號4F,20:20
深海擴散,06/20,國賓影城@淡水禮萊廣場,新北市淡水區中正路一段2號,15:30
深海擴散,06/20,國賓影城@淡水禮萊廣場,新北市淡水區中正路一段2號,19:10
深海擴散,06/20,國賓影城@淡水禮萊廣場,新北市淡水區中正路一段2號,21:00
深海擴散,06/20,國賓影城@金門昇恆昌金湖廣場,金門縣金湖鎮太湖路二段198號6樓,14:30
深海擴散,06/20,國賓影城@金門昇恆昌金湖廣場,金門縣金湖鎮太湖路二段198號6樓,19:10
深海擴散,06/20,國賓影城@高雄大魯閣草衙道,高雄市前鎮區中山四路100號3樓,13:40
深海擴散,06/20,國賓影城@高雄大魯閣草衙道,高雄市前鎮區中山四路100號3樓,15:30
深海擴散,06/20,國賓影城@高雄大魯閣草衙道,高雄市前鎮區中山四路100號3樓,19:20
深海擴散,06/20,國賓影城@高雄大魯閣草衙道,高雄市前鎮區中山四路100號3樓,21:10
深海擴散,06/20,國賓影城@高雄義大世界,高雄市大樹區學城路一段12號3樓,13:40
深海擴散,06/20,國賓影城@高雄義大世界,高雄市大樹區學城路一段12號3樓,15:40
深海擴散,06/20,國賓影城@高雄義大世界,高雄市大樹區學城路一段12號3樓,17:40
深海擴散,06/20,國賓影城@高雄義大世界,高雄市大樹區學城路一段12號3樓,19:40
深海擴散,06/20,國賓影城@高雄義大世界,高雄市大樹區學城路一段12號3樓,21:30
深海擴散,06/21,國賓影城@中和環球購物中心,新北市中和區中山路三段122號4樓,13:50
深海擴散,06/21,國賓影城@中和環球購物中心,新北市中和區中山路三段122號4樓,17:50
深海擴散,06/21,國賓影城@中和環球購物中心,新北市中和區中山路三段122號4樓,19:40
深海擴散,06/21,國賓影城@中和環球購物中心,新北市中和區中山路三段122號4樓,21:30
深海擴散,06/21,國賓影城@八德廣豐新天地,桃園市八德區介壽路一段728號,14:10
深海擴散,06/21,國賓影城@八德廣豐新天地,桃園市八德區介壽路一段728號,16:00
深海擴散,06/21,國賓影城@八德廣豐新天地,桃園市八德區介壽路一段728號,17:50
深海擴散,06/21,國賓影城@八德廣豐新天地,桃園市八德區介壽路一段728號,19:40
深海擴散,06/21,國賓影城@八德廣豐新天地,桃園市八德區介壽路一段728號,21:30
深海擴散,06/21,國賓影城@台北微風廣場,台北市復興南路一段39號7樓,13:30
深海擴散,06/21,國賓影城@台北微風廣場,台北市復興南路一段39號7樓,17:20
深海擴散,06/21,國賓影城@台北微風廣場,台北市復興南路一段39號7樓,21:10
深海擴散,06/21,國賓影城@台北長春廣場,台北市中山區長春路176號,13:50
深海擴散,06/21,國賓影城@台北長春廣場,台北市中山區長春路176號,15:40
深海擴散,06/21,國賓影城@台北長春廣場,台北市中山區長春路176號,17:30
深海擴散,06/21,國賓影城@台北長春廣場,台北市中山區長春路176號,19:20
深海擴散,06/21,國賓影城@台北長春廣場,台北市中山區長春路176號,21:30
深海擴散,06/21,國賓影城@台南國賓廣場,台南市中華東路一段66號,15:30
深海擴散,06/21,國賓影城@台南國賓廣場,台南市中華東路一段66號,20:00
深海擴散,06/21,國賓影城@台南國賓廣場,台南市中華東路一段66號,22:00
深海擴散,06/21,國賓影城@屏東環球購物中心,屏東市仁愛路90號6樓,13:00
深海擴散,06/21,國賓影城@屏東環球購物中心,屏東市仁愛路90號6樓,15:00
深海擴散,06/21,國賓影城@屏東環球購物中心,屏東市仁愛路90號6樓,19:20
深海擴散,06/21,國賓影城@屏東環球購物中心,屏東市仁愛路90號6樓,21:10
深海擴散,06/21,國賓影城@新莊晶冠廣場,新北市新莊區五工路66號3樓,14:00
深海擴散,06/21,國賓影城@新莊晶冠廣場,新北市新莊區五工路66號3樓,15:45
深海擴散,06/21,國賓影城@新莊晶冠廣場,新北市新莊區五工路66號3樓,17:30
深海擴散,06/21,國賓影城@新莊晶冠廣場,新北市新莊區五工路66號3樓,19:15
深海擴散,06/21,國賓影城@新莊晶冠廣場,新北市新莊區五工路66號3樓,21:00
深海擴散,06/21,國賓影城@林口昕境廣場,新北市林口區文化三路一段402巷2號4F,15:20
深海擴散,06/21,國賓影城@林口昕境廣場,新北市林口區文化三路一段402巷2號4F,18:20
深海擴散,06/21,國賓影城@林口昕境廣場,新北市林口區文化三路一段402巷2號4F,20:20
深海擴散,06/21,國賓影城@淡水禮萊廣場,新北市淡水區中正路一段2號,15:30
深海擴散,06/21,國賓影城@淡水禮萊廣場,新北市淡水區中正路一段2號,19:10
深海擴散,06/21,國賓影城@淡水禮萊廣場,新北市淡水區中正路一段2號,21:00
深海擴散,06/21,國賓影城@金門昇恆昌金湖廣場,金門縣金湖鎮太湖路二段198號6樓,14:30
深海擴散,06/21,國賓影城@金門昇恆昌金湖廣場,金門縣金湖鎮太湖路二段198號6樓,19:10
深海擴散,06/21,國賓影城@高雄大魯閣草衙道,高雄市前鎮區中山四路100號3樓,13:40
深海擴散,06/21,國賓影城@高雄大魯閣草衙道,高雄市前鎮區中山四路100號3樓,15:30
深海擴散,06/21,國賓影城@高雄大魯閣草衙道,高雄市前鎮區中山四路100號3樓,19:20
深海擴散,06/21,國賓影城@高雄大魯閣草衙道,高雄市前鎮區中山四路100號3樓,21:10
深海擴散,06/21,國賓影城@高雄義大世界,高雄市大樹區學城路一段12號3樓,13:40
深海擴散,06/21,國賓影城@高雄義大世界,高雄市大樹區學城路一段12號3樓,15:40
深海擴散,06/21,國賓影城@高雄義大世界,高雄市大樹區學城路一段12號3樓,17:40
深海擴散,06/21,國賓影城@高雄義大世界,高雄市大樹區學城路一段12號3樓,19:40
深海擴散,06/21,國賓影城@高雄義大世界,高雄市大樹區學城路一段12號3樓,21:30
深海擴散,06/22,國賓影城@中和環球購物中心,新北市中和區中山路三段122號4樓,13:50
深海擴散,06/22,國賓影城@中和環球購物中心,新北市中和區中山路三段122號4樓,17:50
深海擴散,06/22,國賓影城@中和環球購物中心,新北市中和區中山路三段122號4樓,19:40
深海擴散,06/22,國賓影城@中和環球購物中心,新北市中和區中山路三段122號4樓,21:30
深海擴散,06/22,國賓影城@八德廣豐新天地,桃園市八德區介壽路一段728號,14:10
深海擴散,06/22,國賓影城@八德廣豐新天地,桃園市八德區介壽路一段728號,16:00
深海擴散,06/22,國賓影城@八德廣豐新天地,桃園市八德區介壽路一段728號,17:50
深海擴散,06/22,國賓影城@八德廣豐新天地,桃園市八德區介壽路一段728號,19:40
深海擴散,06/22,國賓影城@八德廣豐新天地,桃園市八德區介壽路一段728號,21:30
深海擴散,06/22,國賓影城@台北微風廣場,台北市復興南路一段39號7樓,13:30
深海擴散,06/22,國賓影城@台北微風廣場,台北市復興南路一段39號7樓,17:20
深海擴散,06/22,國賓影城@台北微風廣場,台北市復興南路一段39號7樓,21:10
深海擴散,06/22,國賓影城@台北長春廣場,台北市中山區長春路176號,13:50
深海擴散,06/22,國賓影城@台北長春廣場,台北市中山區長春路176號,15:40
深海擴散,06/22,國賓影城@台北長春廣場,台北市中山區長春路176號,17:30
深海擴散,06/22,國賓影城@台北長春廣場,台北市中山區長春路176號,19:20
深海擴散,06/22,國賓影城@台北長春廣場,台北市中山區長春路176號,21:30
深海擴散,06/22,國賓影城@台南國賓廣場,台南市中華東路一段66號,15:30
深海擴散,06/22,國賓影城@台南國賓廣場,台南市中華東路一段66號,20:00
深海擴散,06/22,國賓影城@台南國賓廣場,台南市中華東路一段66號,22:00
深海擴散,06/22,國賓影城@屏東環球購物中心,屏東市仁愛路90號6樓,13:00
深海擴散,06/22,國賓影城@屏東環球購物中心,屏東市仁愛路90號6樓,15:00
深海擴散,06/22,國賓影城@屏東環球購物中心,屏東市仁愛路90號6樓,19:20
深海擴散,06/22,國賓影城@屏東環球購物中心,屏東市仁愛路90號6樓,21:10
深海擴散,06/22,國賓影城@新莊晶冠廣場,新北市新莊區五工路66號3樓,14:00
深海擴散,06/22,國賓影城@新莊晶冠廣場,新北市新莊區五工路66號3樓,15:45
深海擴散,06/22,國賓影城@新莊晶冠廣場,新北市新莊區五工路66號3樓,17:30
深海擴散,06/22,國賓影城@新莊晶冠廣場,新北市新莊區五工路66號3樓,19:15
深海擴散,06/22,國賓影城@新莊晶冠廣場,新北市新莊區五工路66號3樓,21:00
深海擴散,06/22,國賓影城@林口昕境廣場,新北市林口區文化三路一段402巷2號4F,15:20
深海擴散,06/22,國賓影城@林口昕境廣場,新北市林口區文化三路一段402巷2號4F,20:10
深海擴散,06/22,國賓影城@淡水禮萊廣場,新北市淡水區中正路一段2號,15:30
深海擴散,06/22,國賓影城@淡水禮萊廣場,新北市淡水區中正路一段2號,19:10
深海擴散,06/22,國賓影城@淡水禮萊廣場,新北市淡水區中正路一段2號,21:00
深海擴散,06/22,國賓影城@金門昇恆昌金湖廣場,金門縣金湖鎮太湖路二段198號6樓,14:30
深海擴散,06/22,國賓影城@金門昇恆昌金湖廣場,金門縣金湖鎮太湖路二段198號6樓,19:10
深海擴散,06/22,國賓影城@高雄大魯閣草衙道,高雄市前鎮區中山四路100號3樓,13:40
深海擴散,06/22,國賓影城@高雄大魯閣草衙道,高雄市前鎮區中山四路100號3樓,15:30
深海擴散,06/22,國賓影城@高雄大魯閣草衙道,高雄市前鎮區中山四路100號3樓,19:20
深海擴散,06/22,國賓影城@高雄大魯閣草衙道,高雄市前鎮區中山四路100號3樓,21:10
深海擴散,06/22,國賓影城@高雄義大世界,高雄市大樹區學城路一段12號3樓,13:40
深海擴散,06/22,國賓影城@高雄義大世界,高雄市大樹區學城路一段12號3樓,15:40
深海擴散,06/22,國賓影城@高雄義大世界,高雄市大樹區學城路一段12號3樓,17:40
深海擴散,06/22,國賓影城@高雄義大世界,高雄市大樹區學城路一段12號3樓,19:40
深海擴散,06/22,國賓影城@高雄義大世界,高雄市大樹區學城路一段12號3樓,21:30
深海擴散,06/23,國賓影城@中和環球購物中心,新北市中和區中山路三段122號4樓,13:50
深海擴散,06/23,國賓影城@中和環球購物中心,新北市中和區中山路三段122號4樓,17:50
深海擴散,06/23,國賓影城@中和環球購物中心,新北市中和區中山路三段122號4樓,19:40
深海擴散,06/23,國賓影城@中和環球購物中心,新北市中和區中山路三段122號4樓,21:30
深海擴散,06/23,國賓影城@八德廣豐新天地,桃園市八德區介壽路一段728號,14:10
深海擴散,06/23,國賓影城@八德廣豐新天地,桃園市八德區介壽路一段728號,16:00
深海擴散,06/23,國賓影城@八德廣豐新天地,桃園市八德區介壽路一段728號,17:50
深海擴散,06/23,國賓影城@八德廣豐新天地,桃園市八德區介壽路一段728號,19:40
深海擴散,06/23,國賓影城@八德廣豐新天地,桃園市八德區介壽路一段728號,21:30
深海擴散,06/23,國賓影城@台北微風廣場,台北市復興南路一段39號7樓,13:30
深海擴散,06/23,國賓影城@台北微風廣場,台北市復興南路一段39號7樓,17:20
深海擴散,06/23,國賓影城@台北微風廣場,台北市復興南路一段39號7樓,21:10
深海擴散,06/23,國賓影城@台北長春廣場,台北市中山區長春路176號,13:50
深海擴散,06/23,國賓影城@台北長春廣場,台北市中山區長春路176號,15:40
深海擴散,06/23,國賓影城@台北長春廣場,台北市中山區長春路176號,17:30
深海擴散,06/23,國賓影城@台北長春廣場,台北市中山區長春路176號,19:20
深海擴散,06/23,國賓影城@台北長春廣場,台北市中山區長春路176號,21:30
深海擴散,06/23,國賓影城@台南國賓廣場,台南市中華東路一段66號,15:30
深海擴散,06/23,國賓影城@台南國賓廣場,台南市中華東路一段66號,20:00
深海擴散,06/23,國賓影城@台南國賓廣場,台南市中華東路一段66號,22:00
深海擴散,06/23,國賓影城@屏東環球購物中心,屏東市仁愛路90號6樓,13:00
深海擴散,06/23,國賓影城@屏東環球購物中心,屏東市仁愛路90號6樓,15:00
深海擴散,06/23,國賓影城@屏東環球購物中心,屏東市仁愛路90號6樓,19:20
深海擴散,06/23,國賓影城@屏東環球購物中心,屏東市仁愛路90號6樓,21:10
深海擴散,06/23,國賓影城@新莊晶冠廣場,新北市新莊區五工路66號3樓,14:00
深海擴散,06/23,國賓影城@新莊晶冠廣場,新北市新莊區五工路66號3樓,15:45
深海擴散,06/23,國賓影城@新莊晶冠廣場,新北市新莊區五工路66號3樓,17:30
深海擴散,06/23,國賓影城@新莊晶冠廣場,新北市新莊區五工路66號3樓,19:15
深海擴散,06/23,國賓影城@新莊晶冠廣場,新北市新莊區五工路66號3樓,21:00
深海擴散,06/23,國賓影城@林口昕境廣場,新北市林口區文化三路一段402巷2號4F,15:20
深海擴散,06/23,國賓影城@林口昕境廣場,新北市林口區文化三路一段402巷2號4F,20:10
深海擴散,06/23,國賓影城@淡水禮萊廣場,新北市淡水區中正路一段2號,15:30
深海擴散,06/23,國賓影城@淡水禮萊廣場,新北市淡水區中正路一段2號,19:10
深海擴散,06/23,國賓影城@淡水禮萊廣場,新北市淡水區中正路一段2號,21:00
深海擴散,06/23,國賓影城@金門昇恆昌金湖廣場,金門縣金湖鎮太湖路二段198號6樓,14:30
深海擴散,06/23,國賓影城@金門昇恆昌金湖廣場,金門縣金湖鎮太湖路二段198號6樓,19:10
深海擴散,06/23,國賓影城@高雄大魯閣草衙道,高雄市前鎮區中山四路100號3樓,13:40
深海擴散,06/23,國賓影城@高雄大魯閣草衙道,高雄市前鎮區中山四路100號3樓,15:30
深海擴散,06/23,國賓影城@高雄大魯閣草衙道,高雄市前鎮區中山四路100號3樓,19:20
深海擴散,06/23,國賓影城@高雄大魯閣草衙道,高雄市前鎮區中山四路100號3樓,21:10
深海擴散,06/23,國賓影城@高雄義大世界,高雄市大樹區學城路一段12號3樓,13:40
深海擴散,06/23,國賓影城@高雄義大世界,高雄市大樹區學城路一段12號3樓,15:40
深海擴散,06/23,國賓影城@高雄義大世界,高雄市大樹區學城路一段12號3樓,17:40
深海擴散,06/23,國賓影城@高雄義大世界,高雄市大樹區學城路一段12號3樓,19:40
深海擴散,06/23,國賓影城@高雄義大世界,高雄市大樹區學城路一段12號3樓,21:30
深海擴散,06/24,國賓影城@中和環球購物中心,新北市中和區中山路三段122號4樓,13:30
深海擴散,06/24,國賓影城@中和環球購物中心,新北市中和區中山路三段122號4樓,17:30
深海擴散,06/24,國賓影城@中和環球購物中心,新北市中和區中山路三段122號4樓,21:30
深海擴散,06/24,國賓影城@八德廣豐新天地,桃園市八德區介壽路一段728號,13:50
深海擴散,06/24,國賓影城@八德廣豐新天地,桃園市八德區介壽路一段728號,15:40
深海擴散,06/24,國賓影城@八德廣豐新天地,桃園市八德區介壽路一段728號,19:40
深海擴散,06/24,國賓影城@八德廣豐新天地,桃園市八德區介壽路一段728號,21:30
深海擴散,06/24,國賓影城@台北微風廣場,台北市復興南路一段39號7樓,13:30
深海擴散,06/24,國賓影城@台北微風廣場,台北市復興南路一段39號7樓,17:30
深海擴散,06/24,國賓影城@台北微風廣場,台北市復興南路一段39號7樓,21:30
深海擴散,06/24,國賓影城@台北長春廣場,台北市中山區長春路176號,13:50
深海擴散,06/24,國賓影城@台北長春廣場,台北市中山區長春路176號,15:40
深海擴散,06/24,國賓影城@台北長春廣場,台北市中山區長春路176號,17:30
深海擴散,06/24,國賓影城@台北長春廣場,台北市中山區長春路176號,19:20
深海擴散,06/24,國賓影城@台北長春廣場,台北市中山區長春路176號,21:30
深海擴散,06/24,國賓影城@台南國賓廣場,台南市中華東路一段66號,20:00
深海擴散,06/24,國賓影城@台南國賓廣場,台南市中華東路一段66號,22:00
深海擴散,06/24,國賓影城@屏東環球購物中心,屏東市仁愛路90號6樓,15:10
深海擴散,06/24,國賓影城@屏東環球購物中心,屏東市仁愛路90號6樓,21:20
深海擴散,06/24,國賓影城@新莊晶冠廣場,新北市新莊區五工路66號3樓,13:40
深海擴散,06/24,國賓影城@新莊晶冠廣場,新北市新莊區五工路66號3樓,17:40
深海擴散,06/24,國賓影城@新莊晶冠廣場,新北市新莊區五工路66號3樓,19:30
深海擴散,06/24,國賓影城@林口昕境廣場,新北市林口區文化三路一段402巷2號4F,14:30
深海擴散,06/24,國賓影城@林口昕境廣場,新北市林口區文化三路一段402巷2號4F,19:00
深海擴散,06/24,國賓影城@淡水禮萊廣場,新北市淡水區中正路一段2號,13:20
深海擴散,06/24,國賓影城@淡水禮萊廣場,新北市淡水區中正路一段2號,15:10
深海擴散,06/24,國賓影城@淡水禮萊廣場,新北市淡水區中正路一段2號,19:10
深海擴散,06/24,國賓影城@高雄大魯閣草衙道,高雄市前鎮區中山四路100號3樓,15:50
深海擴散,06/24,國賓影城@高雄大魯閣草衙道,高雄市前鎮區中山四路100號3樓,19:40
深海擴散,06/24,國賓影城@高雄大魯閣草衙道,高雄市前鎮區中山四路100號3樓,21:30
深海擴散,06/24,國賓影城@高雄義大世界,高雄市大樹區學城路一段12號3樓,13:40
深海擴散,06/24,國賓影城@高雄義大世界,高雄市大樹區學城路一段12號3樓,15:40
深海擴散,06/24,國賓影城@高雄義大世界,高雄市大樹區學城路一段12號3樓,17:40
深海擴散,06/24,國賓影城@高雄義大世界,高雄市大樹區學城路一段12號3樓,19:40
深海擴散,06/24,國賓影城@高雄義大世界,高雄市大樹區學城路一段12號3樓,21:30
深海擴散,06/25,國賓影城@中和環球購物中心,新北市中和區中山路三段122號4樓,14:00
深海擴散,06/25,國賓影城@中和環球購物中心,新北市中和區中山路三段122號4樓,18:20
深海擴散,06/25,國賓影城@中和環球購物中心,新北市中和區中山路三段122號4樓,21:40
深海擴散,06/25,國賓影城@八德廣豐新天地,桃園市八德區介壽路一段728號,13:50
深海擴散,06/25,國賓影城@八德廣豐新天地,桃園市八德區介壽路一段728號,15:40
深海擴散,06/25,國賓影城@八德廣豐新天地,桃園市八德區介壽路一段728號,19:40
深海擴散,06/25,國賓影城@八德廣豐新天地,桃園市八德區介壽路一段728號,21:30
深海擴散,06/25,國賓影城@台北微風廣場,台北市復興南路一段39號7樓,13:30
深海擴散,06/25,國賓影城@台北微風廣場,台北市復興南路一段39號7樓,17:30
深海擴散,06/25,國賓影城@台北微風廣場,台北市復興南路一段39號7樓,21:30
深海擴散,06/25,國賓影城@台北長春廣場,台北市中山區長春路176號,13:50
深海擴散,06/25,國賓影城@台北長春廣場,台北市中山區長春路176號,17:40
深海擴散,06/25,國賓影城@台北長春廣場,台北市中山區長春路176號,21:30
深海擴散,06/25,國賓影城@台南國賓廣場,台南市中華東路一段66號,15:40
深海擴散,06/25,國賓影城@台南國賓廣場,台南市中華東路一段66號,18:00
深海擴散,06/25,國賓影城@台南國賓廣場,台南市中華東路一段66號,19:50
深海擴散,06/25,國賓影城@台南國賓廣場,台南市中華東路一段66號,21:40
深海擴散,06/25,國賓影城@屏東環球購物中心,屏東市仁愛路90號6樓,12:40
深海擴散,06/25,國賓影城@屏東環球購物中心,屏東市仁愛路90號6樓,21:20
深海擴散,06/25,國賓影城@新莊晶冠廣場,新北市新莊區五工路66號3樓,13:20
深海擴散,06/25,國賓影城@新莊晶冠廣場,新北市新莊區五工路66號3樓,17:00
深海擴散,06/25,國賓影城@新莊晶冠廣場,新北市新莊區五工路66號3樓,18:50
深海擴散,06/25,國賓影城@林口昕境廣場,新北市林口區文化三路一段402巷2號4F,14:30
深海擴散,06/25,國賓影城@林口昕境廣場,新北市林口區文化三路一段402巷2號4F,19:00
深海擴散,06/25,國賓影城@淡水禮萊廣場,新北市淡水區中正路一段2號,13:20
深海擴散,06/25,國賓影城@淡水禮萊廣場,新北市淡水區中正路一段2號,15:10
深海擴散,06/25,國賓影城@淡水禮萊廣場,新北市淡水區中正路一段2號,19:10
深海擴散,06/25,國賓影城@高雄大魯閣草衙道,高雄市前鎮區中山四路100號3樓,15:50
深海擴散,06/25,國賓影城@高雄大魯閣草衙道,高雄市前鎮區中山四路100號3樓,19:40
深海擴散,06/25,國賓影城@高雄大魯閣草衙道,高雄市前鎮區中山四路100號3樓,21:30
深海擴散,06/25,國賓影城@高雄義大世界,高雄市大樹區學城路一段12號3樓,13:40
深海擴散,06/25,國賓影城@高雄義大世界,高雄市大樹區學城路一段12號3樓,15:40
深海擴散,06/25,國賓影城@高雄義大世界,高雄市大樹區學城路一段12號3樓,17:40
深海擴散,06/25,國賓影城@高雄義大世界,高雄市大樹區學城路一段12號3樓,19:40
深海擴散,06/25,國賓影城@高雄義大世界,高雄市大樹區學城路一段12號3樓,21:30
烈火情人,06/20,國賓影城@台北長春廣場,台北市中山區長春路176號,13:10
烈火情人,06/21,國賓影城@台北長春廣場,台北市中山區長春路176號,13:10
烈火情人,06/22,國賓影城@台北長春廣場,台北市中山區長春路176號,13:10
烈火情人,06/23,國賓影城@台北長春廣場,台北市中山區長春路176號,13:10
烈火情人,06/24,國賓影城@台北長春廣場,台北市中山區長春路176號,13:10
烈火情人,06/25,國賓影城@台北長春廣場,台北市中山區長春路176號,13:10
玩命Online：雙槍對決,06/24,國賓影城@台南國賓廣場,台南市中華東路一段66號,14:00
玩命Online：雙槍對決,06/24,國賓影城@台南國賓廣場,台南市中華東路一段66號,16:00
玩命Online：雙槍對決,06/24,國賓影城@台南國賓廣場,台南市中華東路一段66號,18:10
玩命Online：雙槍對決,06/24,國賓影城@台南國賓廣場,台南市中華東路一段66號,20:10
玩命Online：雙槍對決,06/24,國賓影城@台南國賓廣場,台南市中華東路一段66號,22:20
玩命Online：雙槍對決,06/24,國賓影城@新莊晶冠廣場,新北市新莊區五工路66號3樓,14:00
玩命Online：雙槍對決,06/24,國賓影城@新莊晶冠廣場,新北市新莊區五工路66號3樓,15:50
玩命Online：雙槍對決,06/24,國賓影城@新莊晶冠廣場,新北市新莊區五工路66號3樓,17:40
玩命Online：雙槍對決,06/24,國賓影城@新莊晶冠廣場,新北市新莊區五工路66號3樓,19:30
玩命Online：雙槍對決,06/24,國賓影城@新莊晶冠廣場,新北市新莊區五工路66號3樓,21:20
玩命Online：雙槍對決,06/24,國賓影城@高雄大魯閣草衙道,高雄市前鎮區中山四路100號3樓,13:40
玩命Online：雙槍對決,06/24,國賓影城@高雄大魯閣草衙道,高雄市前鎮區中山四路100號3樓,15:30
玩命Online：雙槍對決,06/24,國賓影城@高雄大魯閣草衙道,高雄市前鎮區中山四路100號3樓,17:20
玩命Online：雙槍對決,06/24,國賓影城@高雄大魯閣草衙道,高雄市前鎮區中山四路100號3樓,19:10
玩命Online：雙槍對決,06/24,國賓影城@高雄大魯閣草衙道,高雄市前鎮區中山四路100號3樓,21:00
玩命Online：雙槍對決,06/24,國賓影城@高雄義大世界,高雄市大樹區學城路一段12號3樓,13:40
玩命Online：雙槍對決,06/24,國賓影城@高雄義大世界,高雄市大樹區學城路一段12號3樓,15:30
玩命Online：雙槍對決,06/24,國賓影城@高雄義大世界,高雄市大樹區學城路一段12號3樓,17:20
玩命Online：雙槍對決,06/24,國賓影城@高雄義大世界,高雄市大樹區學城路一段12號3樓,19:10
玩命Online：雙槍對決,06/25,國賓影城@台南國賓廣場,台南市中華東路一段66號,14:00
玩命Online：雙槍對決,06/25,國賓影城@台南國賓廣場,台南市中華東路一段66號,16:00
玩命Online：雙槍對決,06/25,國賓影城@台南國賓廣場,台南市中華東路一段66號,18:10
玩命Online：雙槍對決,06/25,國賓影城@台南國賓廣場,台南市中華東路一段66號,20:10
玩命Online：雙槍對決,06/25,國賓影城@台南國賓廣場,台南市中華東路一段66號,22:20
玩命Online：雙槍對決,06/25,國賓影城@新莊晶冠廣場,新北市新莊區五工路66號3樓,14:00
玩命Online：雙槍對決,06/25,國賓影城@新莊晶冠廣場,新北市新莊區五工路66號3樓,15:50
玩命Online：雙槍對決,06/25,國賓影城@新莊晶冠廣場,新北市新莊區五工路66號3樓,17:40
玩命Online：雙槍對決,06/25,國賓影城@新莊晶冠廣場,新北市新莊區五工路66號3樓,19:30
玩命Online：雙槍對決,06/25,國賓影城@新莊晶冠廣場,新北市新莊區五工路66號3樓,21:20
玩命Online：雙槍對決,06/25,國賓影城@高雄大魯閣草衙道,高雄市前鎮區中山四路100號3樓,13:40
玩命Online：雙槍對決,06/25,國賓影城@高雄大魯閣草衙道,高雄市前鎮區中山四路100號3樓,15:30
玩命Online：雙槍對決,06/25,國賓影城@高雄大魯閣草衙道,高雄市前鎮區中山四路100號3樓,17:20
玩命Online：雙槍對決,06/25,國賓影城@高雄大魯閣草衙道,高雄市前鎮區中山四路100號3樓,19:10
玩命Online：雙槍對決,06/25,國賓影城@高雄大魯閣草衙道,高雄市前鎮區中山四路100號3樓,21:00
玩命Online：雙槍對決,06/25,國賓影城@高雄義大世界,高雄市大樹區學城路一段12號3樓,13:40
玩命Online：雙槍對決,06/25,國賓影城@高雄義大世界,高雄市大樹區學城路一段12號3樓,15:30
玩命Online：雙槍對決,06/25,國賓影城@高雄義大世界,高雄市大樹區學城路一段12號3樓,17:20
玩命Online：雙槍對決,06/25,國賓影城@高雄義大世界,高雄市大樹區學城路一段12號3樓,19:10
福島50英雄,06/24,國賓影城@中和環球購物中心,新北市中和區中山路三段122號4樓,11:20
福島50英雄,06/24,國賓影城@中和環球購物中心,新北市中和區中山路三段122號4樓,15:20
福島50英雄,06/24,國賓影城@中和環球購物中心,新北市中和區中山路三段122號4樓,19:20
福島50英雄,06/24,國賓影城@八德廣豐新天地,桃園市八德區介壽路一段728號,14:00
福島50英雄,06/24,國賓影城@八德廣豐新天地,桃園市八德區介壽路一段728號,16:10
福島50英雄,06/24,國賓影城@八德廣豐新天地,桃園市八德區介壽路一段728號,18:20
福島50英雄,06/24,國賓影城@八德廣豐新天地,桃園市八德區介壽路一段728號,20:30
福島50英雄,06/24,國賓影城@台北微風廣場,台北市復興南路一段39號7樓,11:20
福島50英雄,06/24,國賓影城@台北微風廣場,台北市復興南路一段39號7樓,15:20
福島50英雄,06/24,國賓影城@台北微風廣場,台北市復興南路一段39號7樓,19:20
福島50英雄,06/24,國賓影城@台北長春廣場,台北市中山區長春路176號,14:10
福島50英雄,06/24,國賓影城@台北長春廣場,台北市中山區長春路176號,16:20
福島50英雄,06/24,國賓影城@台北長春廣場,台北市中山區長春路176號,18:30
福島50英雄,06/24,國賓影城@台北長春廣場,台北市中山區長春路176號,20:40
福島50英雄,06/24,國賓影城@台南國賓廣場,台南市中華東路一段66號,13:40
福島50英雄,06/24,國賓影城@台南國賓廣場,台南市中華東路一段66號,18:00
福島50英雄,06/24,國賓影城@台南國賓廣場,台南市中華東路一段66號,20:00
福島50英雄,06/24,國賓影城@台南國賓廣場,台南市中華東路一段66號,21:50
福島50英雄,06/24,國賓影城@屏東環球購物中心,屏東市仁愛路90號6樓,12:40
福島50英雄,06/24,國賓影城@屏東環球購物中心,屏東市仁愛路90號6樓,16:50
福島50英雄,06/24,國賓影城@屏東環球購物中心,屏東市仁愛路90號6樓,19:00
福島50英雄,06/24,國賓影城@屏東環球購物中心,屏東市仁愛路90號6樓,21:10
福島50英雄,06/24,國賓影城@新莊晶冠廣場,新北市新莊區五工路66號3樓,12:50
福島50英雄,06/24,國賓影城@新莊晶冠廣場,新北市新莊區五工路66號3樓,15:00
福島50英雄,06/24,國賓影城@新莊晶冠廣場,新北市新莊區五工路66號3樓,17:10
福島50英雄,06/24,國賓影城@新莊晶冠廣場,新北市新莊區五工路66號3樓,19:20
福島50英雄,06/24,國賓影城@新莊晶冠廣場,新北市新莊區五工路66號3樓,21:30
福島50英雄,06/24,國賓影城@林口昕境廣場,新北市林口區文化三路一段402巷2號4F,14:00
福島50英雄,06/24,國賓影城@林口昕境廣場,新北市林口區文化三路一段402巷2號4F,16:10
福島50英雄,06/24,國賓影城@林口昕境廣場,新北市林口區文化三路一段402巷2號4F,18:20
福島50英雄,06/24,國賓影城@林口昕境廣場,新北市林口區文化三路一段402巷2號4F,20:30
福島50英雄,06/24,國賓影城@淡水禮萊廣場,新北市淡水區中正路一段2號,14:00
福島50英雄,06/24,國賓影城@淡水禮萊廣場,新北市淡水區中正路一段2號,16:10
福島50英雄,06/24,國賓影城@淡水禮萊廣場,新北市淡水區中正路一段2號,18:20
福島50英雄,06/24,國賓影城@淡水禮萊廣場,新北市淡水區中正路一段2號,20:30
福島50英雄,06/24,國賓影城@金門昇恆昌金湖廣場,金門縣金湖鎮太湖路二段198號6樓,14:50
福島50英雄,06/24,國賓影城@金門昇恆昌金湖廣場,金門縣金湖鎮太湖路二段198號6樓,16:50
福島50英雄,06/24,國賓影城@高雄大魯閣草衙道,高雄市前鎮區中山四路100號3樓,13:50
福島50英雄,06/24,國賓影城@高雄大魯閣草衙道,高雄市前鎮區中山四路100號3樓,16:00
福島50英雄,06/24,國賓影城@高雄大魯閣草衙道,高雄市前鎮區中山四路100號3樓,18:10
福島50英雄,06/24,國賓影城@高雄大魯閣草衙道,高雄市前鎮區中山四路100號3樓,20:20
福島50英雄,06/24,國賓影城@高雄義大世界,高雄市大樹區學城路一段12號3樓,14:10
福島50英雄,06/24,國賓影城@高雄義大世界,高雄市大樹區學城路一段12號3樓,16:20
福島50英雄,06/24,國賓影城@高雄義大世界,高雄市大樹區學城路一段12號3樓,18:30
福島50英雄,06/24,國賓影城@高雄義大世界,高雄市大樹區學城路一段12號3樓,20:40
福島50英雄,06/25,國賓影城@中和環球購物中心,新北市中和區中山路三段122號4樓,13:10
福島50英雄,06/25,國賓影城@中和環球購物中心,新北市中和區中山路三段122號4樓,17:20
福島50英雄,06/25,國賓影城@中和環球購物中心,新北市中和區中山路三段122號4樓,19:30
福島50英雄,06/25,國賓影城@八德廣豐新天地,桃園市八德區介壽路一段728號,14:00
福島50英雄,06/25,國賓影城@八德廣豐新天地,桃園市八德區介壽路一段728號,16:10
福島50英雄,06/25,國賓影城@八德廣豐新天地,桃園市八德區介壽路一段728號,18:20
福島50英雄,06/25,國賓影城@八德廣豐新天地,桃園市八德區介壽路一段728號,20:30
福島50英雄,06/25,國賓影城@台北微風廣場,台北市復興南路一段39號7樓,11:20
福島50英雄,06/25,國賓影城@台北微風廣場,台北市復興南路一段39號7樓,15:20
福島50英雄,06/25,國賓影城@台北微風廣場,台北市復興南路一段39號7樓,19:20
福島50英雄,06/25,國賓影城@台北長春廣場,台北市中山區長春路176號,14:10
福島50英雄,06/25,國賓影城@台北長春廣場,台北市中山區長春路176號,16:20
福島50英雄,06/25,國賓影城@台北長春廣場,台北市中山區長春路176號,18:30
福島50英雄,06/25,國賓影城@台北長春廣場,台北市中山區長春路176號,20:40
福島50英雄,06/25,國賓影城@台南國賓廣場,台南市中華東路一段66號,16:00
福島50英雄,06/25,國賓影城@台南國賓廣場,台南市中華東路一段66號,18:00
福島50英雄,06/25,國賓影城@台南國賓廣場,台南市中華東路一段66號,20:00
福島50英雄,06/25,國賓影城@台南國賓廣場,台南市中華東路一段66號,21:50
福島50英雄,06/25,國賓影城@屏東環球購物中心,屏東市仁愛路90號6樓,12:40
福島50英雄,06/25,國賓影城@屏東環球購物中心,屏東市仁愛路90號6樓,16:50
福島50英雄,06/25,國賓影城@屏東環球購物中心,屏東市仁愛路90號6樓,19:00
福島50英雄,06/25,國賓影城@屏東環球購物中心,屏東市仁愛路90號6樓,21:10
福島50英雄,06/25,國賓影城@新莊晶冠廣場,新北市新莊區五工路66號3樓,12:50
福島50英雄,06/25,國賓影城@新莊晶冠廣場,新北市新莊區五工路66號3樓,15:00
福島50英雄,06/25,國賓影城@新莊晶冠廣場,新北市新莊區五工路66號3樓,17:10
福島50英雄,06/25,國賓影城@新莊晶冠廣場,新北市新莊區五工路66號3樓,19:20
福島50英雄,06/25,國賓影城@新莊晶冠廣場,新北市新莊區五工路66號3樓,21:30
福島50英雄,06/25,國賓影城@林口昕境廣場,新北市林口區文化三路一段402巷2號4F,14:00
福島50英雄,06/25,國賓影城@林口昕境廣場,新北市林口區文化三路一段402巷2號4F,16:10
福島50英雄,06/25,國賓影城@林口昕境廣場,新北市林口區文化三路一段402巷2號4F,18:20
福島50英雄,06/25,國賓影城@林口昕境廣場,新北市林口區文化三路一段402巷2號4F,20:30
福島50英雄,06/25,國賓影城@淡水禮萊廣場,新北市淡水區中正路一段2號,14:00
福島50英雄,06/25,國賓影城@淡水禮萊廣場,新北市淡水區中正路一段2號,16:10
福島50英雄,06/25,國賓影城@淡水禮萊廣場,新北市淡水區中正路一段2號,18:20
福島50英雄,06/25,國賓影城@淡水禮萊廣場,新北市淡水區中正路一段2號,20:30
福島50英雄,06/25,國賓影城@金門昇恆昌金湖廣場,金門縣金湖鎮太湖路二段198號6樓,14:50
福島50英雄,06/25,國賓影城@金門昇恆昌金湖廣場,金門縣金湖鎮太湖路二段198號6樓,16:50
福島50英雄,06/25,國賓影城@高雄大魯閣草衙道,高雄市前鎮區中山四路100號3樓,13:50
福島50英雄,06/25,國賓影城@高雄大魯閣草衙道,高雄市前鎮區中山四路100號3樓,16:00
福島50英雄,06/25,國賓影城@高雄大魯閣草衙道,高雄市前鎮區中山四路100號3樓,18:10
福島50英雄,06/25,國賓影城@高雄大魯閣草衙道,高雄市前鎮區中山四路100號3樓,20:20
福島50英雄,06/25,國賓影城@高雄義大世界,高雄市大樹區學城路一段12號3樓,14:10
福島50英雄,06/25,國賓影城@高雄義大世界,高雄市大樹區學城路一段12號3樓,16:20
福島50英雄,06/25,國賓影城@高雄義大世界,高雄市大樹區學城路一段12號3樓,18:30
福島50英雄,06/25,國賓影城@高雄義大世界,高雄市大樹區學城路一段12號3樓,20:40
罪人的控訴,06/20,國賓影城@台北長春廣場,台北市中山區長春路176號,16:10
罪人的控訴,06/21,國賓影城@台北長春廣場,台北市中山區長春路176號,16:10
罪人的控訴,06/22,國賓影城@台北長春廣場,台北市中山區長春路176號,16:10
罪人的控訴,06/23,國賓影城@台北長春廣場,台北市中山區長春路176號,16:10
罪人的控訴,06/24,國賓影城@台北長春廣場,台北市中山區長春路176號,13:10
羅根,06/20,國賓影城@中和環球購物中心,新北市中和區中山路三段122號4樓,14:00
羅根,06/20,國賓影城@中和環球購物中心,新北市中和區中山路三段122號4樓,17:40
羅根,06/20,國賓影城@八德廣豐新天地,桃園市八德區介壽路一段728號,15:25
羅根,06/20,國賓影城@八德廣豐新天地,桃園市八德區介壽路一段728號,20:10
羅根,06/20,國賓影城@台北微風廣場,台北市復興南路一段39號7樓,11:30
羅根,06/20,國賓影城@台北微風廣場,台北市復興南路一段39號7樓,17:10
羅根,06/20,國賓影城@台北長春廣場,台北市中山區長春路176號,15:45
羅根,06/20,國賓影城@台北長春廣場,台北市中山區長春路176號,20:10
羅根,06/20,國賓影城@台南國賓廣場,台南市中華東路一段66號,14:30
羅根,06/20,國賓影城@台南國賓廣場,台南市中華東路一段66號,19:20
羅根,06/20,國賓影城@屏東環球購物中心,屏東市仁愛路90號6樓,13:30
羅根,06/20,國賓影城@屏東環球購物中心,屏東市仁愛路90號6樓,18:00
羅根,06/20,國賓影城@新莊晶冠廣場,新北市新莊區五工路66號3樓,14:05
羅根,06/20,國賓影城@新莊晶冠廣場,新北市新莊區五工路66號3樓,18:45
羅根,06/20,國賓影城@林口昕境廣場,新北市林口區文化三路一段402巷2號4F,13:20
羅根,06/20,國賓影城@林口昕境廣場,新北市林口區文化三路一段402巷2號4F,18:05
羅根,06/20,國賓影城@淡水禮萊廣場,新北市淡水區中正路一段2號,13:20
羅根,06/20,國賓影城@淡水禮萊廣場,新北市淡水區中正路一段2號,18:05
羅根,06/20,國賓影城@高雄大魯閣草衙道,高雄市前鎮區中山四路100號3樓,18:10
羅根,06/20,國賓影城@高雄大魯閣草衙道,高雄市前鎮區中山四路100號3樓,21:00
羅根,06/20,國賓影城@高雄義大世界,高雄市大樹區學城路一段12號3樓,13:50
羅根,06/20,國賓影城@高雄義大世界,高雄市大樹區學城路一段12號3樓,21:00
羅根,06/21,國賓影城@中和環球購物中心,新北市中和區中山路三段122號4樓,14:00
羅根,06/21,國賓影城@中和環球購物中心,新北市中和區中山路三段122號4樓,17:40
羅根,06/21,國賓影城@八德廣豐新天地,桃園市八德區介壽路一段728號,15:25
羅根,06/21,國賓影城@八德廣豐新天地,桃園市八德區介壽路一段728號,20:10
羅根,06/21,國賓影城@台北微風廣場,台北市復興南路一段39號7樓,11:30
羅根,06/21,國賓影城@台北微風廣場,台北市復興南路一段39號7樓,17:10
羅根,06/21,國賓影城@台北長春廣場,台北市中山區長春路176號,15:45
羅根,06/21,國賓影城@台北長春廣場,台北市中山區長春路176號,20:10
羅根,06/21,國賓影城@台南國賓廣場,台南市中華東路一段66號,14:30
羅根,06/21,國賓影城@台南國賓廣場,台南市中華東路一段66號,19:20
羅根,06/21,國賓影城@屏東環球購物中心,屏東市仁愛路90號6樓,13:30
羅根,06/21,國賓影城@屏東環球購物中心,屏東市仁愛路90號6樓,18:00
羅根,06/21,國賓影城@新莊晶冠廣場,新北市新莊區五工路66號3樓,14:05
羅根,06/21,國賓影城@新莊晶冠廣場,新北市新莊區五工路66號3樓,18:45
羅根,06/21,國賓影城@林口昕境廣場,新北市林口區文化三路一段402巷2號4F,13:20
羅根,06/21,國賓影城@林口昕境廣場,新北市林口區文化三路一段402巷2號4F,18:05
羅根,06/21,國賓影城@淡水禮萊廣場,新北市淡水區中正路一段2號,13:20
羅根,06/21,國賓影城@淡水禮萊廣場,新北市淡水區中正路一段2號,18:05
羅根,06/21,國賓影城@高雄大魯閣草衙道,高雄市前鎮區中山四路100號3樓,18:10
羅根,06/21,國賓影城@高雄大魯閣草衙道,高雄市前鎮區中山四路100號3樓,21:00
羅根,06/21,國賓影城@高雄義大世界,高雄市大樹區學城路一段12號3樓,13:50
羅根,06/21,國賓影城@高雄義大世界,高雄市大樹區學城路一段12號3樓,21:00
羅根,06/22,國賓影城@中和環球購物中心,新北市中和區中山路三段122號4樓,14:00
羅根,06/22,國賓影城@中和環球購物中心,新北市中和區中山路三段122號4樓,17:40
羅根,06/22,國賓影城@八德廣豐新天地,桃園市八德區介壽路一段728號,13:20
羅根,06/22,國賓影城@八德廣豐新天地,桃園市八德區介壽路一段728號,18:05
羅根,06/22,國賓影城@台北微風廣場,台北市復興南路一段39號7樓,11:30
羅根,06/22,國賓影城@台北微風廣場,台北市復興南路一段39號7樓,17:10
羅根,06/22,國賓影城@台北長春廣場,台北市中山區長春路176號,15:45
羅根,06/22,國賓影城@台北長春廣場,台北市中山區長春路176號,20:10
羅根,06/22,國賓影城@台南國賓廣場,台南市中華東路一段66號,14:30
羅根,06/22,國賓影城@台南國賓廣場,台南市中華東路一段66號,19:20
羅根,06/22,國賓影城@屏東環球購物中心,屏東市仁愛路90號6樓,13:30
羅根,06/22,國賓影城@屏東環球購物中心,屏東市仁愛路90號6樓,18:00
羅根,06/22,國賓影城@新莊晶冠廣場,新北市新莊區五工路66號3樓,14:05
羅根,06/22,國賓影城@新莊晶冠廣場,新北市新莊區五工路66號3樓,18:45
羅根,06/22,國賓影城@林口昕境廣場,新北市林口區文化三路一段402巷2號4F,13:20
羅根,06/22,國賓影城@林口昕境廣場,新北市林口區文化三路一段402巷2號4F,18:05
羅根,06/22,國賓影城@淡水禮萊廣場,新北市淡水區中正路一段2號,13:20
羅根,06/22,國賓影城@淡水禮萊廣場,新北市淡水區中正路一段2號,18:05
羅根,06/22,國賓影城@高雄大魯閣草衙道,高雄市前鎮區中山四路100號3樓,18:10
羅根,06/22,國賓影城@高雄大魯閣草衙道,高雄市前鎮區中山四路100號3樓,21:00
羅根,06/22,國賓影城@高雄義大世界,高雄市大樹區學城路一段12號3樓,13:50
羅根,06/22,國賓影城@高雄義大世界,高雄市大樹區學城路一段12號3樓,21:00
羅根,06/23,國賓影城@中和環球購物中心,新北市中和區中山路三段122號4樓,14:00
羅根,06/23,國賓影城@中和環球購物中心,新北市中和區中山路三段122號4樓,17:40
羅根,06/23,國賓影城@八德廣豐新天地,桃園市八德區介壽路一段728號,13:20
羅根,06/23,國賓影城@八德廣豐新天地,桃園市八德區介壽路一段728號,18:05
羅根,06/23,國賓影城@台北微風廣場,台北市復興南路一段39號7樓,11:30
羅根,06/23,國賓影城@台北微風廣場,台北市復興南路一段39號7樓,17:10
羅根,06/23,國賓影城@台北長春廣場,台北市中山區長春路176號,15:45
羅根,06/23,國賓影城@台北長春廣場,台北市中山區長春路176號,20:10
羅根,06/23,國賓影城@台南國賓廣場,台南市中華東路一段66號,14:30
羅根,06/23,國賓影城@台南國賓廣場,台南市中華東路一段66號,19:20
羅根,06/23,國賓影城@屏東環球購物中心,屏東市仁愛路90號6樓,13:30
羅根,06/23,國賓影城@屏東環球購物中心,屏東市仁愛路90號6樓,18:00
羅根,06/23,國賓影城@新莊晶冠廣場,新北市新莊區五工路66號3樓,14:05
羅根,06/23,國賓影城@新莊晶冠廣場,新北市新莊區五工路66號3樓,18:45
羅根,06/23,國賓影城@林口昕境廣場,新北市林口區文化三路一段402巷2號4F,13:20
羅根,06/23,國賓影城@林口昕境廣場,新北市林口區文化三路一段402巷2號4F,18:05
羅根,06/23,國賓影城@淡水禮萊廣場,新北市淡水區中正路一段2號,13:20
羅根,06/23,國賓影城@淡水禮萊廣場,新北市淡水區中正路一段2號,18:05
羅根,06/23,國賓影城@高雄大魯閣草衙道,高雄市前鎮區中山四路100號3樓,18:10
羅根,06/23,國賓影城@高雄大魯閣草衙道,高雄市前鎮區中山四路100號3樓,21:00
羅根,06/23,國賓影城@高雄義大世界,高雄市大樹區學城路一段12號3樓,13:50
羅根,06/23,國賓影城@高雄義大世界,高雄市大樹區學城路一段12號3樓,21:00
羅根,06/24,國賓影城@中和環球購物中心,新北市中和區中山路三段122號4樓,15:30
羅根,06/24,國賓影城@八德廣豐新天地,桃園市八德區介壽路一段728號,17:50
羅根,06/24,國賓影城@台北微風廣場,台北市復興南路一段39號7樓,11:40
羅根,06/24,國賓影城@台北長春廣場,台北市中山區長春路176號,18:00
羅根,06/24,國賓影城@台南國賓廣場,台南市中華東路一段66號,19:20
羅根,06/24,國賓影城@屏東環球購物中心,屏東市仁愛路90號6樓,12:40
羅根,06/24,國賓影城@新莊晶冠廣場,新北市新莊區五工路66號3樓,21:20
羅根,06/24,國賓影城@林口昕境廣場,新北市林口區文化三路一段402巷2號4F,16:20
羅根,06/24,國賓影城@淡水禮萊廣場,新北市淡水區中正路一段2號,21:00
羅根,06/24,國賓影城@高雄大魯閣草衙道,高雄市前鎮區中山四路100號3樓,13:20
羅根,06/24,國賓影城@高雄義大世界,高雄市大樹區學城路一段12號3樓,13:50
羅根,06/25,國賓影城@中和環球購物中心,新北市中和區中山路三段122號4樓,15:40
羅根,06/25,國賓影城@台南國賓廣場,台南市中華東路一段66號,19:30
羅根,06/25,國賓影城@新莊晶冠廣場,新北市新莊區五工路66號3樓,20:40
羅根,06/25,國賓影城@林口昕境廣場,新北市林口區文化三路一段402巷2號4F,16:20
羅根,06/25,國賓影城@高雄大魯閣草衙道,高雄市前鎮區中山四路100號3樓,13:20
羅根,06/25,國賓影城@高雄義大世界,高雄市大樹區學城路一段12號3樓,13:50
萬花嬉春,06/25,國賓大戲院,台北市成都路88號,17:25
萬花嬉春,06/25,國賓影城@台北微風廣場,台北市復興南路一段39號7樓,14:30
萬花嬉春,06/25,國賓影城@台北長春廣場,台北市中山區長春路176號,14:00
萬花嬉春,06/25,國賓影城@台北長春廣場,台北市中山區長春路176號,18:25
蚵豐村,06/20,國賓影城@台北長春廣場,台北市中山區長春路176號,14:00
蚵豐村,06/21,國賓影城@台北長春廣場,台北市中山區長春路176號,14:00
蚵豐村,06/22,國賓影城@台北長春廣場,台北市中山區長春路176號,14:00
蚵豐村,06/23,國賓影城@台北長春廣場,台北市中山區長春路176號,14:00
蚵豐村,06/24,國賓影城@台北長春廣場,台北市中山區長春路176號,15:35
蚵豐村,06/25,國賓影城@台北長春廣場,台北市中山區長春路176號,15:35
蝙蝠俠：開戰時刻,06/20,國賓影城@高雄大魯閣草衙道,高雄市前鎮區中山四路100號3樓,14:40
蝙蝠俠：開戰時刻,06/21,國賓影城@高雄大魯閣草衙道,高雄市前鎮區中山四路100號3樓,14:40
蝙蝠俠：開戰時刻,06/22,國賓影城@高雄大魯閣草衙道,高雄市前鎮區中山四路100號3樓,14:40
蝙蝠俠：開戰時刻,06/23,國賓影城@高雄大魯閣草衙道,高雄市前鎮區中山四路100號3樓,14:40
親愛的小孩,06/24,國賓影城@台北長春廣場,台北市中山區長春路176號,15:40
親愛的小孩,06/24,國賓影城@台北長春廣場,台北市中山區長春路176號,19:15
親愛的小孩,06/25,國賓影城@台北長春廣場,台北市中山區長春路176號,15:20
親愛的小孩,06/25,國賓影城@台北長春廣場,台北市中山區長春路176號,19:20
親愛陌生人,06/20,國賓影城@台北長春廣場,台北市中山區長春路176號,13:30
親愛陌生人,06/20,國賓影城@台北長春廣場,台北市中山區長春路176號,15:45
親愛陌生人,06/20,國賓影城@台北長春廣場,台北市中山區長春路176號,18:00
親愛陌生人,06/21,國賓影城@台北長春廣場,台北市中山區長春路176號,13:30
親愛陌生人,06/21,國賓影城@台北長春廣場,台北市中山區長春路176號,15:45
親愛陌生人,06/21,國賓影城@台北長春廣場,台北市中山區長春路176號,18:00
親愛陌生人,06/22,國賓影城@台北長春廣場,台北市中山區長春路176號,13:30
親愛陌生人,06/22,國賓影城@台北長春廣場,台北市中山區長春路176號,15:45
親愛陌生人,06/22,國賓影城@台北長春廣場,台北市中山區長春路176號,18:00
親愛陌生人,06/23,國賓影城@台北長春廣場,台北市中山區長春路176號,13:30
親愛陌生人,06/23,國賓影城@台北長春廣場,台北市中山區長春路176號,15:45
親愛陌生人,06/23,國賓影城@台北長春廣場,台北市中山區長春路176號,18:00
親愛陌生人,06/24,國賓影城@台北長春廣場,台北市中山區長春路176號,16:05
親愛陌生人,06/25,國賓影城@台北長春廣場,台北市中山區長春路176號,15:55
金魚俱樂部,06/20,國賓影城@台北長春廣場,台北市中山區長春路176號,16:15
金魚俱樂部,06/20,國賓影城@台北長春廣場,台北市中山區長春路176號,18:20
金魚俱樂部,06/21,國賓影城@台北長春廣場,台北市中山區長春路176號,16:15
金魚俱樂部,06/21,國賓影城@台北長春廣場,台北市中山區長春路176號,18:20
金魚俱樂部,06/22,國賓影城@台北長春廣場,台北市中山區長春路176號,16:15
金魚俱樂部,06/22,國賓影城@台北長春廣場,台北市中山區長春路176號,18:20
金魚俱樂部,06/23,國賓影城@台北長春廣場,台北市中山區長春路176號,16:15
金魚俱樂部,06/23,國賓影城@台北長春廣場,台北市中山區長春路176號,18:20
金魚俱樂部,06/24,國賓影城@台北長春廣場,台北市中山區長春路176號,14:00
金魚俱樂部,06/25,國賓影城@台北長春廣場,台北市中山區長春路176號,13:50
銀翼殺手最終版,06/20,國賓大戲院,台北市成都路88號,14:20
銀翼殺手最終版,06/20,國賓大戲院,台北市成都路88號,18:40
銀翼殺手最終版,06/20,國賓大戲院,台北市成都路88號,20:50
銀翼殺手最終版,06/20,國賓影城@中和環球購物中心,新北市中和區中山路三段122號4樓,20:20
銀翼殺手最終版,06/20,國賓影城@八德廣豐新天地,桃園市八德區介壽路一段728號,20:00
銀翼殺手最終版,06/20,國賓影城@台北微風廣場,台北市復興南路一段39號7樓,20:20
銀翼殺手最終版,06/20,國賓影城@台北長春廣場,台北市中山區長春路176號,15:15
銀翼殺手最終版,06/20,國賓影城@台北長春廣場,台北市中山區長春路176號,19:20
銀翼殺手最終版,06/20,國賓影城@台北長春廣場,台北市中山區長春路176號,21:10
銀翼殺手最終版,06/20,國賓影城@台南國賓廣場,台南市中華東路一段66號,22:00
銀翼殺手最終版,06/20,國賓影城@新莊晶冠廣場,新北市新莊區五工路66號3樓,20:10
銀翼殺手最終版,06/20,國賓影城@林口昕境廣場,新北市林口區文化三路一段402巷2號4F,19:40
銀翼殺手最終版,06/20,國賓影城@淡水禮萊廣場,新北市淡水區中正路一段2號,19:40
銀翼殺手最終版,06/20,國賓影城@高雄大魯閣草衙道,高雄市前鎮區中山四路100號3樓,20:40
銀翼殺手最終版,06/20,國賓影城@高雄義大世界,高雄市大樹區學城路一段12號3樓,18:20
銀翼殺手最終版,06/21,國賓大戲院,台北市成都路88號,14:20
銀翼殺手最終版,06/21,國賓大戲院,台北市成都路88號,18:40
銀翼殺手最終版,06/21,國賓大戲院,台北市成都路88號,20:50
銀翼殺手最終版,06/21,國賓影城@中和環球購物中心,新北市中和區中山路三段122號4樓,20:20
銀翼殺手最終版,06/21,國賓影城@八德廣豐新天地,桃園市八德區介壽路一段728號,20:00
銀翼殺手最終版,06/21,國賓影城@台北微風廣場,台北市復興南路一段39號7樓,20:20
銀翼殺手最終版,06/21,國賓影城@台北長春廣場,台北市中山區長春路176號,15:15
銀翼殺手最終版,06/21,國賓影城@台北長春廣場,台北市中山區長春路176號,19:20
銀翼殺手最終版,06/21,國賓影城@台北長春廣場,台北市中山區長春路176號,21:10
銀翼殺手最終版,06/21,國賓影城@台南國賓廣場,台南市中華東路一段66號,22:00
銀翼殺手最終版,06/21,國賓影城@新莊晶冠廣場,新北市新莊區五工路66號3樓,20:10
銀翼殺手最終版,06/21,國賓影城@林口昕境廣場,新北市林口區文化三路一段402巷2號4F,19:40
銀翼殺手最終版,06/21,國賓影城@淡水禮萊廣場,新北市淡水區中正路一段2號,19:40
銀翼殺手最終版,06/21,國賓影城@高雄大魯閣草衙道,高雄市前鎮區中山四路100號3樓,20:40
銀翼殺手最終版,06/21,國賓影城@高雄義大世界,高雄市大樹區學城路一段12號3樓,18:20
銀翼殺手最終版,06/22,國賓大戲院,台北市成都路88號,20:30
銀翼殺手最終版,06/22,國賓影城@中和環球購物中心,新北市中和區中山路三段122號4樓,20:20
銀翼殺手最終版,06/22,國賓影城@八德廣豐新天地,桃園市八德區介壽路一段728號,20:00
銀翼殺手最終版,06/22,國賓影城@台北微風廣場,台北市復興南路一段39號7樓,20:20
銀翼殺手最終版,06/22,國賓影城@台北長春廣場,台北市中山區長春路176號,15:15
銀翼殺手最終版,06/22,國賓影城@台北長春廣場,台北市中山區長春路176號,19:20
銀翼殺手最終版,06/22,國賓影城@台北長春廣場,台北市中山區長春路176號,21:10
銀翼殺手最終版,06/22,國賓影城@台南國賓廣場,台南市中華東路一段66號,22:00
銀翼殺手最終版,06/22,國賓影城@新莊晶冠廣場,新北市新莊區五工路66號3樓,20:10
銀翼殺手最終版,06/22,國賓影城@林口昕境廣場,新北市林口區文化三路一段402巷2號4F,19:40
銀翼殺手最終版,06/22,國賓影城@淡水禮萊廣場,新北市淡水區中正路一段2號,19:40
銀翼殺手最終版,06/22,國賓影城@高雄大魯閣草衙道,高雄市前鎮區中山四路100號3樓,20:40
銀翼殺手最終版,06/22,國賓影城@高雄義大世界,高雄市大樹區學城路一段12號3樓,18:20
銀翼殺手最終版,06/23,國賓大戲院,台北市成都路88號,20:30
銀翼殺手最終版,06/23,國賓影城@中和環球購物中心,新北市中和區中山路三段122號4樓,20:20
銀翼殺手最終版,06/23,國賓影城@八德廣豐新天地,桃園市八德區介壽路一段728號,20:00
銀翼殺手最終版,06/23,國賓影城@台北微風廣場,台北市復興南路一段39號7樓,20:20
銀翼殺手最終版,06/23,國賓影城@台北長春廣場,台北市中山區長春路176號,15:15
銀翼殺手最終版,06/23,國賓影城@台北長春廣場,台北市中山區長春路176號,19:20
銀翼殺手最終版,06/23,國賓影城@台北長春廣場,台北市中山區長春路176號,21:10
銀翼殺手最終版,06/23,國賓影城@台南國賓廣場,台南市中華東路一段66號,22:00
銀翼殺手最終版,06/23,國賓影城@新莊晶冠廣場,新北市新莊區五工路66號3樓,20:10
銀翼殺手最終版,06/23,國賓影城@林口昕境廣場,新北市林口區文化三路一段402巷2號4F,19:40
銀翼殺手最終版,06/23,國賓影城@淡水禮萊廣場,新北市淡水區中正路一段2號,19:40
銀翼殺手最終版,06/23,國賓影城@高雄大魯閣草衙道,高雄市前鎮區中山四路100號3樓,20:40
銀翼殺手最終版,06/23,國賓影城@高雄義大世界,高雄市大樹區學城路一段12號3樓,18:20
銀翼殺手最終版,06/24,國賓大戲院,台北市成都路88號,17:10
銀翼殺手最終版,06/24,國賓影城@中和環球購物中心,新北市中和區中山路三段122號4樓,20:20
銀翼殺手最終版,06/24,國賓影城@八德廣豐新天地,桃園市八德區介壽路一段728號,20:30
銀翼殺手最終版,06/24,國賓影城@台北微風廣場,台北市復興南路一段39號7樓,20:20
銀翼殺手最終版,06/24,國賓影城@台北長春廣場,台北市中山區長春路176號,15:15
銀翼殺手最終版,06/24,國賓影城@台北長春廣場,台北市中山區長春路176號,19:20
銀翼殺手最終版,06/24,國賓影城@台北長春廣場,台北市中山區長春路176號,21:10
銀翼殺手最終版,06/24,國賓影城@台南國賓廣場,台南市中華東路一段66號,22:00
銀翼殺手最終版,06/24,國賓影城@新莊晶冠廣場,新北市新莊區五工路66號3樓,20:40
銀翼殺手最終版,06/24,國賓影城@林口昕境廣場,新北市林口區文化三路一段402巷2號4F,19:40
銀翼殺手最終版,06/24,國賓影城@淡水禮萊廣場,新北市淡水區中正路一段2號,18:50
銀翼殺手最終版,06/24,國賓影城@高雄大魯閣草衙道,高雄市前鎮區中山四路100號3樓,16:30
銀翼殺手最終版,06/24,國賓影城@高雄義大世界,高雄市大樹區學城路一段12號3樓,18:20
銀翼殺手最終版,06/25,國賓大戲院,台北市成都路88號,10:20
銀翼殺手最終版,06/25,國賓影城@中和環球購物中心,新北市中和區中山路三段122號4樓,20:10
銀翼殺手最終版,06/25,國賓影城@八德廣豐新天地,桃園市八德區介壽路一段728號,20:40
銀翼殺手最終版,06/25,國賓影城@台北微風廣場,台北市復興南路一段39號7樓,20:40
銀翼殺手最終版,06/25,國賓影城@台北長春廣場,台北市中山區長春路176號,15:15
銀翼殺手最終版,06/25,國賓影城@台北長春廣場,台北市中山區長春路176號,19:20
銀翼殺手最終版,06/25,國賓影城@台南國賓廣場,台南市中華東路一段66號,22:00
銀翼殺手最終版,06/25,國賓影城@新莊晶冠廣場,新北市新莊區五工路66號3樓,20:50
銀翼殺手最終版,06/25,國賓影城@林口昕境廣場,新北市林口區文化三路一段402巷2號4F,19:50
銀翼殺手最終版,06/25,國賓影城@淡水禮萊廣場,新北市淡水區中正路一段2號,18:50
銀翼殺手最終版,06/25,國賓影城@高雄大魯閣草衙道,高雄市前鎮區中山四路100號3樓,16:30
銀翼殺手最終版,06/25,國賓影城@高雄義大世界,高雄市大樹區學城路一段12號3樓,18:20
靠北少女,06/20,國賓影城@屏東環球購物中心,屏東市仁愛路90號6樓,12:40
靠北少女,06/21,國賓影城@屏東環球購物中心,屏東市仁愛路90號6樓,12:40
靠北少女,06/22,國賓影城@屏東環球購物中心,屏東市仁愛路90號6樓,12:40
靠北少女,06/23,國賓影城@屏東環球購物中心,屏東市仁愛路90號6樓,12:40
黑暗騎士,06/20,國賓影城@中和環球購物中心,新北市中和區中山路三段122號4樓,15:20
黑暗騎士,06/20,國賓影城@中和環球購物中心,新北市中和區中山路三段122號4樓,20:10
黑暗騎士,06/20,國賓影城@台北長春廣場,台北市中山區長春路176號,15:45
黑暗騎士,06/20,國賓影城@高雄大魯閣草衙道,高雄市前鎮區中山四路100號3樓,20:20
黑暗騎士,06/21,國賓影城@中和環球購物中心,新北市中和區中山路三段122號4樓,15:20
黑暗騎士,06/21,國賓影城@中和環球購物中心,新北市中和區中山路三段122號4樓,20:10
黑暗騎士,06/21,國賓影城@台北長春廣場,台北市中山區長春路176號,15:45
黑暗騎士,06/21,國賓影城@高雄大魯閣草衙道,高雄市前鎮區中山四路100號3樓,20:20
黑暗騎士,06/22,國賓影城@中和環球購物中心,新北市中和區中山路三段122號4樓,15:20
黑暗騎士,06/22,國賓影城@中和環球購物中心,新北市中和區中山路三段122號4樓,20:10
黑暗騎士,06/22,國賓影城@台北長春廣場,台北市中山區長春路176號,15:45
黑暗騎士,06/22,國賓影城@高雄大魯閣草衙道,高雄市前鎮區中山四路100號3樓,20:20
黑暗騎士,06/23,國賓影城@中和環球購物中心,新北市中和區中山路三段122號4樓,15:20
黑暗騎士,06/23,國賓影城@中和環球購物中心,新北市中和區中山路三段122號4樓,20:10
黑暗騎士,06/23,國賓影城@台北長春廣場,台北市中山區長春路176號,15:45
黑暗騎士,06/23,國賓影城@高雄大魯閣草衙道,高雄市前鎮區中山四路100號3樓,20:20
黑暗騎士：黎明昇起,06/20,國賓影城@高雄大魯閣草衙道,高雄市前鎮區中山四路100號3樓,17:20
黑暗騎士：黎明昇起,06/21,國賓影城@高雄大魯閣草衙道,高雄市前鎮區中山四路100號3樓,17:20
黑暗騎士：黎明昇起,06/22,國賓影城@高雄大魯閣草衙道,高雄市前鎮區中山四路100號3樓,17:20
黑暗騎士：黎明昇起,06/23,國賓影城@高雄大魯閣草衙道,高雄市前鎮區中山四路100號3樓,17:20
