title,date,theater,location,time
1/2的魔法,05/29,國賓大戲院,台北市成都路88號,10:40
1/2的魔法,05/29,國賓大戲院,台北市成都路88號,14:40
1/2的魔法,05/29,國賓大戲院,台北市成都路88號,16:50
1/2的魔法,05/29,國賓大戲院,台北市成都路88號,18:50
1/2的魔法,05/29,國賓大戲院,台北市成都路88號,20:50
1/2的魔法,05/29,國賓影城@中和環球購物中心,新北市中和區中山路三段122號4樓,11:10
1/2的魔法,05/29,國賓影城@中和環球購物中心,新北市中和區中山路三段122號4樓,13:10
1/2的魔法,05/29,國賓影城@中和環球購物中心,新北市中和區中山路三段122號4樓,15:15
1/2的魔法,05/29,國賓影城@中和環球購物中心,新北市中和區中山路三段122號4樓,17:20
1/2的魔法,05/29,國賓影城@中和環球購物中心,新北市中和區中山路三段122號4樓,18:10
1/2的魔法,05/29,國賓影城@中和環球購物中心,新北市中和區中山路三段122號4樓,19:25
1/2的魔法,05/29,國賓影城@中和環球購物中心,新北市中和區中山路三段122號4樓,21:30
1/2的魔法,05/29,國賓影城@八德廣豐新天地,桃園市八德區介壽路一段728號,13:20
1/2的魔法,05/29,國賓影城@八德廣豐新天地,桃園市八德區介壽路一段728號,15:20
1/2的魔法,05/29,國賓影城@八德廣豐新天地,桃園市八德區介壽路一段728號,17:20
1/2的魔法,05/29,國賓影城@八德廣豐新天地,桃園市八德區介壽路一段728號,19:25
1/2的魔法,05/29,國賓影城@八德廣豐新天地,桃園市八德區介壽路一段728號,21:30
1/2的魔法,05/29,國賓影城@台北微風廣場,台北市復興南路一段39號7樓,11:10
1/2的魔法,05/29,國賓影城@台北微風廣場,台北市復興南路一段39號7樓,13:10
1/2的魔法,05/29,國賓影城@台北微風廣場,台北市復興南路一段39號7樓,14:20
1/2的魔法,05/29,國賓影城@台北微風廣場,台北市復興南路一段39號7樓,15:10
1/2的魔法,05/29,國賓影城@台北微風廣場,台北市復興南路一段39號7樓,17:10
1/2的魔法,05/29,國賓影城@台北微風廣場,台北市復興南路一段39號7樓,19:10
1/2的魔法,05/29,國賓影城@台北長春廣場,台北市中山區長春路176號,13:20
1/2的魔法,05/29,國賓影城@台北長春廣場,台北市中山區長春路176號,14:10
1/2的魔法,05/29,國賓影城@台北長春廣場,台北市中山區長春路176號,15:20
1/2的魔法,05/29,國賓影城@台北長春廣場,台北市中山區長春路176號,17:20
1/2的魔法,05/29,國賓影城@台北長春廣場,台北市中山區長春路176號,18:10
1/2的魔法,05/29,國賓影城@台北長春廣場,台北市中山區長春路176號,19:20
1/2的魔法,05/29,國賓影城@台南國賓廣場,台南市中華東路一段66號,13:30
1/2的魔法,05/29,國賓影城@台南國賓廣場,台南市中華東路一段66號,15:40
1/2的魔法,05/29,國賓影城@台南國賓廣場,台南市中華東路一段66號,17:50
1/2的魔法,05/29,國賓影城@台南國賓廣場,台南市中華東路一段66號,20:00
1/2的魔法,05/29,國賓影城@台南國賓廣場,台南市中華東路一段66號,22:10
1/2的魔法,05/29,國賓影城@屏東環球購物中心,屏東市仁愛路90號6樓,12:30
1/2的魔法,05/29,國賓影城@屏東環球購物中心,屏東市仁愛路90號6樓,14:30
1/2的魔法,05/29,國賓影城@屏東環球購物中心,屏東市仁愛路90號6樓,16:30
1/2的魔法,05/29,國賓影城@屏東環球購物中心,屏東市仁愛路90號6樓,18:30
1/2的魔法,05/29,國賓影城@屏東環球購物中心,屏東市仁愛路90號6樓,19:55
1/2的魔法,05/29,國賓影城@新莊晶冠廣場,新北市新莊區五工路66號3樓,13:30
1/2的魔法,05/29,國賓影城@新莊晶冠廣場,新北市新莊區五工路66號3樓,14:10
1/2的魔法,05/29,國賓影城@新莊晶冠廣場,新北市新莊區五工路66號3樓,15:30
1/2的魔法,05/29,國賓影城@新莊晶冠廣場,新北市新莊區五工路66號3樓,17:30
1/2的魔法,05/29,國賓影城@新莊晶冠廣場,新北市新莊區五工路66號3樓,18:20
1/2的魔法,05/29,國賓影城@新莊晶冠廣場,新北市新莊區五工路66號3樓,19:30
1/2的魔法,05/29,國賓影城@新莊晶冠廣場,新北市新莊區五工路66號3樓,21:30
1/2的魔法,05/29,國賓影城@林口昕境廣場,新北市林口區文化三路一段402巷2號4F,13:30
1/2的魔法,05/29,國賓影城@林口昕境廣場,新北市林口區文化三路一段402巷2號4F,15:30
1/2的魔法,05/29,國賓影城@林口昕境廣場,新北市林口區文化三路一段402巷2號4F,17:30
1/2的魔法,05/29,國賓影城@林口昕境廣場,新北市林口區文化三路一段402巷2號4F,19:30
1/2的魔法,05/29,國賓影城@林口昕境廣場,新北市林口區文化三路一段402巷2號4F,20:20
1/2的魔法,05/29,國賓影城@淡水禮萊廣場,新北市淡水區中正路一段2號,13:30
1/2的魔法,05/29,國賓影城@淡水禮萊廣場,新北市淡水區中正路一段2號,15:30
1/2的魔法,05/29,國賓影城@淡水禮萊廣場,新北市淡水區中正路一段2號,17:30
1/2的魔法,05/29,國賓影城@淡水禮萊廣場,新北市淡水區中正路一段2號,19:30
1/2的魔法,05/29,國賓影城@金門昇恆昌金湖廣場,金門縣金湖鎮太湖路二段198號6樓,16:40
1/2的魔法,05/29,國賓影城@金門昇恆昌金湖廣場,金門縣金湖鎮太湖路二段198號6樓,18:50
1/2的魔法,05/29,國賓影城@高雄大魯閣草衙道,高雄市前鎮區中山四路100號3樓,13:30
1/2的魔法,05/29,國賓影城@高雄大魯閣草衙道,高雄市前鎮區中山四路100號3樓,15:30
1/2的魔法,05/29,國賓影城@高雄大魯閣草衙道,高雄市前鎮區中山四路100號3樓,17:30
1/2的魔法,05/29,國賓影城@高雄大魯閣草衙道,高雄市前鎮區中山四路100號3樓,19:30
1/2的魔法,05/29,國賓影城@高雄大魯閣草衙道,高雄市前鎮區中山四路100號3樓,21:30
1/2的魔法,05/29,國賓影城@高雄義大世界,高雄市大樹區學城路一段12號3樓,13:30
1/2的魔法,05/29,國賓影城@高雄義大世界,高雄市大樹區學城路一段12號3樓,15:30
1/2的魔法,05/29,國賓影城@高雄義大世界,高雄市大樹區學城路一段12號3樓,17:30
1/2的魔法,05/29,國賓影城@高雄義大世界,高雄市大樹區學城路一段12號3樓,18:30
1/2的魔法,05/29,國賓影城@高雄義大世界,高雄市大樹區學城路一段12號3樓,19:30
1/2的魔法,05/30,國賓大戲院,台北市成都路88號,10:40
1/2的魔法,05/30,國賓大戲院,台北市成都路88號,14:40
1/2的魔法,05/30,國賓大戲院,台北市成都路88號,16:50
1/2的魔法,05/30,國賓大戲院,台北市成都路88號,18:50
1/2的魔法,05/30,國賓大戲院,台北市成都路88號,20:50
1/2的魔法,05/30,國賓影城@中和環球購物中心,新北市中和區中山路三段122號4樓,11:10
1/2的魔法,05/30,國賓影城@中和環球購物中心,新北市中和區中山路三段122號4樓,13:10
1/2的魔法,05/30,國賓影城@中和環球購物中心,新北市中和區中山路三段122號4樓,14:00
1/2的魔法,05/30,國賓影城@中和環球購物中心,新北市中和區中山路三段122號4樓,15:15
1/2的魔法,05/30,國賓影城@中和環球購物中心,新北市中和區中山路三段122號4樓,16:05
1/2的魔法,05/30,國賓影城@中和環球購物中心,新北市中和區中山路三段122號4樓,17:20
1/2的魔法,05/30,國賓影城@中和環球購物中心,新北市中和區中山路三段122號4樓,18:10
1/2的魔法,05/30,國賓影城@中和環球購物中心,新北市中和區中山路三段122號4樓,19:25
1/2的魔法,05/30,國賓影城@中和環球購物中心,新北市中和區中山路三段122號4樓,20:15
1/2的魔法,05/30,國賓影城@八德廣豐新天地,桃園市八德區介壽路一段728號,13:20
1/2的魔法,05/30,國賓影城@八德廣豐新天地,桃園市八德區介壽路一段728號,14:10
1/2的魔法,05/30,國賓影城@八德廣豐新天地,桃園市八德區介壽路一段728號,15:20
1/2的魔法,05/30,國賓影城@八德廣豐新天地,桃園市八德區介壽路一段728號,16:10
1/2的魔法,05/30,國賓影城@八德廣豐新天地,桃園市八德區介壽路一段728號,17:20
1/2的魔法,05/30,國賓影城@八德廣豐新天地,桃園市八德區介壽路一段728號,18:10
1/2的魔法,05/30,國賓影城@八德廣豐新天地,桃園市八德區介壽路一段728號,19:20
1/2的魔法,05/30,國賓影城@八德廣豐新天地,桃園市八德區介壽路一段728號,20:10
1/2的魔法,05/30,國賓影城@台北微風廣場,台北市復興南路一段39號7樓,11:10
1/2的魔法,05/30,國賓影城@台北微風廣場,台北市復興南路一段39號7樓,13:10
1/2的魔法,05/30,國賓影城@台北微風廣場,台北市復興南路一段39號7樓,14:20
1/2的魔法,05/30,國賓影城@台北微風廣場,台北市復興南路一段39號7樓,15:10
1/2的魔法,05/30,國賓影城@台北微風廣場,台北市復興南路一段39號7樓,17:10
1/2的魔法,05/30,國賓影城@台北微風廣場,台北市復興南路一段39號7樓,19:10
1/2的魔法,05/30,國賓影城@台北長春廣場,台北市中山區長春路176號,13:20
1/2的魔法,05/30,國賓影城@台北長春廣場,台北市中山區長春路176號,14:10
1/2的魔法,05/30,國賓影城@台北長春廣場,台北市中山區長春路176號,15:20
1/2的魔法,05/30,國賓影城@台北長春廣場,台北市中山區長春路176號,17:20
1/2的魔法,05/30,國賓影城@台北長春廣場,台北市中山區長春路176號,18:10
1/2的魔法,05/30,國賓影城@台北長春廣場,台北市中山區長春路176號,19:20
1/2的魔法,05/30,國賓影城@台南國賓廣場,台南市中華東路一段66號,13:30
1/2的魔法,05/30,國賓影城@台南國賓廣場,台南市中華東路一段66號,14:40
1/2的魔法,05/30,國賓影城@台南國賓廣場,台南市中華東路一段66號,15:40
1/2的魔法,05/30,國賓影城@台南國賓廣場,台南市中華東路一段66號,16:50
1/2的魔法,05/30,國賓影城@台南國賓廣場,台南市中華東路一段66號,17:50
1/2的魔法,05/30,國賓影城@台南國賓廣場,台南市中華東路一段66號,20:00
1/2的魔法,05/30,國賓影城@台南國賓廣場,台南市中華東路一段66號,22:10
1/2的魔法,05/30,國賓影城@屏東環球購物中心,屏東市仁愛路90號6樓,12:30
1/2的魔法,05/30,國賓影城@屏東環球購物中心,屏東市仁愛路90號6樓,13:40
1/2的魔法,05/30,國賓影城@屏東環球購物中心,屏東市仁愛路90號6樓,14:30
1/2的魔法,05/30,國賓影城@屏東環球購物中心,屏東市仁愛路90號6樓,15:50
1/2的魔法,05/30,國賓影城@屏東環球購物中心,屏東市仁愛路90號6樓,16:30
1/2的魔法,05/30,國賓影城@屏東環球購物中心,屏東市仁愛路90號6樓,18:30
1/2的魔法,05/30,國賓影城@屏東環球購物中心,屏東市仁愛路90號6樓,19:55
1/2的魔法,05/30,國賓影城@新莊晶冠廣場,新北市新莊區五工路66號3樓,13:30
1/2的魔法,05/30,國賓影城@新莊晶冠廣場,新北市新莊區五工路66號3樓,14:20
1/2的魔法,05/30,國賓影城@新莊晶冠廣場,新北市新莊區五工路66號3樓,15:30
1/2的魔法,05/30,國賓影城@新莊晶冠廣場,新北市新莊區五工路66號3樓,16:20
1/2的魔法,05/30,國賓影城@新莊晶冠廣場,新北市新莊區五工路66號3樓,17:30
1/2的魔法,05/30,國賓影城@新莊晶冠廣場,新北市新莊區五工路66號3樓,18:20
1/2的魔法,05/30,國賓影城@新莊晶冠廣場,新北市新莊區五工路66號3樓,19:30
1/2的魔法,05/30,國賓影城@新莊晶冠廣場,新北市新莊區五工路66號3樓,20:20
1/2的魔法,05/30,國賓影城@新莊晶冠廣場,新北市新莊區五工路66號3樓,21:30
1/2的魔法,05/30,國賓影城@林口昕境廣場,新北市林口區文化三路一段402巷2號4F,13:30
1/2的魔法,05/30,國賓影城@林口昕境廣場,新北市林口區文化三路一段402巷2號4F,14:20
1/2的魔法,05/30,國賓影城@林口昕境廣場,新北市林口區文化三路一段402巷2號4F,15:30
1/2的魔法,05/30,國賓影城@林口昕境廣場,新北市林口區文化三路一段402巷2號4F,16:20
1/2的魔法,05/30,國賓影城@林口昕境廣場,新北市林口區文化三路一段402巷2號4F,17:30
1/2的魔法,05/30,國賓影城@林口昕境廣場,新北市林口區文化三路一段402巷2號4F,18:20
1/2的魔法,05/30,國賓影城@林口昕境廣場,新北市林口區文化三路一段402巷2號4F,19:30
1/2的魔法,05/30,國賓影城@林口昕境廣場,新北市林口區文化三路一段402巷2號4F,20:20
1/2的魔法,05/30,國賓影城@淡水禮萊廣場,新北市淡水區中正路一段2號,13:30
1/2的魔法,05/30,國賓影城@淡水禮萊廣場,新北市淡水區中正路一段2號,14:30
1/2的魔法,05/30,國賓影城@淡水禮萊廣場,新北市淡水區中正路一段2號,15:30
1/2的魔法,05/30,國賓影城@淡水禮萊廣場,新北市淡水區中正路一段2號,16:30
1/2的魔法,05/30,國賓影城@淡水禮萊廣場,新北市淡水區中正路一段2號,17:30
1/2的魔法,05/30,國賓影城@淡水禮萊廣場,新北市淡水區中正路一段2號,18:30
1/2的魔法,05/30,國賓影城@淡水禮萊廣場,新北市淡水區中正路一段2號,19:30
1/2的魔法,05/30,國賓影城@金門昇恆昌金湖廣場,金門縣金湖鎮太湖路二段198號6樓,16:40
1/2的魔法,05/30,國賓影城@金門昇恆昌金湖廣場,金門縣金湖鎮太湖路二段198號6樓,18:50
1/2的魔法,05/30,國賓影城@高雄大魯閣草衙道,高雄市前鎮區中山四路100號3樓,13:30
1/2的魔法,05/30,國賓影城@高雄大魯閣草衙道,高雄市前鎮區中山四路100號3樓,14:30
1/2的魔法,05/30,國賓影城@高雄大魯閣草衙道,高雄市前鎮區中山四路100號3樓,15:30
1/2的魔法,05/30,國賓影城@高雄大魯閣草衙道,高雄市前鎮區中山四路100號3樓,16:30
1/2的魔法,05/30,國賓影城@高雄大魯閣草衙道,高雄市前鎮區中山四路100號3樓,17:30
1/2的魔法,05/30,國賓影城@高雄大魯閣草衙道,高雄市前鎮區中山四路100號3樓,18:30
1/2的魔法,05/30,國賓影城@高雄大魯閣草衙道,高雄市前鎮區中山四路100號3樓,19:30
1/2的魔法,05/30,國賓影城@高雄大魯閣草衙道,高雄市前鎮區中山四路100號3樓,20:30
1/2的魔法,05/30,國賓影城@高雄大魯閣草衙道,高雄市前鎮區中山四路100號3樓,21:30
1/2的魔法,05/30,國賓影城@高雄義大世界,高雄市大樹區學城路一段12號3樓,13:30
1/2的魔法,05/30,國賓影城@高雄義大世界,高雄市大樹區學城路一段12號3樓,14:30
1/2的魔法,05/30,國賓影城@高雄義大世界,高雄市大樹區學城路一段12號3樓,15:30
1/2的魔法,05/30,國賓影城@高雄義大世界,高雄市大樹區學城路一段12號3樓,16:30
1/2的魔法,05/30,國賓影城@高雄義大世界,高雄市大樹區學城路一段12號3樓,17:30
1/2的魔法,05/30,國賓影城@高雄義大世界,高雄市大樹區學城路一段12號3樓,18:30
1/2的魔法,05/30,國賓影城@高雄義大世界,高雄市大樹區學城路一段12號3樓,19:30
1/2的魔法,05/31,國賓大戲院,台北市成都路88號,10:40
1/2的魔法,05/31,國賓大戲院,台北市成都路88號,14:40
1/2的魔法,05/31,國賓大戲院,台北市成都路88號,16:50
1/2的魔法,05/31,國賓大戲院,台北市成都路88號,18:50
1/2的魔法,05/31,國賓大戲院,台北市成都路88號,20:50
1/2的魔法,05/31,國賓影城@中和環球購物中心,新北市中和區中山路三段122號4樓,11:10
1/2的魔法,05/31,國賓影城@中和環球購物中心,新北市中和區中山路三段122號4樓,13:10
1/2的魔法,05/31,國賓影城@中和環球購物中心,新北市中和區中山路三段122號4樓,14:00
1/2的魔法,05/31,國賓影城@中和環球購物中心,新北市中和區中山路三段122號4樓,15:15
1/2的魔法,05/31,國賓影城@中和環球購物中心,新北市中和區中山路三段122號4樓,16:05
1/2的魔法,05/31,國賓影城@中和環球購物中心,新北市中和區中山路三段122號4樓,17:20
1/2的魔法,05/31,國賓影城@中和環球購物中心,新北市中和區中山路三段122號4樓,18:10
1/2的魔法,05/31,國賓影城@中和環球購物中心,新北市中和區中山路三段122號4樓,19:25
1/2的魔法,05/31,國賓影城@中和環球購物中心,新北市中和區中山路三段122號4樓,20:15
1/2的魔法,05/31,國賓影城@八德廣豐新天地,桃園市八德區介壽路一段728號,13:20
1/2的魔法,05/31,國賓影城@八德廣豐新天地,桃園市八德區介壽路一段728號,14:10
1/2的魔法,05/31,國賓影城@八德廣豐新天地,桃園市八德區介壽路一段728號,15:20
1/2的魔法,05/31,國賓影城@八德廣豐新天地,桃園市八德區介壽路一段728號,16:10
1/2的魔法,05/31,國賓影城@八德廣豐新天地,桃園市八德區介壽路一段728號,17:20
1/2的魔法,05/31,國賓影城@八德廣豐新天地,桃園市八德區介壽路一段728號,18:10
1/2的魔法,05/31,國賓影城@八德廣豐新天地,桃園市八德區介壽路一段728號,19:20
1/2的魔法,05/31,國賓影城@八德廣豐新天地,桃園市八德區介壽路一段728號,20:10
1/2的魔法,05/31,國賓影城@台北微風廣場,台北市復興南路一段39號7樓,11:10
1/2的魔法,05/31,國賓影城@台北微風廣場,台北市復興南路一段39號7樓,13:10
1/2的魔法,05/31,國賓影城@台北微風廣場,台北市復興南路一段39號7樓,14:20
1/2的魔法,05/31,國賓影城@台北微風廣場,台北市復興南路一段39號7樓,15:10
1/2的魔法,05/31,國賓影城@台北微風廣場,台北市復興南路一段39號7樓,17:10
1/2的魔法,05/31,國賓影城@台北微風廣場,台北市復興南路一段39號7樓,19:10
1/2的魔法,05/31,國賓影城@台北長春廣場,台北市中山區長春路176號,13:20
1/2的魔法,05/31,國賓影城@台北長春廣場,台北市中山區長春路176號,14:10
1/2的魔法,05/31,國賓影城@台北長春廣場,台北市中山區長春路176號,15:20
1/2的魔法,05/31,國賓影城@台北長春廣場,台北市中山區長春路176號,17:20
1/2的魔法,05/31,國賓影城@台北長春廣場,台北市中山區長春路176號,18:10
1/2的魔法,05/31,國賓影城@台北長春廣場,台北市中山區長春路176號,19:20
1/2的魔法,05/31,國賓影城@台南國賓廣場,台南市中華東路一段66號,13:30
1/2的魔法,05/31,國賓影城@台南國賓廣場,台南市中華東路一段66號,14:40
1/2的魔法,05/31,國賓影城@台南國賓廣場,台南市中華東路一段66號,15:40
1/2的魔法,05/31,國賓影城@台南國賓廣場,台南市中華東路一段66號,16:50
1/2的魔法,05/31,國賓影城@台南國賓廣場,台南市中華東路一段66號,17:50
1/2的魔法,05/31,國賓影城@台南國賓廣場,台南市中華東路一段66號,20:00
1/2的魔法,05/31,國賓影城@台南國賓廣場,台南市中華東路一段66號,22:10
1/2的魔法,05/31,國賓影城@屏東環球購物中心,屏東市仁愛路90號6樓,12:30
1/2的魔法,05/31,國賓影城@屏東環球購物中心,屏東市仁愛路90號6樓,13:40
1/2的魔法,05/31,國賓影城@屏東環球購物中心,屏東市仁愛路90號6樓,14:30
1/2的魔法,05/31,國賓影城@屏東環球購物中心,屏東市仁愛路90號6樓,15:50
1/2的魔法,05/31,國賓影城@屏東環球購物中心,屏東市仁愛路90號6樓,16:30
1/2的魔法,05/31,國賓影城@屏東環球購物中心,屏東市仁愛路90號6樓,18:30
1/2的魔法,05/31,國賓影城@屏東環球購物中心,屏東市仁愛路90號6樓,19:55
1/2的魔法,05/31,國賓影城@新莊晶冠廣場,新北市新莊區五工路66號3樓,13:30
1/2的魔法,05/31,國賓影城@新莊晶冠廣場,新北市新莊區五工路66號3樓,14:20
1/2的魔法,05/31,國賓影城@新莊晶冠廣場,新北市新莊區五工路66號3樓,15:30
1/2的魔法,05/31,國賓影城@新莊晶冠廣場,新北市新莊區五工路66號3樓,16:20
1/2的魔法,05/31,國賓影城@新莊晶冠廣場,新北市新莊區五工路66號3樓,17:30
1/2的魔法,05/31,國賓影城@新莊晶冠廣場,新北市新莊區五工路66號3樓,18:20
1/2的魔法,05/31,國賓影城@新莊晶冠廣場,新北市新莊區五工路66號3樓,19:30
1/2的魔法,05/31,國賓影城@新莊晶冠廣場,新北市新莊區五工路66號3樓,20:20
1/2的魔法,05/31,國賓影城@新莊晶冠廣場,新北市新莊區五工路66號3樓,21:30
1/2的魔法,05/31,國賓影城@林口昕境廣場,新北市林口區文化三路一段402巷2號4F,13:30
1/2的魔法,05/31,國賓影城@林口昕境廣場,新北市林口區文化三路一段402巷2號4F,14:20
1/2的魔法,05/31,國賓影城@林口昕境廣場,新北市林口區文化三路一段402巷2號4F,15:30
1/2的魔法,05/31,國賓影城@林口昕境廣場,新北市林口區文化三路一段402巷2號4F,16:20
1/2的魔法,05/31,國賓影城@林口昕境廣場,新北市林口區文化三路一段402巷2號4F,17:30
1/2的魔法,05/31,國賓影城@林口昕境廣場,新北市林口區文化三路一段402巷2號4F,18:20
1/2的魔法,05/31,國賓影城@林口昕境廣場,新北市林口區文化三路一段402巷2號4F,19:30
1/2的魔法,05/31,國賓影城@林口昕境廣場,新北市林口區文化三路一段402巷2號4F,20:20
1/2的魔法,05/31,國賓影城@淡水禮萊廣場,新北市淡水區中正路一段2號,13:30
1/2的魔法,05/31,國賓影城@淡水禮萊廣場,新北市淡水區中正路一段2號,14:30
1/2的魔法,05/31,國賓影城@淡水禮萊廣場,新北市淡水區中正路一段2號,15:30
1/2的魔法,05/31,國賓影城@淡水禮萊廣場,新北市淡水區中正路一段2號,16:30
1/2的魔法,05/31,國賓影城@淡水禮萊廣場,新北市淡水區中正路一段2號,17:30
1/2的魔法,05/31,國賓影城@淡水禮萊廣場,新北市淡水區中正路一段2號,18:30
1/2的魔法,05/31,國賓影城@淡水禮萊廣場,新北市淡水區中正路一段2號,19:30
1/2的魔法,05/31,國賓影城@金門昇恆昌金湖廣場,金門縣金湖鎮太湖路二段198號6樓,16:40
1/2的魔法,05/31,國賓影城@金門昇恆昌金湖廣場,金門縣金湖鎮太湖路二段198號6樓,18:50
1/2的魔法,05/31,國賓影城@高雄大魯閣草衙道,高雄市前鎮區中山四路100號3樓,13:30
1/2的魔法,05/31,國賓影城@高雄大魯閣草衙道,高雄市前鎮區中山四路100號3樓,14:30
1/2的魔法,05/31,國賓影城@高雄大魯閣草衙道,高雄市前鎮區中山四路100號3樓,15:30
1/2的魔法,05/31,國賓影城@高雄大魯閣草衙道,高雄市前鎮區中山四路100號3樓,16:30
1/2的魔法,05/31,國賓影城@高雄大魯閣草衙道,高雄市前鎮區中山四路100號3樓,17:30
1/2的魔法,05/31,國賓影城@高雄大魯閣草衙道,高雄市前鎮區中山四路100號3樓,18:30
1/2的魔法,05/31,國賓影城@高雄大魯閣草衙道,高雄市前鎮區中山四路100號3樓,19:30
1/2的魔法,05/31,國賓影城@高雄大魯閣草衙道,高雄市前鎮區中山四路100號3樓,20:30
1/2的魔法,05/31,國賓影城@高雄大魯閣草衙道,高雄市前鎮區中山四路100號3樓,21:30
1/2的魔法,05/31,國賓影城@高雄義大世界,高雄市大樹區學城路一段12號3樓,13:30
1/2的魔法,05/31,國賓影城@高雄義大世界,高雄市大樹區學城路一段12號3樓,14:30
1/2的魔法,05/31,國賓影城@高雄義大世界,高雄市大樹區學城路一段12號3樓,15:30
1/2的魔法,05/31,國賓影城@高雄義大世界,高雄市大樹區學城路一段12號3樓,16:30
1/2的魔法,05/31,國賓影城@高雄義大世界,高雄市大樹區學城路一段12號3樓,17:30
1/2的魔法,05/31,國賓影城@高雄義大世界,高雄市大樹區學城路一段12號3樓,18:30
1/2的魔法,05/31,國賓影城@高雄義大世界,高雄市大樹區學城路一段12號3樓,19:30
1/2的魔法,06/01,國賓大戲院,台北市成都路88號,10:40
1/2的魔法,06/01,國賓大戲院,台北市成都路88號,17:10
1/2的魔法,06/01,國賓大戲院,台北市成都路88號,19:10
1/2的魔法,06/01,國賓影城@中和環球購物中心,新北市中和區中山路三段122號4樓,11:10
1/2的魔法,06/01,國賓影城@中和環球購物中心,新北市中和區中山路三段122號4樓,13:10
1/2的魔法,06/01,國賓影城@中和環球購物中心,新北市中和區中山路三段122號4樓,15:15
1/2的魔法,06/01,國賓影城@中和環球購物中心,新北市中和區中山路三段122號4樓,17:20
1/2的魔法,06/01,國賓影城@中和環球購物中心,新北市中和區中山路三段122號4樓,19:25
1/2的魔法,06/01,國賓影城@中和環球購物中心,新北市中和區中山路三段122號4樓,20:40
1/2的魔法,06/01,國賓影城@八德廣豐新天地,桃園市八德區介壽路一段728號,13:20
1/2的魔法,06/01,國賓影城@八德廣豐新天地,桃園市八德區介壽路一段728號,15:20
1/2的魔法,06/01,國賓影城@八德廣豐新天地,桃園市八德區介壽路一段728號,17:20
1/2的魔法,06/01,國賓影城@八德廣豐新天地,桃園市八德區介壽路一段728號,19:20
1/2的魔法,06/01,國賓影城@台北微風廣場,台北市復興南路一段39號7樓,13:10
1/2的魔法,06/01,國賓影城@台北微風廣場,台北市復興南路一段39號7樓,15:10
1/2的魔法,06/01,國賓影城@台北微風廣場,台北市復興南路一段39號7樓,17:10
1/2的魔法,06/01,國賓影城@台北微風廣場,台北市復興南路一段39號7樓,19:10
1/2的魔法,06/01,國賓影城@台北長春廣場,台北市中山區長春路176號,14:10
1/2的魔法,06/01,國賓影城@台北長春廣場,台北市中山區長春路176號,16:10
1/2的魔法,06/01,國賓影城@台北長春廣場,台北市中山區長春路176號,18:10
1/2的魔法,06/01,國賓影城@台北長春廣場,台北市中山區長春路176號,20:10
1/2的魔法,06/01,國賓影城@台南國賓廣場,台南市中華東路一段66號,13:30
1/2的魔法,06/01,國賓影城@台南國賓廣場,台南市中華東路一段66號,15:40
1/2的魔法,06/01,國賓影城@台南國賓廣場,台南市中華東路一段66號,17:50
1/2的魔法,06/01,國賓影城@台南國賓廣場,台南市中華東路一段66號,20:00
1/2的魔法,06/01,國賓影城@屏東環球購物中心,屏東市仁愛路90號6樓,12:30
1/2的魔法,06/01,國賓影城@屏東環球購物中心,屏東市仁愛路90號6樓,14:30
1/2的魔法,06/01,國賓影城@屏東環球購物中心,屏東市仁愛路90號6樓,16:30
1/2的魔法,06/01,國賓影城@屏東環球購物中心,屏東市仁愛路90號6樓,18:30
1/2的魔法,06/01,國賓影城@屏東環球購物中心,屏東市仁愛路90號6樓,19:55
1/2的魔法,06/01,國賓影城@新莊晶冠廣場,新北市新莊區五工路66號3樓,13:30
1/2的魔法,06/01,國賓影城@新莊晶冠廣場,新北市新莊區五工路66號3樓,14:10
1/2的魔法,06/01,國賓影城@新莊晶冠廣場,新北市新莊區五工路66號3樓,15:30
1/2的魔法,06/01,國賓影城@新莊晶冠廣場,新北市新莊區五工路66號3樓,17:30
1/2的魔法,06/01,國賓影城@新莊晶冠廣場,新北市新莊區五工路66號3樓,18:20
1/2的魔法,06/01,國賓影城@新莊晶冠廣場,新北市新莊區五工路66號3樓,19:30
1/2的魔法,06/01,國賓影城@新莊晶冠廣場,新北市新莊區五工路66號3樓,21:30
1/2的魔法,06/01,國賓影城@林口昕境廣場,新北市林口區文化三路一段402巷2號4F,13:30
1/2的魔法,06/01,國賓影城@林口昕境廣場,新北市林口區文化三路一段402巷2號4F,15:30
1/2的魔法,06/01,國賓影城@林口昕境廣場,新北市林口區文化三路一段402巷2號4F,17:30
1/2的魔法,06/01,國賓影城@林口昕境廣場,新北市林口區文化三路一段402巷2號4F,19:30
1/2的魔法,06/01,國賓影城@淡水禮萊廣場,新北市淡水區中正路一段2號,13:30
1/2的魔法,06/01,國賓影城@淡水禮萊廣場,新北市淡水區中正路一段2號,15:30
1/2的魔法,06/01,國賓影城@淡水禮萊廣場,新北市淡水區中正路一段2號,17:30
1/2的魔法,06/01,國賓影城@淡水禮萊廣場,新北市淡水區中正路一段2號,19:30
1/2的魔法,06/01,國賓影城@金門昇恆昌金湖廣場,金門縣金湖鎮太湖路二段198號6樓,16:40
1/2的魔法,06/01,國賓影城@金門昇恆昌金湖廣場,金門縣金湖鎮太湖路二段198號6樓,18:50
1/2的魔法,06/01,國賓影城@高雄大魯閣草衙道,高雄市前鎮區中山四路100號3樓,13:30
1/2的魔法,06/01,國賓影城@高雄大魯閣草衙道,高雄市前鎮區中山四路100號3樓,15:30
1/2的魔法,06/01,國賓影城@高雄大魯閣草衙道,高雄市前鎮區中山四路100號3樓,17:30
1/2的魔法,06/01,國賓影城@高雄大魯閣草衙道,高雄市前鎮區中山四路100號3樓,19:30
1/2的魔法,06/01,國賓影城@高雄義大世界,高雄市大樹區學城路一段12號3樓,13:30
1/2的魔法,06/01,國賓影城@高雄義大世界,高雄市大樹區學城路一段12號3樓,15:30
1/2的魔法,06/01,國賓影城@高雄義大世界,高雄市大樹區學城路一段12號3樓,17:30
1/2的魔法,06/01,國賓影城@高雄義大世界,高雄市大樹區學城路一段12號3樓,19:30
1/2的魔法,06/02,國賓大戲院,台北市成都路88號,10:40
1/2的魔法,06/02,國賓大戲院,台北市成都路88號,17:10
1/2的魔法,06/02,國賓大戲院,台北市成都路88號,19:10
1/2的魔法,06/02,國賓影城@中和環球購物中心,新北市中和區中山路三段122號4樓,11:10
1/2的魔法,06/02,國賓影城@中和環球購物中心,新北市中和區中山路三段122號4樓,13:10
1/2的魔法,06/02,國賓影城@中和環球購物中心,新北市中和區中山路三段122號4樓,15:15
1/2的魔法,06/02,國賓影城@中和環球購物中心,新北市中和區中山路三段122號4樓,17:20
1/2的魔法,06/02,國賓影城@中和環球購物中心,新北市中和區中山路三段122號4樓,19:25
1/2的魔法,06/02,國賓影城@中和環球購物中心,新北市中和區中山路三段122號4樓,20:40
1/2的魔法,06/02,國賓影城@八德廣豐新天地,桃園市八德區介壽路一段728號,13:20
1/2的魔法,06/02,國賓影城@八德廣豐新天地,桃園市八德區介壽路一段728號,15:20
1/2的魔法,06/02,國賓影城@八德廣豐新天地,桃園市八德區介壽路一段728號,17:20
1/2的魔法,06/02,國賓影城@八德廣豐新天地,桃園市八德區介壽路一段728號,19:20
1/2的魔法,06/02,國賓影城@台北微風廣場,台北市復興南路一段39號7樓,13:10
1/2的魔法,06/02,國賓影城@台北微風廣場,台北市復興南路一段39號7樓,15:10
1/2的魔法,06/02,國賓影城@台北微風廣場,台北市復興南路一段39號7樓,17:10
1/2的魔法,06/02,國賓影城@台北微風廣場,台北市復興南路一段39號7樓,19:10
1/2的魔法,06/02,國賓影城@台北長春廣場,台北市中山區長春路176號,14:10
1/2的魔法,06/02,國賓影城@台北長春廣場,台北市中山區長春路176號,16:10
1/2的魔法,06/02,國賓影城@台北長春廣場,台北市中山區長春路176號,18:10
1/2的魔法,06/02,國賓影城@台北長春廣場,台北市中山區長春路176號,20:10
1/2的魔法,06/02,國賓影城@台南國賓廣場,台南市中華東路一段66號,13:30
1/2的魔法,06/02,國賓影城@台南國賓廣場,台南市中華東路一段66號,15:40
1/2的魔法,06/02,國賓影城@台南國賓廣場,台南市中華東路一段66號,17:50
1/2的魔法,06/02,國賓影城@台南國賓廣場,台南市中華東路一段66號,20:00
1/2的魔法,06/02,國賓影城@屏東環球購物中心,屏東市仁愛路90號6樓,12:30
1/2的魔法,06/02,國賓影城@屏東環球購物中心,屏東市仁愛路90號6樓,14:30
1/2的魔法,06/02,國賓影城@屏東環球購物中心,屏東市仁愛路90號6樓,16:30
1/2的魔法,06/02,國賓影城@屏東環球購物中心,屏東市仁愛路90號6樓,18:30
1/2的魔法,06/02,國賓影城@屏東環球購物中心,屏東市仁愛路90號6樓,19:55
1/2的魔法,06/02,國賓影城@新莊晶冠廣場,新北市新莊區五工路66號3樓,13:30
1/2的魔法,06/02,國賓影城@新莊晶冠廣場,新北市新莊區五工路66號3樓,14:10
1/2的魔法,06/02,國賓影城@新莊晶冠廣場,新北市新莊區五工路66號3樓,15:30
1/2的魔法,06/02,國賓影城@新莊晶冠廣場,新北市新莊區五工路66號3樓,17:30
1/2的魔法,06/02,國賓影城@新莊晶冠廣場,新北市新莊區五工路66號3樓,18:20
1/2的魔法,06/02,國賓影城@新莊晶冠廣場,新北市新莊區五工路66號3樓,19:30
1/2的魔法,06/02,國賓影城@新莊晶冠廣場,新北市新莊區五工路66號3樓,21:30
1/2的魔法,06/02,國賓影城@林口昕境廣場,新北市林口區文化三路一段402巷2號4F,13:30
1/2的魔法,06/02,國賓影城@林口昕境廣場,新北市林口區文化三路一段402巷2號4F,15:30
1/2的魔法,06/02,國賓影城@林口昕境廣場,新北市林口區文化三路一段402巷2號4F,17:30
1/2的魔法,06/02,國賓影城@林口昕境廣場,新北市林口區文化三路一段402巷2號4F,19:30
1/2的魔法,06/02,國賓影城@淡水禮萊廣場,新北市淡水區中正路一段2號,13:30
1/2的魔法,06/02,國賓影城@淡水禮萊廣場,新北市淡水區中正路一段2號,15:30
1/2的魔法,06/02,國賓影城@淡水禮萊廣場,新北市淡水區中正路一段2號,17:30
1/2的魔法,06/02,國賓影城@淡水禮萊廣場,新北市淡水區中正路一段2號,19:30
1/2的魔法,06/02,國賓影城@金門昇恆昌金湖廣場,金門縣金湖鎮太湖路二段198號6樓,16:40
1/2的魔法,06/02,國賓影城@金門昇恆昌金湖廣場,金門縣金湖鎮太湖路二段198號6樓,18:50
1/2的魔法,06/02,國賓影城@高雄大魯閣草衙道,高雄市前鎮區中山四路100號3樓,13:30
1/2的魔法,06/02,國賓影城@高雄大魯閣草衙道,高雄市前鎮區中山四路100號3樓,15:30
1/2的魔法,06/02,國賓影城@高雄大魯閣草衙道,高雄市前鎮區中山四路100號3樓,17:30
1/2的魔法,06/02,國賓影城@高雄大魯閣草衙道,高雄市前鎮區中山四路100號3樓,19:30
1/2的魔法,06/02,國賓影城@高雄義大世界,高雄市大樹區學城路一段12號3樓,13:30
1/2的魔法,06/02,國賓影城@高雄義大世界,高雄市大樹區學城路一段12號3樓,15:30
1/2的魔法,06/02,國賓影城@高雄義大世界,高雄市大樹區學城路一段12號3樓,17:30
1/2的魔法,06/02,國賓影城@高雄義大世界,高雄市大樹區學城路一段12號3樓,19:30
1/2的魔法,06/03,國賓大戲院,台北市成都路88號,10:40
1/2的魔法,06/03,國賓大戲院,台北市成都路88號,17:10
1/2的魔法,06/03,國賓大戲院,台北市成都路88號,19:10
1/2的魔法,06/03,國賓影城@中和環球購物中心,新北市中和區中山路三段122號4樓,11:10
1/2的魔法,06/03,國賓影城@中和環球購物中心,新北市中和區中山路三段122號4樓,13:10
1/2的魔法,06/03,國賓影城@中和環球購物中心,新北市中和區中山路三段122號4樓,15:15
1/2的魔法,06/03,國賓影城@中和環球購物中心,新北市中和區中山路三段122號4樓,17:20
1/2的魔法,06/03,國賓影城@中和環球購物中心,新北市中和區中山路三段122號4樓,19:25
1/2的魔法,06/03,國賓影城@中和環球購物中心,新北市中和區中山路三段122號4樓,20:40
1/2的魔法,06/03,國賓影城@八德廣豐新天地,桃園市八德區介壽路一段728號,13:20
1/2的魔法,06/03,國賓影城@八德廣豐新天地,桃園市八德區介壽路一段728號,15:20
1/2的魔法,06/03,國賓影城@八德廣豐新天地,桃園市八德區介壽路一段728號,17:20
1/2的魔法,06/03,國賓影城@八德廣豐新天地,桃園市八德區介壽路一段728號,19:20
1/2的魔法,06/03,國賓影城@台北微風廣場,台北市復興南路一段39號7樓,13:10
1/2的魔法,06/03,國賓影城@台北微風廣場,台北市復興南路一段39號7樓,15:10
1/2的魔法,06/03,國賓影城@台北微風廣場,台北市復興南路一段39號7樓,17:10
1/2的魔法,06/03,國賓影城@台北微風廣場,台北市復興南路一段39號7樓,19:10
1/2的魔法,06/03,國賓影城@台北長春廣場,台北市中山區長春路176號,14:10
1/2的魔法,06/03,國賓影城@台北長春廣場,台北市中山區長春路176號,16:10
1/2的魔法,06/03,國賓影城@台北長春廣場,台北市中山區長春路176號,18:10
1/2的魔法,06/03,國賓影城@台北長春廣場,台北市中山區長春路176號,20:10
1/2的魔法,06/03,國賓影城@台南國賓廣場,台南市中華東路一段66號,13:30
1/2的魔法,06/03,國賓影城@台南國賓廣場,台南市中華東路一段66號,15:40
1/2的魔法,06/03,國賓影城@台南國賓廣場,台南市中華東路一段66號,17:50
1/2的魔法,06/03,國賓影城@台南國賓廣場,台南市中華東路一段66號,20:00
1/2的魔法,06/03,國賓影城@屏東環球購物中心,屏東市仁愛路90號6樓,12:30
1/2的魔法,06/03,國賓影城@屏東環球購物中心,屏東市仁愛路90號6樓,14:30
1/2的魔法,06/03,國賓影城@屏東環球購物中心,屏東市仁愛路90號6樓,16:30
1/2的魔法,06/03,國賓影城@屏東環球購物中心,屏東市仁愛路90號6樓,18:30
1/2的魔法,06/03,國賓影城@屏東環球購物中心,屏東市仁愛路90號6樓,19:55
1/2的魔法,06/03,國賓影城@新莊晶冠廣場,新北市新莊區五工路66號3樓,13:30
1/2的魔法,06/03,國賓影城@新莊晶冠廣場,新北市新莊區五工路66號3樓,14:10
1/2的魔法,06/03,國賓影城@新莊晶冠廣場,新北市新莊區五工路66號3樓,15:30
1/2的魔法,06/03,國賓影城@新莊晶冠廣場,新北市新莊區五工路66號3樓,17:30
1/2的魔法,06/03,國賓影城@新莊晶冠廣場,新北市新莊區五工路66號3樓,18:20
1/2的魔法,06/03,國賓影城@新莊晶冠廣場,新北市新莊區五工路66號3樓,19:30
1/2的魔法,06/03,國賓影城@新莊晶冠廣場,新北市新莊區五工路66號3樓,21:30
1/2的魔法,06/03,國賓影城@林口昕境廣場,新北市林口區文化三路一段402巷2號4F,13:30
1/2的魔法,06/03,國賓影城@林口昕境廣場,新北市林口區文化三路一段402巷2號4F,15:30
1/2的魔法,06/03,國賓影城@林口昕境廣場,新北市林口區文化三路一段402巷2號4F,17:30
1/2的魔法,06/03,國賓影城@林口昕境廣場,新北市林口區文化三路一段402巷2號4F,19:30
1/2的魔法,06/03,國賓影城@淡水禮萊廣場,新北市淡水區中正路一段2號,13:30
1/2的魔法,06/03,國賓影城@淡水禮萊廣場,新北市淡水區中正路一段2號,15:30
1/2的魔法,06/03,國賓影城@淡水禮萊廣場,新北市淡水區中正路一段2號,17:30
1/2的魔法,06/03,國賓影城@淡水禮萊廣場,新北市淡水區中正路一段2號,19:30
1/2的魔法,06/03,國賓影城@金門昇恆昌金湖廣場,金門縣金湖鎮太湖路二段198號6樓,16:40
1/2的魔法,06/03,國賓影城@金門昇恆昌金湖廣場,金門縣金湖鎮太湖路二段198號6樓,18:50
1/2的魔法,06/03,國賓影城@高雄大魯閣草衙道,高雄市前鎮區中山四路100號3樓,13:30
1/2的魔法,06/03,國賓影城@高雄大魯閣草衙道,高雄市前鎮區中山四路100號3樓,15:30
1/2的魔法,06/03,國賓影城@高雄大魯閣草衙道,高雄市前鎮區中山四路100號3樓,17:30
1/2的魔法,06/03,國賓影城@高雄大魯閣草衙道,高雄市前鎮區中山四路100號3樓,19:30
1/2的魔法,06/03,國賓影城@高雄義大世界,高雄市大樹區學城路一段12號3樓,13:30
1/2的魔法,06/03,國賓影城@高雄義大世界,高雄市大樹區學城路一段12號3樓,15:30
1/2的魔法,06/03,國賓影城@高雄義大世界,高雄市大樹區學城路一段12號3樓,17:30
1/2的魔法,06/03,國賓影城@高雄義大世界,高雄市大樹區學城路一段12號3樓,19:30
1/2的魔法,06/04,國賓大戲院,台北市成都路88號,10:40
1/2的魔法,06/04,國賓大戲院,台北市成都路88號,17:10
1/2的魔法,06/04,國賓大戲院,台北市成都路88號,19:10
1/2的魔法,06/04,國賓影城@中和環球購物中心,新北市中和區中山路三段122號4樓,11:10
1/2的魔法,06/04,國賓影城@中和環球購物中心,新北市中和區中山路三段122號4樓,13:10
1/2的魔法,06/04,國賓影城@中和環球購物中心,新北市中和區中山路三段122號4樓,15:15
1/2的魔法,06/04,國賓影城@中和環球購物中心,新北市中和區中山路三段122號4樓,17:20
1/2的魔法,06/04,國賓影城@中和環球購物中心,新北市中和區中山路三段122號4樓,19:25
1/2的魔法,06/04,國賓影城@中和環球購物中心,新北市中和區中山路三段122號4樓,20:40
1/2的魔法,06/04,國賓影城@八德廣豐新天地,桃園市八德區介壽路一段728號,13:20
1/2的魔法,06/04,國賓影城@八德廣豐新天地,桃園市八德區介壽路一段728號,15:20
1/2的魔法,06/04,國賓影城@八德廣豐新天地,桃園市八德區介壽路一段728號,17:20
1/2的魔法,06/04,國賓影城@八德廣豐新天地,桃園市八德區介壽路一段728號,19:20
1/2的魔法,06/04,國賓影城@台北微風廣場,台北市復興南路一段39號7樓,13:10
1/2的魔法,06/04,國賓影城@台北微風廣場,台北市復興南路一段39號7樓,15:10
1/2的魔法,06/04,國賓影城@台北微風廣場,台北市復興南路一段39號7樓,17:10
1/2的魔法,06/04,國賓影城@台北微風廣場,台北市復興南路一段39號7樓,19:10
1/2的魔法,06/04,國賓影城@台北長春廣場,台北市中山區長春路176號,14:10
1/2的魔法,06/04,國賓影城@台北長春廣場,台北市中山區長春路176號,16:10
1/2的魔法,06/04,國賓影城@台北長春廣場,台北市中山區長春路176號,18:10
1/2的魔法,06/04,國賓影城@台北長春廣場,台北市中山區長春路176號,20:10
1/2的魔法,06/04,國賓影城@台南國賓廣場,台南市中華東路一段66號,13:30
1/2的魔法,06/04,國賓影城@台南國賓廣場,台南市中華東路一段66號,15:40
1/2的魔法,06/04,國賓影城@台南國賓廣場,台南市中華東路一段66號,17:50
1/2的魔法,06/04,國賓影城@台南國賓廣場,台南市中華東路一段66號,20:00
1/2的魔法,06/04,國賓影城@屏東環球購物中心,屏東市仁愛路90號6樓,12:30
1/2的魔法,06/04,國賓影城@屏東環球購物中心,屏東市仁愛路90號6樓,14:30
1/2的魔法,06/04,國賓影城@屏東環球購物中心,屏東市仁愛路90號6樓,16:30
1/2的魔法,06/04,國賓影城@屏東環球購物中心,屏東市仁愛路90號6樓,18:30
1/2的魔法,06/04,國賓影城@屏東環球購物中心,屏東市仁愛路90號6樓,19:55
1/2的魔法,06/04,國賓影城@新莊晶冠廣場,新北市新莊區五工路66號3樓,13:30
1/2的魔法,06/04,國賓影城@新莊晶冠廣場,新北市新莊區五工路66號3樓,14:10
1/2的魔法,06/04,國賓影城@新莊晶冠廣場,新北市新莊區五工路66號3樓,15:30
1/2的魔法,06/04,國賓影城@新莊晶冠廣場,新北市新莊區五工路66號3樓,17:30
1/2的魔法,06/04,國賓影城@新莊晶冠廣場,新北市新莊區五工路66號3樓,18:20
1/2的魔法,06/04,國賓影城@新莊晶冠廣場,新北市新莊區五工路66號3樓,19:30
1/2的魔法,06/04,國賓影城@新莊晶冠廣場,新北市新莊區五工路66號3樓,21:30
1/2的魔法,06/04,國賓影城@林口昕境廣場,新北市林口區文化三路一段402巷2號4F,13:30
1/2的魔法,06/04,國賓影城@林口昕境廣場,新北市林口區文化三路一段402巷2號4F,15:30
1/2的魔法,06/04,國賓影城@林口昕境廣場,新北市林口區文化三路一段402巷2號4F,17:30
1/2的魔法,06/04,國賓影城@林口昕境廣場,新北市林口區文化三路一段402巷2號4F,19:30
1/2的魔法,06/04,國賓影城@淡水禮萊廣場,新北市淡水區中正路一段2號,13:30
1/2的魔法,06/04,國賓影城@淡水禮萊廣場,新北市淡水區中正路一段2號,15:30
1/2的魔法,06/04,國賓影城@淡水禮萊廣場,新北市淡水區中正路一段2號,17:30
1/2的魔法,06/04,國賓影城@淡水禮萊廣場,新北市淡水區中正路一段2號,19:30
1/2的魔法,06/04,國賓影城@金門昇恆昌金湖廣場,金門縣金湖鎮太湖路二段198號6樓,16:40
1/2的魔法,06/04,國賓影城@金門昇恆昌金湖廣場,金門縣金湖鎮太湖路二段198號6樓,18:50
1/2的魔法,06/04,國賓影城@高雄大魯閣草衙道,高雄市前鎮區中山四路100號3樓,13:30
1/2的魔法,06/04,國賓影城@高雄大魯閣草衙道,高雄市前鎮區中山四路100號3樓,15:30
1/2的魔法,06/04,國賓影城@高雄大魯閣草衙道,高雄市前鎮區中山四路100號3樓,17:30
1/2的魔法,06/04,國賓影城@高雄大魯閣草衙道,高雄市前鎮區中山四路100號3樓,19:30
1/2的魔法,06/04,國賓影城@高雄義大世界,高雄市大樹區學城路一段12號3樓,13:30
1/2的魔法,06/04,國賓影城@高雄義大世界,高雄市大樹區學城路一段12號3樓,15:30
1/2的魔法,06/04,國賓影城@高雄義大世界,高雄市大樹區學城路一段12號3樓,17:30
1/2的魔法,06/04,國賓影城@高雄義大世界,高雄市大樹區學城路一段12號3樓,19:30
壞教育,05/29,國賓影城@台北微風廣場,台北市復興南路一段39號7樓,18:10
壞教育,05/29,國賓影城@台北長春廣場,台北市中山區長春路176號,13:30
壞教育,05/29,國賓影城@台北長春廣場,台北市中山區長春路176號,17:20
壞教育,05/30,國賓影城@台北微風廣場,台北市復興南路一段39號7樓,18:10
壞教育,05/30,國賓影城@台北長春廣場,台北市中山區長春路176號,13:30
壞教育,05/30,國賓影城@台北長春廣場,台北市中山區長春路176號,17:20
壞教育,05/31,國賓影城@台北微風廣場,台北市復興南路一段39號7樓,18:10
壞教育,05/31,國賓影城@台北長春廣場,台北市中山區長春路176號,13:30
壞教育,05/31,國賓影城@台北長春廣場,台北市中山區長春路176號,17:20
壞教育,06/01,國賓影城@台北微風廣場,台北市復興南路一段39號7樓,18:10
壞教育,06/01,國賓影城@台北長春廣場,台北市中山區長春路176號,13:30
壞教育,06/01,國賓影城@台北長春廣場,台北市中山區長春路176號,17:20
壞教育,06/02,國賓影城@台北微風廣場,台北市復興南路一段39號7樓,18:10
壞教育,06/02,國賓影城@台北長春廣場,台北市中山區長春路176號,13:30
壞教育,06/02,國賓影城@台北長春廣場,台北市中山區長春路176號,17:20
壞教育,06/03,國賓影城@台北微風廣場,台北市復興南路一段39號7樓,18:10
壞教育,06/03,國賓影城@台北長春廣場,台北市中山區長春路176號,13:30
壞教育,06/03,國賓影城@台北長春廣場,台北市中山區長春路176號,17:20
壞教育,06/04,國賓影城@台北微風廣場,台北市復興南路一段39號7樓,18:10
壞教育,06/04,國賓影城@台北長春廣場,台北市中山區長春路176號,13:30
壞教育,06/04,國賓影城@台北長春廣場,台北市中山區長春路176號,17:20
奪魂索,05/29,國賓影城@中和環球購物中心,新北市中和區中山路三段122號4樓,14:30
奪魂索,05/29,國賓影城@中和環球購物中心,新北市中和區中山路三段122號4樓,16:10
奪魂索,05/29,國賓影城@中和環球購物中心,新北市中和區中山路三段122號4樓,17:50
奪魂索,05/29,國賓影城@中和環球購物中心,新北市中和區中山路三段122號4樓,19:30
奪魂索,05/29,國賓影城@八德廣豐新天地,桃園市八德區介壽路一段728號,14:30
奪魂索,05/29,國賓影城@八德廣豐新天地,桃園市八德區介壽路一段728號,16:10
奪魂索,05/29,國賓影城@八德廣豐新天地,桃園市八德區介壽路一段728號,17:50
奪魂索,05/29,國賓影城@八德廣豐新天地,桃園市八德區介壽路一段728號,19:30
奪魂索,05/29,國賓影城@台南國賓廣場,台南市中華東路一段66號,16:50
奪魂索,05/29,國賓影城@台南國賓廣場,台南市中華東路一段66號,18:30
奪魂索,05/29,國賓影城@台南國賓廣場,台南市中華東路一段66號,20:10
奪魂索,05/29,國賓影城@台南國賓廣場,台南市中華東路一段66號,21:50
奪魂索,05/29,國賓影城@屏東環球購物中心,屏東市仁愛路90號6樓,16:35
奪魂索,05/29,國賓影城@屏東環球購物中心,屏東市仁愛路90號6樓,18:15
奪魂索,05/29,國賓影城@屏東環球購物中心,屏東市仁愛路90號6樓,21:50
奪魂索,05/29,國賓影城@新莊晶冠廣場,新北市新莊區五工路66號3樓,13:50
奪魂索,05/29,國賓影城@新莊晶冠廣場,新北市新莊區五工路66號3樓,15:35
奪魂索,05/29,國賓影城@新莊晶冠廣場,新北市新莊區五工路66號3樓,17:20
奪魂索,05/29,國賓影城@新莊晶冠廣場,新北市新莊區五工路66號3樓,19:05
奪魂索,05/29,國賓影城@新莊晶冠廣場,新北市新莊區五工路66號3樓,20:50
奪魂索,05/29,國賓影城@林口昕境廣場,新北市林口區文化三路一段402巷2號4F,14:30
奪魂索,05/29,國賓影城@林口昕境廣場,新北市林口區文化三路一段402巷2號4F,16:10
奪魂索,05/29,國賓影城@林口昕境廣場,新北市林口區文化三路一段402巷2號4F,17:50
奪魂索,05/29,國賓影城@林口昕境廣場,新北市林口區文化三路一段402巷2號4F,19:30
奪魂索,05/29,國賓影城@淡水禮萊廣場,新北市淡水區中正路一段2號,14:20
奪魂索,05/29,國賓影城@淡水禮萊廣場,新北市淡水區中正路一段2號,16:00
奪魂索,05/29,國賓影城@淡水禮萊廣場,新北市淡水區中正路一段2號,17:40
奪魂索,05/29,國賓影城@淡水禮萊廣場,新北市淡水區中正路一段2號,19:20
奪魂索,05/29,國賓影城@金門昇恆昌金湖廣場,金門縣金湖鎮太湖路二段198號6樓,15:20
奪魂索,05/29,國賓影城@金門昇恆昌金湖廣場,金門縣金湖鎮太湖路二段198號6樓,19:00
奪魂索,05/29,國賓影城@高雄大魯閣草衙道,高雄市前鎮區中山四路100號3樓,13:40
奪魂索,05/29,國賓影城@高雄大魯閣草衙道,高雄市前鎮區中山四路100號3樓,15:20
奪魂索,05/29,國賓影城@高雄大魯閣草衙道,高雄市前鎮區中山四路100號3樓,18:50
奪魂索,05/29,國賓影城@高雄義大世界,高雄市大樹區學城路一段12號3樓,16:10
奪魂索,05/29,國賓影城@高雄義大世界,高雄市大樹區學城路一段12號3樓,19:40
奪魂索,05/29,國賓影城@高雄義大世界,高雄市大樹區學城路一段12號3樓,21:30
奪魂索,05/30,國賓影城@中和環球購物中心,新北市中和區中山路三段122號4樓,14:30
奪魂索,05/30,國賓影城@中和環球購物中心,新北市中和區中山路三段122號4樓,16:10
奪魂索,05/30,國賓影城@中和環球購物中心,新北市中和區中山路三段122號4樓,17:50
奪魂索,05/30,國賓影城@中和環球購物中心,新北市中和區中山路三段122號4樓,19:30
奪魂索,05/30,國賓影城@八德廣豐新天地,桃園市八德區介壽路一段728號,14:30
奪魂索,05/30,國賓影城@八德廣豐新天地,桃園市八德區介壽路一段728號,16:10
奪魂索,05/30,國賓影城@八德廣豐新天地,桃園市八德區介壽路一段728號,17:50
奪魂索,05/30,國賓影城@八德廣豐新天地,桃園市八德區介壽路一段728號,19:30
奪魂索,05/30,國賓影城@台南國賓廣場,台南市中華東路一段66號,16:50
奪魂索,05/30,國賓影城@台南國賓廣場,台南市中華東路一段66號,18:30
奪魂索,05/30,國賓影城@台南國賓廣場,台南市中華東路一段66號,20:10
奪魂索,05/30,國賓影城@台南國賓廣場,台南市中華東路一段66號,21:50
奪魂索,05/30,國賓影城@屏東環球購物中心,屏東市仁愛路90號6樓,16:35
奪魂索,05/30,國賓影城@屏東環球購物中心,屏東市仁愛路90號6樓,18:15
奪魂索,05/30,國賓影城@屏東環球購物中心,屏東市仁愛路90號6樓,21:50
奪魂索,05/30,國賓影城@新莊晶冠廣場,新北市新莊區五工路66號3樓,13:50
奪魂索,05/30,國賓影城@新莊晶冠廣場,新北市新莊區五工路66號3樓,15:35
奪魂索,05/30,國賓影城@新莊晶冠廣場,新北市新莊區五工路66號3樓,17:20
奪魂索,05/30,國賓影城@新莊晶冠廣場,新北市新莊區五工路66號3樓,19:05
奪魂索,05/30,國賓影城@新莊晶冠廣場,新北市新莊區五工路66號3樓,20:50
奪魂索,05/30,國賓影城@林口昕境廣場,新北市林口區文化三路一段402巷2號4F,14:30
奪魂索,05/30,國賓影城@林口昕境廣場,新北市林口區文化三路一段402巷2號4F,16:10
奪魂索,05/30,國賓影城@林口昕境廣場,新北市林口區文化三路一段402巷2號4F,17:50
奪魂索,05/30,國賓影城@林口昕境廣場,新北市林口區文化三路一段402巷2號4F,19:30
奪魂索,05/30,國賓影城@淡水禮萊廣場,新北市淡水區中正路一段2號,14:20
奪魂索,05/30,國賓影城@淡水禮萊廣場,新北市淡水區中正路一段2號,16:00
奪魂索,05/30,國賓影城@淡水禮萊廣場,新北市淡水區中正路一段2號,17:40
奪魂索,05/30,國賓影城@淡水禮萊廣場,新北市淡水區中正路一段2號,19:20
奪魂索,05/30,國賓影城@金門昇恆昌金湖廣場,金門縣金湖鎮太湖路二段198號6樓,15:20
奪魂索,05/30,國賓影城@金門昇恆昌金湖廣場,金門縣金湖鎮太湖路二段198號6樓,19:00
奪魂索,05/30,國賓影城@高雄大魯閣草衙道,高雄市前鎮區中山四路100號3樓,13:40
奪魂索,05/30,國賓影城@高雄大魯閣草衙道,高雄市前鎮區中山四路100號3樓,15:20
奪魂索,05/30,國賓影城@高雄大魯閣草衙道,高雄市前鎮區中山四路100號3樓,18:50
奪魂索,05/30,國賓影城@高雄義大世界,高雄市大樹區學城路一段12號3樓,16:10
奪魂索,05/30,國賓影城@高雄義大世界,高雄市大樹區學城路一段12號3樓,19:40
奪魂索,05/30,國賓影城@高雄義大世界,高雄市大樹區學城路一段12號3樓,21:30
奪魂索,05/31,國賓影城@中和環球購物中心,新北市中和區中山路三段122號4樓,14:30
奪魂索,05/31,國賓影城@中和環球購物中心,新北市中和區中山路三段122號4樓,16:10
奪魂索,05/31,國賓影城@中和環球購物中心,新北市中和區中山路三段122號4樓,17:50
奪魂索,05/31,國賓影城@中和環球購物中心,新北市中和區中山路三段122號4樓,19:30
奪魂索,05/31,國賓影城@八德廣豐新天地,桃園市八德區介壽路一段728號,14:30
奪魂索,05/31,國賓影城@八德廣豐新天地,桃園市八德區介壽路一段728號,16:10
奪魂索,05/31,國賓影城@八德廣豐新天地,桃園市八德區介壽路一段728號,17:50
奪魂索,05/31,國賓影城@八德廣豐新天地,桃園市八德區介壽路一段728號,19:30
奪魂索,05/31,國賓影城@台南國賓廣場,台南市中華東路一段66號,16:50
奪魂索,05/31,國賓影城@台南國賓廣場,台南市中華東路一段66號,18:30
奪魂索,05/31,國賓影城@台南國賓廣場,台南市中華東路一段66號,20:10
奪魂索,05/31,國賓影城@台南國賓廣場,台南市中華東路一段66號,21:50
奪魂索,05/31,國賓影城@屏東環球購物中心,屏東市仁愛路90號6樓,16:35
奪魂索,05/31,國賓影城@屏東環球購物中心,屏東市仁愛路90號6樓,18:15
奪魂索,05/31,國賓影城@屏東環球購物中心,屏東市仁愛路90號6樓,21:50
奪魂索,05/31,國賓影城@新莊晶冠廣場,新北市新莊區五工路66號3樓,13:50
奪魂索,05/31,國賓影城@新莊晶冠廣場,新北市新莊區五工路66號3樓,15:35
奪魂索,05/31,國賓影城@新莊晶冠廣場,新北市新莊區五工路66號3樓,17:20
奪魂索,05/31,國賓影城@新莊晶冠廣場,新北市新莊區五工路66號3樓,19:05
奪魂索,05/31,國賓影城@新莊晶冠廣場,新北市新莊區五工路66號3樓,20:50
奪魂索,05/31,國賓影城@林口昕境廣場,新北市林口區文化三路一段402巷2號4F,14:30
奪魂索,05/31,國賓影城@林口昕境廣場,新北市林口區文化三路一段402巷2號4F,16:10
奪魂索,05/31,國賓影城@林口昕境廣場,新北市林口區文化三路一段402巷2號4F,17:50
奪魂索,05/31,國賓影城@林口昕境廣場,新北市林口區文化三路一段402巷2號4F,19:30
奪魂索,05/31,國賓影城@淡水禮萊廣場,新北市淡水區中正路一段2號,14:20
奪魂索,05/31,國賓影城@淡水禮萊廣場,新北市淡水區中正路一段2號,16:00
奪魂索,05/31,國賓影城@淡水禮萊廣場,新北市淡水區中正路一段2號,17:40
奪魂索,05/31,國賓影城@淡水禮萊廣場,新北市淡水區中正路一段2號,19:20
奪魂索,05/31,國賓影城@金門昇恆昌金湖廣場,金門縣金湖鎮太湖路二段198號6樓,15:20
奪魂索,05/31,國賓影城@金門昇恆昌金湖廣場,金門縣金湖鎮太湖路二段198號6樓,19:00
奪魂索,05/31,國賓影城@高雄大魯閣草衙道,高雄市前鎮區中山四路100號3樓,13:40
奪魂索,05/31,國賓影城@高雄大魯閣草衙道,高雄市前鎮區中山四路100號3樓,15:20
奪魂索,05/31,國賓影城@高雄大魯閣草衙道,高雄市前鎮區中山四路100號3樓,18:50
奪魂索,05/31,國賓影城@高雄義大世界,高雄市大樹區學城路一段12號3樓,16:10
奪魂索,05/31,國賓影城@高雄義大世界,高雄市大樹區學城路一段12號3樓,19:40
奪魂索,05/31,國賓影城@高雄義大世界,高雄市大樹區學城路一段12號3樓,21:30
奪魂索,06/01,國賓影城@中和環球購物中心,新北市中和區中山路三段122號4樓,14:00
奪魂索,06/01,國賓影城@中和環球購物中心,新北市中和區中山路三段122號4樓,15:40
奪魂索,06/01,國賓影城@中和環球購物中心,新北市中和區中山路三段122號4樓,17:20
奪魂索,06/01,國賓影城@中和環球購物中心,新北市中和區中山路三段122號4樓,19:00
奪魂索,06/01,國賓影城@中和環球購物中心,新北市中和區中山路三段122號4樓,21:10
奪魂索,06/01,國賓影城@八德廣豐新天地,桃園市八德區介壽路一段728號,14:30
奪魂索,06/01,國賓影城@八德廣豐新天地,桃園市八德區介壽路一段728號,16:10
奪魂索,06/01,國賓影城@八德廣豐新天地,桃園市八德區介壽路一段728號,17:50
奪魂索,06/01,國賓影城@八德廣豐新天地,桃園市八德區介壽路一段728號,19:30
奪魂索,06/01,國賓影城@台南國賓廣場,台南市中華東路一段66號,14:00
奪魂索,06/01,國賓影城@台南國賓廣場,台南市中華東路一段66號,18:20
奪魂索,06/01,國賓影城@台南國賓廣場,台南市中華東路一段66號,20:00
奪魂索,06/01,國賓影城@台南國賓廣場,台南市中華東路一段66號,21:40
奪魂索,06/01,國賓影城@屏東環球購物中心,屏東市仁愛路90號6樓,16:35
奪魂索,06/01,國賓影城@屏東環球購物中心,屏東市仁愛路90號6樓,18:15
奪魂索,06/01,國賓影城@屏東環球購物中心,屏東市仁愛路90號6樓,21:50
奪魂索,06/01,國賓影城@新莊晶冠廣場,新北市新莊區五工路66號3樓,13:50
奪魂索,06/01,國賓影城@新莊晶冠廣場,新北市新莊區五工路66號3樓,15:35
奪魂索,06/01,國賓影城@新莊晶冠廣場,新北市新莊區五工路66號3樓,17:20
奪魂索,06/01,國賓影城@新莊晶冠廣場,新北市新莊區五工路66號3樓,19:05
奪魂索,06/01,國賓影城@新莊晶冠廣場,新北市新莊區五工路66號3樓,20:50
奪魂索,06/01,國賓影城@林口昕境廣場,新北市林口區文化三路一段402巷2號4F,14:30
奪魂索,06/01,國賓影城@林口昕境廣場,新北市林口區文化三路一段402巷2號4F,16:10
奪魂索,06/01,國賓影城@林口昕境廣場,新北市林口區文化三路一段402巷2號4F,17:50
奪魂索,06/01,國賓影城@林口昕境廣場,新北市林口區文化三路一段402巷2號4F,19:30
奪魂索,06/01,國賓影城@淡水禮萊廣場,新北市淡水區中正路一段2號,14:20
奪魂索,06/01,國賓影城@淡水禮萊廣場,新北市淡水區中正路一段2號,16:00
奪魂索,06/01,國賓影城@淡水禮萊廣場,新北市淡水區中正路一段2號,17:40
奪魂索,06/01,國賓影城@淡水禮萊廣場,新北市淡水區中正路一段2號,19:20
奪魂索,06/01,國賓影城@金門昇恆昌金湖廣場,金門縣金湖鎮太湖路二段198號6樓,15:20
奪魂索,06/01,國賓影城@金門昇恆昌金湖廣場,金門縣金湖鎮太湖路二段198號6樓,19:00
奪魂索,06/01,國賓影城@高雄大魯閣草衙道,高雄市前鎮區中山四路100號3樓,13:40
奪魂索,06/01,國賓影城@高雄大魯閣草衙道,高雄市前鎮區中山四路100號3樓,15:20
奪魂索,06/01,國賓影城@高雄大魯閣草衙道,高雄市前鎮區中山四路100號3樓,18:50
奪魂索,06/01,國賓影城@高雄大魯閣草衙道,高雄市前鎮區中山四路100號3樓,21:30
奪魂索,06/01,國賓影城@高雄義大世界,高雄市大樹區學城路一段12號3樓,16:10
奪魂索,06/01,國賓影城@高雄義大世界,高雄市大樹區學城路一段12號3樓,19:40
奪魂索,06/01,國賓影城@高雄義大世界,高雄市大樹區學城路一段12號3樓,21:30
奪魂索,06/02,國賓影城@中和環球購物中心,新北市中和區中山路三段122號4樓,14:00
奪魂索,06/02,國賓影城@中和環球購物中心,新北市中和區中山路三段122號4樓,15:40
奪魂索,06/02,國賓影城@中和環球購物中心,新北市中和區中山路三段122號4樓,17:20
奪魂索,06/02,國賓影城@中和環球購物中心,新北市中和區中山路三段122號4樓,19:00
奪魂索,06/02,國賓影城@中和環球購物中心,新北市中和區中山路三段122號4樓,21:10
奪魂索,06/02,國賓影城@八德廣豐新天地,桃園市八德區介壽路一段728號,14:30
奪魂索,06/02,國賓影城@八德廣豐新天地,桃園市八德區介壽路一段728號,16:10
奪魂索,06/02,國賓影城@八德廣豐新天地,桃園市八德區介壽路一段728號,17:50
奪魂索,06/02,國賓影城@八德廣豐新天地,桃園市八德區介壽路一段728號,19:30
奪魂索,06/02,國賓影城@台南國賓廣場,台南市中華東路一段66號,14:00
奪魂索,06/02,國賓影城@台南國賓廣場,台南市中華東路一段66號,18:20
奪魂索,06/02,國賓影城@台南國賓廣場,台南市中華東路一段66號,20:00
奪魂索,06/02,國賓影城@台南國賓廣場,台南市中華東路一段66號,21:40
奪魂索,06/02,國賓影城@屏東環球購物中心,屏東市仁愛路90號6樓,16:35
奪魂索,06/02,國賓影城@屏東環球購物中心,屏東市仁愛路90號6樓,18:15
奪魂索,06/02,國賓影城@屏東環球購物中心,屏東市仁愛路90號6樓,21:50
奪魂索,06/02,國賓影城@新莊晶冠廣場,新北市新莊區五工路66號3樓,13:50
奪魂索,06/02,國賓影城@新莊晶冠廣場,新北市新莊區五工路66號3樓,15:35
奪魂索,06/02,國賓影城@新莊晶冠廣場,新北市新莊區五工路66號3樓,17:20
奪魂索,06/02,國賓影城@新莊晶冠廣場,新北市新莊區五工路66號3樓,19:05
奪魂索,06/02,國賓影城@新莊晶冠廣場,新北市新莊區五工路66號3樓,20:50
奪魂索,06/02,國賓影城@林口昕境廣場,新北市林口區文化三路一段402巷2號4F,14:30
奪魂索,06/02,國賓影城@林口昕境廣場,新北市林口區文化三路一段402巷2號4F,16:10
奪魂索,06/02,國賓影城@林口昕境廣場,新北市林口區文化三路一段402巷2號4F,17:50
奪魂索,06/02,國賓影城@林口昕境廣場,新北市林口區文化三路一段402巷2號4F,19:30
奪魂索,06/02,國賓影城@淡水禮萊廣場,新北市淡水區中正路一段2號,14:20
奪魂索,06/02,國賓影城@淡水禮萊廣場,新北市淡水區中正路一段2號,16:00
奪魂索,06/02,國賓影城@淡水禮萊廣場,新北市淡水區中正路一段2號,17:40
奪魂索,06/02,國賓影城@淡水禮萊廣場,新北市淡水區中正路一段2號,19:20
奪魂索,06/02,國賓影城@金門昇恆昌金湖廣場,金門縣金湖鎮太湖路二段198號6樓,15:20
奪魂索,06/02,國賓影城@金門昇恆昌金湖廣場,金門縣金湖鎮太湖路二段198號6樓,19:00
奪魂索,06/02,國賓影城@高雄大魯閣草衙道,高雄市前鎮區中山四路100號3樓,13:40
奪魂索,06/02,國賓影城@高雄大魯閣草衙道,高雄市前鎮區中山四路100號3樓,15:20
奪魂索,06/02,國賓影城@高雄大魯閣草衙道,高雄市前鎮區中山四路100號3樓,18:50
奪魂索,06/02,國賓影城@高雄大魯閣草衙道,高雄市前鎮區中山四路100號3樓,21:30
奪魂索,06/02,國賓影城@高雄義大世界,高雄市大樹區學城路一段12號3樓,16:10
奪魂索,06/02,國賓影城@高雄義大世界,高雄市大樹區學城路一段12號3樓,19:40
奪魂索,06/02,國賓影城@高雄義大世界,高雄市大樹區學城路一段12號3樓,21:30
奪魂索,06/03,國賓影城@中和環球購物中心,新北市中和區中山路三段122號4樓,14:00
奪魂索,06/03,國賓影城@中和環球購物中心,新北市中和區中山路三段122號4樓,15:40
奪魂索,06/03,國賓影城@中和環球購物中心,新北市中和區中山路三段122號4樓,17:20
奪魂索,06/03,國賓影城@中和環球購物中心,新北市中和區中山路三段122號4樓,19:00
奪魂索,06/03,國賓影城@中和環球購物中心,新北市中和區中山路三段122號4樓,21:10
奪魂索,06/03,國賓影城@八德廣豐新天地,桃園市八德區介壽路一段728號,14:30
奪魂索,06/03,國賓影城@八德廣豐新天地,桃園市八德區介壽路一段728號,16:10
奪魂索,06/03,國賓影城@八德廣豐新天地,桃園市八德區介壽路一段728號,17:50
奪魂索,06/03,國賓影城@八德廣豐新天地,桃園市八德區介壽路一段728號,19:30
奪魂索,06/03,國賓影城@台南國賓廣場,台南市中華東路一段66號,14:00
奪魂索,06/03,國賓影城@台南國賓廣場,台南市中華東路一段66號,18:20
奪魂索,06/03,國賓影城@台南國賓廣場,台南市中華東路一段66號,20:00
奪魂索,06/03,國賓影城@台南國賓廣場,台南市中華東路一段66號,21:40
奪魂索,06/03,國賓影城@屏東環球購物中心,屏東市仁愛路90號6樓,16:35
奪魂索,06/03,國賓影城@屏東環球購物中心,屏東市仁愛路90號6樓,18:15
奪魂索,06/03,國賓影城@屏東環球購物中心,屏東市仁愛路90號6樓,21:50
奪魂索,06/03,國賓影城@新莊晶冠廣場,新北市新莊區五工路66號3樓,13:50
奪魂索,06/03,國賓影城@新莊晶冠廣場,新北市新莊區五工路66號3樓,15:35
奪魂索,06/03,國賓影城@新莊晶冠廣場,新北市新莊區五工路66號3樓,17:20
奪魂索,06/03,國賓影城@新莊晶冠廣場,新北市新莊區五工路66號3樓,19:05
奪魂索,06/03,國賓影城@新莊晶冠廣場,新北市新莊區五工路66號3樓,20:50
奪魂索,06/03,國賓影城@林口昕境廣場,新北市林口區文化三路一段402巷2號4F,14:30
奪魂索,06/03,國賓影城@林口昕境廣場,新北市林口區文化三路一段402巷2號4F,16:10
奪魂索,06/03,國賓影城@林口昕境廣場,新北市林口區文化三路一段402巷2號4F,17:50
奪魂索,06/03,國賓影城@林口昕境廣場,新北市林口區文化三路一段402巷2號4F,19:30
奪魂索,06/03,國賓影城@淡水禮萊廣場,新北市淡水區中正路一段2號,14:20
奪魂索,06/03,國賓影城@淡水禮萊廣場,新北市淡水區中正路一段2號,16:00
奪魂索,06/03,國賓影城@淡水禮萊廣場,新北市淡水區中正路一段2號,17:40
奪魂索,06/03,國賓影城@淡水禮萊廣場,新北市淡水區中正路一段2號,19:20
奪魂索,06/03,國賓影城@金門昇恆昌金湖廣場,金門縣金湖鎮太湖路二段198號6樓,15:20
奪魂索,06/03,國賓影城@金門昇恆昌金湖廣場,金門縣金湖鎮太湖路二段198號6樓,19:00
奪魂索,06/03,國賓影城@高雄大魯閣草衙道,高雄市前鎮區中山四路100號3樓,13:40
奪魂索,06/03,國賓影城@高雄大魯閣草衙道,高雄市前鎮區中山四路100號3樓,15:20
奪魂索,06/03,國賓影城@高雄大魯閣草衙道,高雄市前鎮區中山四路100號3樓,18:50
奪魂索,06/03,國賓影城@高雄大魯閣草衙道,高雄市前鎮區中山四路100號3樓,21:30
奪魂索,06/03,國賓影城@高雄義大世界,高雄市大樹區學城路一段12號3樓,16:10
奪魂索,06/03,國賓影城@高雄義大世界,高雄市大樹區學城路一段12號3樓,19:40
奪魂索,06/03,國賓影城@高雄義大世界,高雄市大樹區學城路一段12號3樓,21:30
奪魂索,06/04,國賓影城@中和環球購物中心,新北市中和區中山路三段122號4樓,14:00
奪魂索,06/04,國賓影城@中和環球購物中心,新北市中和區中山路三段122號4樓,15:40
奪魂索,06/04,國賓影城@中和環球購物中心,新北市中和區中山路三段122號4樓,17:20
奪魂索,06/04,國賓影城@中和環球購物中心,新北市中和區中山路三段122號4樓,19:00
奪魂索,06/04,國賓影城@中和環球購物中心,新北市中和區中山路三段122號4樓,21:10
奪魂索,06/04,國賓影城@八德廣豐新天地,桃園市八德區介壽路一段728號,14:30
奪魂索,06/04,國賓影城@八德廣豐新天地,桃園市八德區介壽路一段728號,16:10
奪魂索,06/04,國賓影城@八德廣豐新天地,桃園市八德區介壽路一段728號,17:50
奪魂索,06/04,國賓影城@八德廣豐新天地,桃園市八德區介壽路一段728號,19:30
奪魂索,06/04,國賓影城@台南國賓廣場,台南市中華東路一段66號,14:00
奪魂索,06/04,國賓影城@台南國賓廣場,台南市中華東路一段66號,18:20
奪魂索,06/04,國賓影城@台南國賓廣場,台南市中華東路一段66號,20:00
奪魂索,06/04,國賓影城@台南國賓廣場,台南市中華東路一段66號,21:40
奪魂索,06/04,國賓影城@屏東環球購物中心,屏東市仁愛路90號6樓,16:35
奪魂索,06/04,國賓影城@屏東環球購物中心,屏東市仁愛路90號6樓,18:15
奪魂索,06/04,國賓影城@屏東環球購物中心,屏東市仁愛路90號6樓,21:50
奪魂索,06/04,國賓影城@新莊晶冠廣場,新北市新莊區五工路66號3樓,13:50
奪魂索,06/04,國賓影城@新莊晶冠廣場,新北市新莊區五工路66號3樓,15:35
奪魂索,06/04,國賓影城@新莊晶冠廣場,新北市新莊區五工路66號3樓,17:20
奪魂索,06/04,國賓影城@新莊晶冠廣場,新北市新莊區五工路66號3樓,19:05
奪魂索,06/04,國賓影城@新莊晶冠廣場,新北市新莊區五工路66號3樓,20:50
奪魂索,06/04,國賓影城@林口昕境廣場,新北市林口區文化三路一段402巷2號4F,14:30
奪魂索,06/04,國賓影城@林口昕境廣場,新北市林口區文化三路一段402巷2號4F,16:10
奪魂索,06/04,國賓影城@林口昕境廣場,新北市林口區文化三路一段402巷2號4F,17:50
奪魂索,06/04,國賓影城@林口昕境廣場,新北市林口區文化三路一段402巷2號4F,19:30
奪魂索,06/04,國賓影城@淡水禮萊廣場,新北市淡水區中正路一段2號,14:20
奪魂索,06/04,國賓影城@淡水禮萊廣場,新北市淡水區中正路一段2號,16:00
奪魂索,06/04,國賓影城@淡水禮萊廣場,新北市淡水區中正路一段2號,17:40
奪魂索,06/04,國賓影城@淡水禮萊廣場,新北市淡水區中正路一段2號,19:20
奪魂索,06/04,國賓影城@金門昇恆昌金湖廣場,金門縣金湖鎮太湖路二段198號6樓,15:20
奪魂索,06/04,國賓影城@金門昇恆昌金湖廣場,金門縣金湖鎮太湖路二段198號6樓,19:00
奪魂索,06/04,國賓影城@高雄大魯閣草衙道,高雄市前鎮區中山四路100號3樓,13:40
奪魂索,06/04,國賓影城@高雄大魯閣草衙道,高雄市前鎮區中山四路100號3樓,15:20
奪魂索,06/04,國賓影城@高雄大魯閣草衙道,高雄市前鎮區中山四路100號3樓,18:50
奪魂索,06/04,國賓影城@高雄大魯閣草衙道,高雄市前鎮區中山四路100號3樓,21:30
奪魂索,06/04,國賓影城@高雄義大世界,高雄市大樹區學城路一段12號3樓,16:10
奪魂索,06/04,國賓影城@高雄義大世界,高雄市大樹區學城路一段12號3樓,19:40
奪魂索,06/04,國賓影城@高雄義大世界,高雄市大樹區學城路一段12號3樓,21:30
巴黎寂寞不打烊,05/29,國賓影城@台北長春廣場,台北市中山區長春路176號,14:10
巴黎寂寞不打烊,05/29,國賓影城@台北長春廣場,台北市中山區長春路176號,16:15
巴黎寂寞不打烊,05/29,國賓影城@台北長春廣場,台北市中山區長春路176號,18:20
巴黎寂寞不打烊,05/30,國賓影城@台北長春廣場,台北市中山區長春路176號,14:10
巴黎寂寞不打烊,05/30,國賓影城@台北長春廣場,台北市中山區長春路176號,16:15
巴黎寂寞不打烊,05/30,國賓影城@台北長春廣場,台北市中山區長春路176號,18:20
巴黎寂寞不打烊,05/31,國賓影城@台北長春廣場,台北市中山區長春路176號,14:10
巴黎寂寞不打烊,05/31,國賓影城@台北長春廣場,台北市中山區長春路176號,16:15
巴黎寂寞不打烊,05/31,國賓影城@台北長春廣場,台北市中山區長春路176號,18:20
巴黎寂寞不打烊,06/01,國賓影城@台北長春廣場,台北市中山區長春路176號,14:10
巴黎寂寞不打烊,06/01,國賓影城@台北長春廣場,台北市中山區長春路176號,16:15
巴黎寂寞不打烊,06/01,國賓影城@台北長春廣場,台北市中山區長春路176號,18:20
巴黎寂寞不打烊,06/02,國賓影城@台北長春廣場,台北市中山區長春路176號,14:10
巴黎寂寞不打烊,06/02,國賓影城@台北長春廣場,台北市中山區長春路176號,16:15
巴黎寂寞不打烊,06/02,國賓影城@台北長春廣場,台北市中山區長春路176號,18:20
巴黎寂寞不打烊,06/03,國賓影城@台北長春廣場,台北市中山區長春路176號,14:10
巴黎寂寞不打烊,06/03,國賓影城@台北長春廣場,台北市中山區長春路176號,16:15
巴黎寂寞不打烊,06/03,國賓影城@台北長春廣場,台北市中山區長春路176號,18:20
巴黎寂寞不打烊,06/04,國賓影城@台北長春廣場,台北市中山區長春路176號,14:10
巴黎寂寞不打烊,06/04,國賓影城@台北長春廣場,台北市中山區長春路176號,16:15
巴黎寂寞不打烊,06/04,國賓影城@台北長春廣場,台北市中山區長春路176號,18:20
抽屍剝繭,05/29,國賓影城@中和環球購物中心,新北市中和區中山路三段122號4樓,16:40
抽屍剝繭,05/29,國賓影城@中和環球購物中心,新北市中和區中山路三段122號4樓,21:00
抽屍剝繭,05/29,國賓影城@八德廣豐新天地,桃園市八德區介壽路一段728號,20:40
抽屍剝繭,05/29,國賓影城@台北長春廣場,台北市中山區長春路176號,15:40
抽屍剝繭,05/29,國賓影城@台北長春廣場,台北市中山區長春路176號,20:00
抽屍剝繭,05/29,國賓影城@台南國賓廣場,台南市中華東路一段66號,22:00
抽屍剝繭,05/30,國賓影城@中和環球購物中心,新北市中和區中山路三段122號4樓,16:40
抽屍剝繭,05/30,國賓影城@八德廣豐新天地,桃園市八德區介壽路一段728號,20:40
抽屍剝繭,05/30,國賓影城@台北長春廣場,台北市中山區長春路176號,15:40
抽屍剝繭,05/30,國賓影城@台北長春廣場,台北市中山區長春路176號,20:00
抽屍剝繭,05/30,國賓影城@台南國賓廣場,台南市中華東路一段66號,22:00
抽屍剝繭,05/31,國賓影城@中和環球購物中心,新北市中和區中山路三段122號4樓,16:40
抽屍剝繭,05/31,國賓影城@八德廣豐新天地,桃園市八德區介壽路一段728號,20:40
抽屍剝繭,05/31,國賓影城@台北長春廣場,台北市中山區長春路176號,15:40
抽屍剝繭,05/31,國賓影城@台北長春廣場,台北市中山區長春路176號,20:00
抽屍剝繭,05/31,國賓影城@台南國賓廣場,台南市中華東路一段66號,22:00
抽屍剝繭,06/01,國賓影城@中和環球購物中心,新北市中和區中山路三段122號4樓,16:40
抽屍剝繭,06/01,國賓影城@八德廣豐新天地,桃園市八德區介壽路一段728號,20:40
抽屍剝繭,06/01,國賓影城@台北長春廣場,台北市中山區長春路176號,15:40
抽屍剝繭,06/01,國賓影城@台北長春廣場,台北市中山區長春路176號,20:00
抽屍剝繭,06/01,國賓影城@台南國賓廣場,台南市中華東路一段66號,22:00
抽屍剝繭,06/02,國賓影城@中和環球購物中心,新北市中和區中山路三段122號4樓,16:40
抽屍剝繭,06/02,國賓影城@八德廣豐新天地,桃園市八德區介壽路一段728號,20:40
抽屍剝繭,06/02,國賓影城@台北長春廣場,台北市中山區長春路176號,15:40
抽屍剝繭,06/02,國賓影城@台北長春廣場,台北市中山區長春路176號,20:00
抽屍剝繭,06/02,國賓影城@台南國賓廣場,台南市中華東路一段66號,22:00
抽屍剝繭,06/03,國賓影城@中和環球購物中心,新北市中和區中山路三段122號4樓,16:40
抽屍剝繭,06/03,國賓影城@八德廣豐新天地,桃園市八德區介壽路一段728號,20:40
抽屍剝繭,06/03,國賓影城@台北長春廣場,台北市中山區長春路176號,15:40
抽屍剝繭,06/03,國賓影城@台北長春廣場,台北市中山區長春路176號,20:00
抽屍剝繭,06/03,國賓影城@台南國賓廣場,台南市中華東路一段66號,22:00
抽屍剝繭,06/04,國賓影城@中和環球購物中心,新北市中和區中山路三段122號4樓,16:40
抽屍剝繭,06/04,國賓影城@八德廣豐新天地,桃園市八德區介壽路一段728號,20:40
抽屍剝繭,06/04,國賓影城@台北長春廣場,台北市中山區長春路176號,15:40
抽屍剝繭,06/04,國賓影城@台北長春廣場,台北市中山區長春路176號,20:00
抽屍剝繭,06/04,國賓影城@台南國賓廣場,台南市中華東路一段66號,22:00
末代皇帝（數位修復版）,05/29,國賓影城@台北微風廣場,台北市復興南路一段39號7樓,15:10
末代皇帝（數位修復版）,05/29,國賓影城@台北長春廣場,台北市中山區長春路176號,13:30
末代皇帝（數位修復版）,05/29,國賓影城@台北長春廣場,台北市中山區長春路176號,14:40
末代皇帝（數位修復版）,05/29,國賓影城@台北長春廣場,台北市中山區長春路176號,16:30
末代皇帝（數位修復版）,05/29,國賓影城@台北長春廣場,台北市中山區長春路176號,17:40
末代皇帝（數位修復版）,05/29,國賓影城@台北長春廣場,台北市中山區長春路176號,19:30
末代皇帝（數位修復版）,05/29,國賓影城@台北長春廣場,台北市中山區長春路176號,20:40
末代皇帝（數位修復版）,05/30,國賓影城@台北微風廣場,台北市復興南路一段39號7樓,15:10
末代皇帝（數位修復版）,05/30,國賓影城@台北長春廣場,台北市中山區長春路176號,13:30
末代皇帝（數位修復版）,05/30,國賓影城@台北長春廣場,台北市中山區長春路176號,14:40
末代皇帝（數位修復版）,05/30,國賓影城@台北長春廣場,台北市中山區長春路176號,16:30
末代皇帝（數位修復版）,05/30,國賓影城@台北長春廣場,台北市中山區長春路176號,17:40
末代皇帝（數位修復版）,05/30,國賓影城@台北長春廣場,台北市中山區長春路176號,19:30
末代皇帝（數位修復版）,05/30,國賓影城@台北長春廣場,台北市中山區長春路176號,20:40
末代皇帝（數位修復版）,05/31,國賓影城@台北微風廣場,台北市復興南路一段39號7樓,15:10
末代皇帝（數位修復版）,05/31,國賓影城@台北長春廣場,台北市中山區長春路176號,13:30
末代皇帝（數位修復版）,05/31,國賓影城@台北長春廣場,台北市中山區長春路176號,14:40
末代皇帝（數位修復版）,05/31,國賓影城@台北長春廣場,台北市中山區長春路176號,16:30
末代皇帝（數位修復版）,05/31,國賓影城@台北長春廣場,台北市中山區長春路176號,17:40
末代皇帝（數位修復版）,05/31,國賓影城@台北長春廣場,台北市中山區長春路176號,19:30
末代皇帝（數位修復版）,05/31,國賓影城@台北長春廣場,台北市中山區長春路176號,20:40
末代皇帝（數位修復版）,06/01,國賓影城@台北微風廣場,台北市復興南路一段39號7樓,15:10
末代皇帝（數位修復版）,06/01,國賓影城@台北長春廣場,台北市中山區長春路176號,13:30
末代皇帝（數位修復版）,06/01,國賓影城@台北長春廣場,台北市中山區長春路176號,14:40
末代皇帝（數位修復版）,06/01,國賓影城@台北長春廣場,台北市中山區長春路176號,16:30
末代皇帝（數位修復版）,06/01,國賓影城@台北長春廣場,台北市中山區長春路176號,17:40
末代皇帝（數位修復版）,06/01,國賓影城@台北長春廣場,台北市中山區長春路176號,19:30
末代皇帝（數位修復版）,06/01,國賓影城@台北長春廣場,台北市中山區長春路176號,20:40
末代皇帝（數位修復版）,06/02,國賓影城@台北微風廣場,台北市復興南路一段39號7樓,15:10
末代皇帝（數位修復版）,06/02,國賓影城@台北長春廣場,台北市中山區長春路176號,13:30
末代皇帝（數位修復版）,06/02,國賓影城@台北長春廣場,台北市中山區長春路176號,14:40
末代皇帝（數位修復版）,06/02,國賓影城@台北長春廣場,台北市中山區長春路176號,16:30
末代皇帝（數位修復版）,06/02,國賓影城@台北長春廣場,台北市中山區長春路176號,17:40
末代皇帝（數位修復版）,06/02,國賓影城@台北長春廣場,台北市中山區長春路176號,19:30
末代皇帝（數位修復版）,06/02,國賓影城@台北長春廣場,台北市中山區長春路176號,20:40
末代皇帝（數位修復版）,06/03,國賓影城@台北微風廣場,台北市復興南路一段39號7樓,15:10
末代皇帝（數位修復版）,06/03,國賓影城@台北長春廣場,台北市中山區長春路176號,13:30
末代皇帝（數位修復版）,06/03,國賓影城@台北長春廣場,台北市中山區長春路176號,14:40
末代皇帝（數位修復版）,06/03,國賓影城@台北長春廣場,台北市中山區長春路176號,16:30
末代皇帝（數位修復版）,06/03,國賓影城@台北長春廣場,台北市中山區長春路176號,17:40
末代皇帝（數位修復版）,06/03,國賓影城@台北長春廣場,台北市中山區長春路176號,19:30
末代皇帝（數位修復版）,06/03,國賓影城@台北長春廣場,台北市中山區長春路176號,20:40
末代皇帝（數位修復版）,06/04,國賓影城@台北微風廣場,台北市復興南路一段39號7樓,15:10
末代皇帝（數位修復版）,06/04,國賓影城@台北長春廣場,台北市中山區長春路176號,13:30
末代皇帝（數位修復版）,06/04,國賓影城@台北長春廣場,台北市中山區長春路176號,14:40
末代皇帝（數位修復版）,06/04,國賓影城@台北長春廣場,台北市中山區長春路176號,16:30
末代皇帝（數位修復版）,06/04,國賓影城@台北長春廣場,台北市中山區長春路176號,17:40
末代皇帝（數位修復版）,06/04,國賓影城@台北長春廣場,台北市中山區長春路176號,19:30
末代皇帝（數位修復版）,06/04,國賓影城@台北長春廣場,台北市中山區長春路176號,20:40
永不放棄：詹姆斯艾利森,05/29,國賓影城@台北長春廣場,台北市中山區長春路176號,13:30
永不放棄：詹姆斯艾利森,05/30,國賓影城@台北長春廣場,台北市中山區長春路176號,13:30
永不放棄：詹姆斯艾利森,05/31,國賓影城@台北長春廣場,台北市中山區長春路176號,13:30
永不放棄：詹姆斯艾利森,06/01,國賓影城@台北長春廣場,台北市中山區長春路176號,13:30
永不放棄：詹姆斯艾利森,06/02,國賓影城@台北長春廣場,台北市中山區長春路176號,13:30
永不放棄：詹姆斯艾利森,06/03,國賓影城@台北長春廣場,台北市中山區長春路176號,13:30
永不放棄：詹姆斯艾利森,06/04,國賓影城@台北長春廣場,台北市中山區長春路176號,13:30
海邊走走,05/29,國賓影城@台北長春廣場,台北市中山區長春路176號,13:40
海邊走走,05/29,國賓影城@台北長春廣場,台北市中山區長春路176號,16:10
海邊走走,05/30,國賓影城@台北長春廣場,台北市中山區長春路176號,13:40
海邊走走,05/30,國賓影城@台北長春廣場,台北市中山區長春路176號,16:10
海邊走走,05/31,國賓影城@台北長春廣場,台北市中山區長春路176號,13:40
海邊走走,05/31,國賓影城@台北長春廣場,台北市中山區長春路176號,16:10
海邊走走,06/01,國賓影城@台北長春廣場,台北市中山區長春路176號,13:40
海邊走走,06/02,國賓影城@台北長春廣場,台北市中山區長春路176號,13:40
海邊走走,06/03,國賓影城@台北長春廣場,台北市中山區長春路176號,13:40
海邊走走,06/04,國賓影城@台北長春廣場,台北市中山區長春路176號,13:40
當愛再來的時候,05/29,國賓影城@台北長春廣場,台北市中山區長春路176號,15:10
當愛再來的時候,05/29,國賓影城@台北長春廣場,台北市中山區長春路176號,19:10
當愛再來的時候,05/30,國賓影城@台北長春廣場,台北市中山區長春路176號,15:10
當愛再來的時候,05/30,國賓影城@台北長春廣場,台北市中山區長春路176號,19:10
當愛再來的時候,05/31,國賓影城@台北長春廣場,台北市中山區長春路176號,15:10
當愛再來的時候,05/31,國賓影城@台北長春廣場,台北市中山區長春路176號,19:10
當愛再來的時候,06/01,國賓影城@台北長春廣場,台北市中山區長春路176號,15:10
當愛再來的時候,06/01,國賓影城@台北長春廣場,台北市中山區長春路176號,19:10
當愛再來的時候,06/02,國賓影城@台北長春廣場,台北市中山區長春路176號,15:10
當愛再來的時候,06/02,國賓影城@台北長春廣場,台北市中山區長春路176號,19:10
當愛再來的時候,06/03,國賓影城@台北長春廣場,台北市中山區長春路176號,15:10
當愛再來的時候,06/03,國賓影城@台北長春廣場,台北市中山區長春路176號,19:10
當愛再來的時候,06/04,國賓影城@台北長春廣場,台北市中山區長春路176號,15:10
當愛再來的時候,06/04,國賓影城@台北長春廣場,台北市中山區長春路176號,19:10
罪人的控訴,05/29,國賓影城@台北長春廣場,台北市中山區長春路176號,14:30
罪人的控訴,05/29,國賓影城@台北長春廣場,台北市中山區長春路176號,16:45
罪人的控訴,05/29,國賓影城@台北長春廣場,台北市中山區長春路176號,19:00
罪人的控訴,05/30,國賓影城@台北長春廣場,台北市中山區長春路176號,14:30
罪人的控訴,05/30,國賓影城@台北長春廣場,台北市中山區長春路176號,16:45
罪人的控訴,05/30,國賓影城@台北長春廣場,台北市中山區長春路176號,19:00
罪人的控訴,05/31,國賓影城@台北長春廣場,台北市中山區長春路176號,14:30
罪人的控訴,05/31,國賓影城@台北長春廣場,台北市中山區長春路176號,16:45
罪人的控訴,05/31,國賓影城@台北長春廣場,台北市中山區長春路176號,19:00
罪人的控訴,06/01,國賓影城@台北長春廣場,台北市中山區長春路176號,14:30
罪人的控訴,06/01,國賓影城@台北長春廣場,台北市中山區長春路176號,16:45
罪人的控訴,06/01,國賓影城@台北長春廣場,台北市中山區長春路176號,19:00
罪人的控訴,06/02,國賓影城@台北長春廣場,台北市中山區長春路176號,14:30
罪人的控訴,06/02,國賓影城@台北長春廣場,台北市中山區長春路176號,16:45
罪人的控訴,06/02,國賓影城@台北長春廣場,台北市中山區長春路176號,19:00
罪人的控訴,06/03,國賓影城@台北長春廣場,台北市中山區長春路176號,14:30
罪人的控訴,06/03,國賓影城@台北長春廣場,台北市中山區長春路176號,16:45
罪人的控訴,06/03,國賓影城@台北長春廣場,台北市中山區長春路176號,19:00
罪人的控訴,06/04,國賓影城@台北長春廣場,台北市中山區長春路176號,14:30
罪人的控訴,06/04,國賓影城@台北長春廣場,台北市中山區長春路176號,16:45
罪人的控訴,06/04,國賓影城@台北長春廣場,台北市中山區長春路176號,19:00
美好拾光公司,05/29,國賓影城@台北長春廣場,台北市中山區長春路176號,14:00
美好拾光公司,05/29,國賓影城@台北長春廣場,台北市中山區長春路176號,16:10
美好拾光公司,05/29,國賓影城@台北長春廣場,台北市中山區長春路176號,18:20
美好拾光公司,05/30,國賓影城@台北長春廣場,台北市中山區長春路176號,14:00
美好拾光公司,05/30,國賓影城@台北長春廣場,台北市中山區長春路176號,16:10
美好拾光公司,05/30,國賓影城@台北長春廣場,台北市中山區長春路176號,18:20
美好拾光公司,05/31,國賓影城@台北長春廣場,台北市中山區長春路176號,14:00
美好拾光公司,05/31,國賓影城@台北長春廣場,台北市中山區長春路176號,16:10
美好拾光公司,05/31,國賓影城@台北長春廣場,台北市中山區長春路176號,18:20
美好拾光公司,06/01,國賓影城@台北長春廣場,台北市中山區長春路176號,14:00
美好拾光公司,06/01,國賓影城@台北長春廣場,台北市中山區長春路176號,16:10
美好拾光公司,06/02,國賓影城@台北長春廣場,台北市中山區長春路176號,14:00
美好拾光公司,06/02,國賓影城@台北長春廣場,台北市中山區長春路176號,16:10
美好拾光公司,06/03,國賓影城@台北長春廣場,台北市中山區長春路176號,14:00
美好拾光公司,06/03,國賓影城@台北長春廣場,台北市中山區長春路176號,16:10
美好拾光公司,06/04,國賓影城@台北長春廣場,台北市中山區長春路176號,14:00
美好拾光公司,06/04,國賓影城@台北長春廣場,台北市中山區長春路176號,16:10
蝙蝠俠：開戰時刻,05/29,國賓大戲院,台北市成都路88號,13:30
蝙蝠俠：開戰時刻,05/29,國賓大戲院,台北市成都路88號,19:00
蝙蝠俠：開戰時刻,05/29,國賓影城@中和環球購物中心,新北市中和區中山路三段122號4樓,11:00
蝙蝠俠：開戰時刻,05/29,國賓影城@中和環球購物中心,新北市中和區中山路三段122號4樓,13:40
蝙蝠俠：開戰時刻,05/29,國賓影城@中和環球購物中心,新北市中和區中山路三段122號4樓,16:20
蝙蝠俠：開戰時刻,05/29,國賓影城@中和環球購物中心,新北市中和區中山路三段122號4樓,19:10
蝙蝠俠：開戰時刻,05/29,國賓影城@中和環球購物中心,新北市中和區中山路三段122號4樓,21:10
蝙蝠俠：開戰時刻,05/29,國賓影城@八德廣豐新天地,桃園市八德區介壽路一段728號,13:40
蝙蝠俠：開戰時刻,05/29,國賓影城@八德廣豐新天地,桃園市八德區介壽路一段728號,16:20
蝙蝠俠：開戰時刻,05/29,國賓影城@八德廣豐新天地,桃園市八德區介壽路一段728號,19:10
蝙蝠俠：開戰時刻,05/29,國賓影城@八德廣豐新天地,桃園市八德區介壽路一段728號,21:10
蝙蝠俠：開戰時刻,05/29,國賓影城@台北微風廣場,台北市復興南路一段39號7樓,11:00
蝙蝠俠：開戰時刻,05/29,國賓影城@台北微風廣場,台北市復興南路一段39號7樓,13:40
蝙蝠俠：開戰時刻,05/29,國賓影城@台北微風廣場,台北市復興南路一段39號7樓,16:20
蝙蝠俠：開戰時刻,05/29,國賓影城@台北微風廣場,台北市復興南路一段39號7樓,19:10
蝙蝠俠：開戰時刻,05/29,國賓影城@台北長春廣場,台北市中山區長春路176號,13:40
蝙蝠俠：開戰時刻,05/29,國賓影城@台北長春廣場,台北市中山區長春路176號,16:20
蝙蝠俠：開戰時刻,05/29,國賓影城@台北長春廣場,台北市中山區長春路176號,19:10
蝙蝠俠：開戰時刻,05/29,國賓影城@台南國賓廣場,台南市中華東路一段66號,13:40
蝙蝠俠：開戰時刻,05/29,國賓影城@台南國賓廣場,台南市中華東路一段66號,17:30
蝙蝠俠：開戰時刻,05/29,國賓影城@台南國賓廣場,台南市中華東路一段66號,19:00
蝙蝠俠：開戰時刻,05/29,國賓影城@屏東環球購物中心,屏東市仁愛路90號6樓,12:50
蝙蝠俠：開戰時刻,05/29,國賓影城@屏東環球購物中心,屏東市仁愛路90號6樓,18:10
蝙蝠俠：開戰時刻,05/29,國賓影城@屏東環球購物中心,屏東市仁愛路90號6樓,20:30
蝙蝠俠：開戰時刻,05/29,國賓影城@新莊晶冠廣場,新北市新莊區五工路66號3樓,13:10
蝙蝠俠：開戰時刻,05/29,國賓影城@新莊晶冠廣場,新北市新莊區五工路66號3樓,14:45
蝙蝠俠：開戰時刻,05/29,國賓影城@新莊晶冠廣場,新北市新莊區五工路66號3樓,15:50
蝙蝠俠：開戰時刻,05/29,國賓影城@新莊晶冠廣場,新北市新莊區五工路66號3樓,18:30
蝙蝠俠：開戰時刻,05/29,國賓影城@新莊晶冠廣場,新北市新莊區五工路66號3樓,21:05
蝙蝠俠：開戰時刻,05/29,國賓影城@林口昕境廣場,新北市林口區文化三路一段402巷2號4F,13:40
蝙蝠俠：開戰時刻,05/29,國賓影城@林口昕境廣場,新北市林口區文化三路一段402巷2號4F,16:20
蝙蝠俠：開戰時刻,05/29,國賓影城@林口昕境廣場,新北市林口區文化三路一段402巷2號4F,19:10
蝙蝠俠：開戰時刻,05/29,國賓影城@淡水禮萊廣場,新北市淡水區中正路一段2號,13:40
蝙蝠俠：開戰時刻,05/29,國賓影城@淡水禮萊廣場,新北市淡水區中正路一段2號,16:20
蝙蝠俠：開戰時刻,05/29,國賓影城@淡水禮萊廣場,新北市淡水區中正路一段2號,19:10
蝙蝠俠：開戰時刻,05/29,國賓影城@金門昇恆昌金湖廣場,金門縣金湖鎮太湖路二段198號6樓,14:50
蝙蝠俠：開戰時刻,05/29,國賓影城@高雄大魯閣草衙道,高雄市前鎮區中山四路100號3樓,14:40
蝙蝠俠：開戰時刻,05/29,國賓影城@高雄大魯閣草衙道,高雄市前鎮區中山四路100號3樓,16:50
蝙蝠俠：開戰時刻,05/29,國賓影城@高雄大魯閣草衙道,高雄市前鎮區中山四路100號3樓,20:00
蝙蝠俠：開戰時刻,05/29,國賓影城@高雄義大世界,高雄市大樹區學城路一段12號3樓,14:40
蝙蝠俠：開戰時刻,05/29,國賓影城@高雄義大世界,高雄市大樹區學城路一段12號3樓,18:00
蝙蝠俠：開戰時刻,05/29,國賓影城@高雄義大世界,高雄市大樹區學城路一段12號3樓,20:30
蝙蝠俠：開戰時刻,05/30,國賓大戲院,台北市成都路88號,13:30
蝙蝠俠：開戰時刻,05/30,國賓大戲院,台北市成都路88號,19:00
蝙蝠俠：開戰時刻,05/30,國賓影城@中和環球購物中心,新北市中和區中山路三段122號4樓,11:00
蝙蝠俠：開戰時刻,05/30,國賓影城@中和環球購物中心,新北市中和區中山路三段122號4樓,13:40
蝙蝠俠：開戰時刻,05/30,國賓影城@中和環球購物中心,新北市中和區中山路三段122號4樓,16:20
蝙蝠俠：開戰時刻,05/30,國賓影城@中和環球購物中心,新北市中和區中山路三段122號4樓,19:10
蝙蝠俠：開戰時刻,05/30,國賓影城@八德廣豐新天地,桃園市八德區介壽路一段728號,13:40
蝙蝠俠：開戰時刻,05/30,國賓影城@八德廣豐新天地,桃園市八德區介壽路一段728號,16:20
蝙蝠俠：開戰時刻,05/30,國賓影城@八德廣豐新天地,桃園市八德區介壽路一段728號,19:10
蝙蝠俠：開戰時刻,05/30,國賓影城@八德廣豐新天地,桃園市八德區介壽路一段728號,21:10
蝙蝠俠：開戰時刻,05/30,國賓影城@台北微風廣場,台北市復興南路一段39號7樓,11:00
蝙蝠俠：開戰時刻,05/30,國賓影城@台北微風廣場,台北市復興南路一段39號7樓,13:40
蝙蝠俠：開戰時刻,05/30,國賓影城@台北微風廣場,台北市復興南路一段39號7樓,16:20
蝙蝠俠：開戰時刻,05/30,國賓影城@台北微風廣場,台北市復興南路一段39號7樓,19:10
蝙蝠俠：開戰時刻,05/30,國賓影城@台北長春廣場,台北市中山區長春路176號,13:40
蝙蝠俠：開戰時刻,05/30,國賓影城@台北長春廣場,台北市中山區長春路176號,16:20
蝙蝠俠：開戰時刻,05/30,國賓影城@台北長春廣場,台北市中山區長春路176號,19:10
蝙蝠俠：開戰時刻,05/30,國賓影城@台南國賓廣場,台南市中華東路一段66號,13:40
蝙蝠俠：開戰時刻,05/30,國賓影城@台南國賓廣場,台南市中華東路一段66號,17:30
蝙蝠俠：開戰時刻,05/30,國賓影城@台南國賓廣場,台南市中華東路一段66號,19:00
蝙蝠俠：開戰時刻,05/30,國賓影城@屏東環球購物中心,屏東市仁愛路90號6樓,12:50
蝙蝠俠：開戰時刻,05/30,國賓影城@屏東環球購物中心,屏東市仁愛路90號6樓,18:10
蝙蝠俠：開戰時刻,05/30,國賓影城@屏東環球購物中心,屏東市仁愛路90號6樓,20:30
蝙蝠俠：開戰時刻,05/30,國賓影城@新莊晶冠廣場,新北市新莊區五工路66號3樓,13:10
蝙蝠俠：開戰時刻,05/30,國賓影城@新莊晶冠廣場,新北市新莊區五工路66號3樓,14:45
蝙蝠俠：開戰時刻,05/30,國賓影城@新莊晶冠廣場,新北市新莊區五工路66號3樓,15:50
蝙蝠俠：開戰時刻,05/30,國賓影城@新莊晶冠廣場,新北市新莊區五工路66號3樓,18:30
蝙蝠俠：開戰時刻,05/30,國賓影城@新莊晶冠廣場,新北市新莊區五工路66號3樓,21:05
蝙蝠俠：開戰時刻,05/30,國賓影城@林口昕境廣場,新北市林口區文化三路一段402巷2號4F,13:40
蝙蝠俠：開戰時刻,05/30,國賓影城@林口昕境廣場,新北市林口區文化三路一段402巷2號4F,16:20
蝙蝠俠：開戰時刻,05/30,國賓影城@林口昕境廣場,新北市林口區文化三路一段402巷2號4F,19:10
蝙蝠俠：開戰時刻,05/30,國賓影城@淡水禮萊廣場,新北市淡水區中正路一段2號,13:40
蝙蝠俠：開戰時刻,05/30,國賓影城@淡水禮萊廣場,新北市淡水區中正路一段2號,16:20
蝙蝠俠：開戰時刻,05/30,國賓影城@淡水禮萊廣場,新北市淡水區中正路一段2號,19:10
蝙蝠俠：開戰時刻,05/30,國賓影城@金門昇恆昌金湖廣場,金門縣金湖鎮太湖路二段198號6樓,14:50
蝙蝠俠：開戰時刻,05/30,國賓影城@高雄大魯閣草衙道,高雄市前鎮區中山四路100號3樓,14:40
蝙蝠俠：開戰時刻,05/30,國賓影城@高雄大魯閣草衙道,高雄市前鎮區中山四路100號3樓,16:50
蝙蝠俠：開戰時刻,05/30,國賓影城@高雄大魯閣草衙道,高雄市前鎮區中山四路100號3樓,20:00
蝙蝠俠：開戰時刻,05/30,國賓影城@高雄義大世界,高雄市大樹區學城路一段12號3樓,14:40
蝙蝠俠：開戰時刻,05/30,國賓影城@高雄義大世界,高雄市大樹區學城路一段12號3樓,18:00
蝙蝠俠：開戰時刻,05/30,國賓影城@高雄義大世界,高雄市大樹區學城路一段12號3樓,20:30
蝙蝠俠：開戰時刻,05/31,國賓大戲院,台北市成都路88號,14:30
蝙蝠俠：開戰時刻,05/31,國賓大戲院,台北市成都路88號,19:00
蝙蝠俠：開戰時刻,05/31,國賓影城@中和環球購物中心,新北市中和區中山路三段122號4樓,11:00
蝙蝠俠：開戰時刻,05/31,國賓影城@中和環球購物中心,新北市中和區中山路三段122號4樓,13:40
蝙蝠俠：開戰時刻,05/31,國賓影城@中和環球購物中心,新北市中和區中山路三段122號4樓,16:20
蝙蝠俠：開戰時刻,05/31,國賓影城@中和環球購物中心,新北市中和區中山路三段122號4樓,19:10
蝙蝠俠：開戰時刻,05/31,國賓影城@八德廣豐新天地,桃園市八德區介壽路一段728號,13:40
蝙蝠俠：開戰時刻,05/31,國賓影城@八德廣豐新天地,桃園市八德區介壽路一段728號,16:20
蝙蝠俠：開戰時刻,05/31,國賓影城@八德廣豐新天地,桃園市八德區介壽路一段728號,19:10
蝙蝠俠：開戰時刻,05/31,國賓影城@台北微風廣場,台北市復興南路一段39號7樓,11:00
蝙蝠俠：開戰時刻,05/31,國賓影城@台北微風廣場,台北市復興南路一段39號7樓,13:40
蝙蝠俠：開戰時刻,05/31,國賓影城@台北微風廣場,台北市復興南路一段39號7樓,16:20
蝙蝠俠：開戰時刻,05/31,國賓影城@台北微風廣場,台北市復興南路一段39號7樓,19:10
蝙蝠俠：開戰時刻,05/31,國賓影城@台北長春廣場,台北市中山區長春路176號,13:40
蝙蝠俠：開戰時刻,05/31,國賓影城@台北長春廣場,台北市中山區長春路176號,16:20
蝙蝠俠：開戰時刻,05/31,國賓影城@台北長春廣場,台北市中山區長春路176號,19:10
蝙蝠俠：開戰時刻,05/31,國賓影城@台南國賓廣場,台南市中華東路一段66號,13:40
蝙蝠俠：開戰時刻,05/31,國賓影城@台南國賓廣場,台南市中華東路一段66號,17:30
蝙蝠俠：開戰時刻,05/31,國賓影城@台南國賓廣場,台南市中華東路一段66號,19:00
蝙蝠俠：開戰時刻,05/31,國賓影城@屏東環球購物中心,屏東市仁愛路90號6樓,12:50
蝙蝠俠：開戰時刻,05/31,國賓影城@屏東環球購物中心,屏東市仁愛路90號6樓,18:10
蝙蝠俠：開戰時刻,05/31,國賓影城@屏東環球購物中心,屏東市仁愛路90號6樓,20:30
蝙蝠俠：開戰時刻,05/31,國賓影城@新莊晶冠廣場,新北市新莊區五工路66號3樓,13:10
蝙蝠俠：開戰時刻,05/31,國賓影城@新莊晶冠廣場,新北市新莊區五工路66號3樓,14:45
蝙蝠俠：開戰時刻,05/31,國賓影城@新莊晶冠廣場,新北市新莊區五工路66號3樓,15:50
蝙蝠俠：開戰時刻,05/31,國賓影城@新莊晶冠廣場,新北市新莊區五工路66號3樓,18:30
蝙蝠俠：開戰時刻,05/31,國賓影城@新莊晶冠廣場,新北市新莊區五工路66號3樓,21:05
蝙蝠俠：開戰時刻,05/31,國賓影城@林口昕境廣場,新北市林口區文化三路一段402巷2號4F,13:40
蝙蝠俠：開戰時刻,05/31,國賓影城@林口昕境廣場,新北市林口區文化三路一段402巷2號4F,16:20
蝙蝠俠：開戰時刻,05/31,國賓影城@林口昕境廣場,新北市林口區文化三路一段402巷2號4F,19:10
蝙蝠俠：開戰時刻,05/31,國賓影城@淡水禮萊廣場,新北市淡水區中正路一段2號,13:40
蝙蝠俠：開戰時刻,05/31,國賓影城@淡水禮萊廣場,新北市淡水區中正路一段2號,16:20
蝙蝠俠：開戰時刻,05/31,國賓影城@淡水禮萊廣場,新北市淡水區中正路一段2號,19:10
蝙蝠俠：開戰時刻,05/31,國賓影城@金門昇恆昌金湖廣場,金門縣金湖鎮太湖路二段198號6樓,14:50
蝙蝠俠：開戰時刻,05/31,國賓影城@高雄大魯閣草衙道,高雄市前鎮區中山四路100號3樓,14:40
蝙蝠俠：開戰時刻,05/31,國賓影城@高雄大魯閣草衙道,高雄市前鎮區中山四路100號3樓,16:50
蝙蝠俠：開戰時刻,05/31,國賓影城@高雄大魯閣草衙道,高雄市前鎮區中山四路100號3樓,20:00
蝙蝠俠：開戰時刻,05/31,國賓影城@高雄義大世界,高雄市大樹區學城路一段12號3樓,14:40
蝙蝠俠：開戰時刻,05/31,國賓影城@高雄義大世界,高雄市大樹區學城路一段12號3樓,18:00
蝙蝠俠：開戰時刻,05/31,國賓影城@高雄義大世界,高雄市大樹區學城路一段12號3樓,20:30
蝙蝠俠：開戰時刻,06/01,國賓大戲院,台北市成都路88號,14:40
蝙蝠俠：開戰時刻,06/01,國賓大戲院,台北市成都路88號,19:30
蝙蝠俠：開戰時刻,06/01,國賓影城@中和環球購物中心,新北市中和區中山路三段122號4樓,11:10
蝙蝠俠：開戰時刻,06/01,國賓影城@中和環球購物中心,新北市中和區中山路三段122號4樓,13:50
蝙蝠俠：開戰時刻,06/01,國賓影城@中和環球購物中心,新北市中和區中山路三段122號4樓,16:30
蝙蝠俠：開戰時刻,06/01,國賓影城@中和環球購物中心,新北市中和區中山路三段122號4樓,19:20
蝙蝠俠：開戰時刻,06/01,國賓影城@八德廣豐新天地,桃園市八德區介壽路一段728號,13:40
蝙蝠俠：開戰時刻,06/01,國賓影城@八德廣豐新天地,桃園市八德區介壽路一段728號,16:20
蝙蝠俠：開戰時刻,06/01,國賓影城@八德廣豐新天地,桃園市八德區介壽路一段728號,19:10
蝙蝠俠：開戰時刻,06/01,國賓影城@八德廣豐新天地,桃園市八德區介壽路一段728號,21:10
蝙蝠俠：開戰時刻,06/01,國賓影城@台北微風廣場,台北市復興南路一段39號7樓,11:00
蝙蝠俠：開戰時刻,06/01,國賓影城@台北微風廣場,台北市復興南路一段39號7樓,13:40
蝙蝠俠：開戰時刻,06/01,國賓影城@台北微風廣場,台北市復興南路一段39號7樓,16:20
蝙蝠俠：開戰時刻,06/01,國賓影城@台北微風廣場,台北市復興南路一段39號7樓,19:10
蝙蝠俠：開戰時刻,06/01,國賓影城@台北長春廣場,台北市中山區長春路176號,13:40
蝙蝠俠：開戰時刻,06/01,國賓影城@台北長春廣場,台北市中山區長春路176號,15:00
蝙蝠俠：開戰時刻,06/01,國賓影城@台北長春廣場,台北市中山區長春路176號,16:20
蝙蝠俠：開戰時刻,06/01,國賓影城@台北長春廣場,台北市中山區長春路176號,19:10
蝙蝠俠：開戰時刻,06/01,國賓影城@台南國賓廣場,台南市中華東路一段66號,15:40
蝙蝠俠：開戰時刻,06/01,國賓影城@台南國賓廣場,台南市中華東路一段66號,19:20
蝙蝠俠：開戰時刻,06/01,國賓影城@屏東環球購物中心,屏東市仁愛路90號6樓,12:50
蝙蝠俠：開戰時刻,06/01,國賓影城@屏東環球購物中心,屏東市仁愛路90號6樓,18:10
蝙蝠俠：開戰時刻,06/01,國賓影城@屏東環球購物中心,屏東市仁愛路90號6樓,20:30
蝙蝠俠：開戰時刻,06/01,國賓影城@新莊晶冠廣場,新北市新莊區五工路66號3樓,13:10
蝙蝠俠：開戰時刻,06/01,國賓影城@新莊晶冠廣場,新北市新莊區五工路66號3樓,14:45
蝙蝠俠：開戰時刻,06/01,國賓影城@新莊晶冠廣場,新北市新莊區五工路66號3樓,15:50
蝙蝠俠：開戰時刻,06/01,國賓影城@新莊晶冠廣場,新北市新莊區五工路66號3樓,18:30
蝙蝠俠：開戰時刻,06/01,國賓影城@新莊晶冠廣場,新北市新莊區五工路66號3樓,21:05
蝙蝠俠：開戰時刻,06/01,國賓影城@林口昕境廣場,新北市林口區文化三路一段402巷2號4F,13:40
蝙蝠俠：開戰時刻,06/01,國賓影城@林口昕境廣場,新北市林口區文化三路一段402巷2號4F,16:20
蝙蝠俠：開戰時刻,06/01,國賓影城@林口昕境廣場,新北市林口區文化三路一段402巷2號4F,19:10
蝙蝠俠：開戰時刻,06/01,國賓影城@淡水禮萊廣場,新北市淡水區中正路一段2號,13:40
蝙蝠俠：開戰時刻,06/01,國賓影城@淡水禮萊廣場,新北市淡水區中正路一段2號,16:20
蝙蝠俠：開戰時刻,06/01,國賓影城@淡水禮萊廣場,新北市淡水區中正路一段2號,19:10
蝙蝠俠：開戰時刻,06/01,國賓影城@金門昇恆昌金湖廣場,金門縣金湖鎮太湖路二段198號6樓,14:50
蝙蝠俠：開戰時刻,06/01,國賓影城@高雄大魯閣草衙道,高雄市前鎮區中山四路100號3樓,14:40
蝙蝠俠：開戰時刻,06/01,國賓影城@高雄大魯閣草衙道,高雄市前鎮區中山四路100號3樓,20:00
蝙蝠俠：開戰時刻,06/01,國賓影城@高雄義大世界,高雄市大樹區學城路一段12號3樓,14:40
蝙蝠俠：開戰時刻,06/01,國賓影城@高雄義大世界,高雄市大樹區學城路一段12號3樓,16:50
蝙蝠俠：開戰時刻,06/01,國賓影城@高雄義大世界,高雄市大樹區學城路一段12號3樓,19:30
蝙蝠俠：開戰時刻,06/02,國賓大戲院,台北市成都路88號,14:40
蝙蝠俠：開戰時刻,06/02,國賓大戲院,台北市成都路88號,21:10
蝙蝠俠：開戰時刻,06/02,國賓影城@中和環球購物中心,新北市中和區中山路三段122號4樓,11:10
蝙蝠俠：開戰時刻,06/02,國賓影城@中和環球購物中心,新北市中和區中山路三段122號4樓,13:50
蝙蝠俠：開戰時刻,06/02,國賓影城@中和環球購物中心,新北市中和區中山路三段122號4樓,16:30
蝙蝠俠：開戰時刻,06/02,國賓影城@中和環球購物中心,新北市中和區中山路三段122號4樓,19:20
蝙蝠俠：開戰時刻,06/02,國賓影城@八德廣豐新天地,桃園市八德區介壽路一段728號,13:40
蝙蝠俠：開戰時刻,06/02,國賓影城@八德廣豐新天地,桃園市八德區介壽路一段728號,16:20
蝙蝠俠：開戰時刻,06/02,國賓影城@八德廣豐新天地,桃園市八德區介壽路一段728號,19:10
蝙蝠俠：開戰時刻,06/02,國賓影城@八德廣豐新天地,桃園市八德區介壽路一段728號,21:10
蝙蝠俠：開戰時刻,06/02,國賓影城@台北微風廣場,台北市復興南路一段39號7樓,11:00
蝙蝠俠：開戰時刻,06/02,國賓影城@台北微風廣場,台北市復興南路一段39號7樓,13:40
蝙蝠俠：開戰時刻,06/02,國賓影城@台北微風廣場,台北市復興南路一段39號7樓,16:20
蝙蝠俠：開戰時刻,06/02,國賓影城@台北微風廣場,台北市復興南路一段39號7樓,19:10
蝙蝠俠：開戰時刻,06/02,國賓影城@台北長春廣場,台北市中山區長春路176號,13:40
蝙蝠俠：開戰時刻,06/02,國賓影城@台北長春廣場,台北市中山區長春路176號,15:00
蝙蝠俠：開戰時刻,06/02,國賓影城@台北長春廣場,台北市中山區長春路176號,16:20
蝙蝠俠：開戰時刻,06/02,國賓影城@台北長春廣場,台北市中山區長春路176號,19:10
蝙蝠俠：開戰時刻,06/02,國賓影城@台南國賓廣場,台南市中華東路一段66號,15:40
蝙蝠俠：開戰時刻,06/02,國賓影城@台南國賓廣場,台南市中華東路一段66號,19:20
蝙蝠俠：開戰時刻,06/02,國賓影城@屏東環球購物中心,屏東市仁愛路90號6樓,12:50
蝙蝠俠：開戰時刻,06/02,國賓影城@屏東環球購物中心,屏東市仁愛路90號6樓,18:10
蝙蝠俠：開戰時刻,06/02,國賓影城@屏東環球購物中心,屏東市仁愛路90號6樓,20:30
蝙蝠俠：開戰時刻,06/02,國賓影城@新莊晶冠廣場,新北市新莊區五工路66號3樓,13:10
蝙蝠俠：開戰時刻,06/02,國賓影城@新莊晶冠廣場,新北市新莊區五工路66號3樓,14:45
蝙蝠俠：開戰時刻,06/02,國賓影城@新莊晶冠廣場,新北市新莊區五工路66號3樓,15:50
蝙蝠俠：開戰時刻,06/02,國賓影城@新莊晶冠廣場,新北市新莊區五工路66號3樓,18:30
蝙蝠俠：開戰時刻,06/02,國賓影城@新莊晶冠廣場,新北市新莊區五工路66號3樓,21:05
蝙蝠俠：開戰時刻,06/02,國賓影城@林口昕境廣場,新北市林口區文化三路一段402巷2號4F,13:40
蝙蝠俠：開戰時刻,06/02,國賓影城@林口昕境廣場,新北市林口區文化三路一段402巷2號4F,16:20
蝙蝠俠：開戰時刻,06/02,國賓影城@林口昕境廣場,新北市林口區文化三路一段402巷2號4F,19:10
蝙蝠俠：開戰時刻,06/02,國賓影城@淡水禮萊廣場,新北市淡水區中正路一段2號,13:40
蝙蝠俠：開戰時刻,06/02,國賓影城@淡水禮萊廣場,新北市淡水區中正路一段2號,16:20
蝙蝠俠：開戰時刻,06/02,國賓影城@淡水禮萊廣場,新北市淡水區中正路一段2號,19:10
蝙蝠俠：開戰時刻,06/02,國賓影城@金門昇恆昌金湖廣場,金門縣金湖鎮太湖路二段198號6樓,14:50
蝙蝠俠：開戰時刻,06/02,國賓影城@高雄大魯閣草衙道,高雄市前鎮區中山四路100號3樓,14:40
蝙蝠俠：開戰時刻,06/02,國賓影城@高雄大魯閣草衙道,高雄市前鎮區中山四路100號3樓,20:00
蝙蝠俠：開戰時刻,06/02,國賓影城@高雄義大世界,高雄市大樹區學城路一段12號3樓,14:40
蝙蝠俠：開戰時刻,06/02,國賓影城@高雄義大世界,高雄市大樹區學城路一段12號3樓,16:50
蝙蝠俠：開戰時刻,06/02,國賓影城@高雄義大世界,高雄市大樹區學城路一段12號3樓,19:30
蝙蝠俠：開戰時刻,06/03,國賓大戲院,台北市成都路88號,14:40
蝙蝠俠：開戰時刻,06/03,國賓大戲院,台北市成都路88號,21:10
蝙蝠俠：開戰時刻,06/03,國賓影城@中和環球購物中心,新北市中和區中山路三段122號4樓,11:10
蝙蝠俠：開戰時刻,06/03,國賓影城@中和環球購物中心,新北市中和區中山路三段122號4樓,13:50
蝙蝠俠：開戰時刻,06/03,國賓影城@中和環球購物中心,新北市中和區中山路三段122號4樓,16:30
蝙蝠俠：開戰時刻,06/03,國賓影城@中和環球購物中心,新北市中和區中山路三段122號4樓,19:20
蝙蝠俠：開戰時刻,06/03,國賓影城@八德廣豐新天地,桃園市八德區介壽路一段728號,13:40
蝙蝠俠：開戰時刻,06/03,國賓影城@八德廣豐新天地,桃園市八德區介壽路一段728號,16:20
蝙蝠俠：開戰時刻,06/03,國賓影城@八德廣豐新天地,桃園市八德區介壽路一段728號,19:10
蝙蝠俠：開戰時刻,06/03,國賓影城@八德廣豐新天地,桃園市八德區介壽路一段728號,21:10
蝙蝠俠：開戰時刻,06/03,國賓影城@台北微風廣場,台北市復興南路一段39號7樓,11:00
蝙蝠俠：開戰時刻,06/03,國賓影城@台北微風廣場,台北市復興南路一段39號7樓,13:40
蝙蝠俠：開戰時刻,06/03,國賓影城@台北微風廣場,台北市復興南路一段39號7樓,16:20
蝙蝠俠：開戰時刻,06/03,國賓影城@台北微風廣場,台北市復興南路一段39號7樓,19:10
蝙蝠俠：開戰時刻,06/03,國賓影城@台北長春廣場,台北市中山區長春路176號,13:40
蝙蝠俠：開戰時刻,06/03,國賓影城@台北長春廣場,台北市中山區長春路176號,15:00
蝙蝠俠：開戰時刻,06/03,國賓影城@台北長春廣場,台北市中山區長春路176號,16:20
蝙蝠俠：開戰時刻,06/03,國賓影城@台北長春廣場,台北市中山區長春路176號,19:10
蝙蝠俠：開戰時刻,06/03,國賓影城@台南國賓廣場,台南市中華東路一段66號,15:40
蝙蝠俠：開戰時刻,06/03,國賓影城@台南國賓廣場,台南市中華東路一段66號,19:20
蝙蝠俠：開戰時刻,06/03,國賓影城@屏東環球購物中心,屏東市仁愛路90號6樓,12:50
蝙蝠俠：開戰時刻,06/03,國賓影城@屏東環球購物中心,屏東市仁愛路90號6樓,18:10
蝙蝠俠：開戰時刻,06/03,國賓影城@屏東環球購物中心,屏東市仁愛路90號6樓,20:30
蝙蝠俠：開戰時刻,06/03,國賓影城@新莊晶冠廣場,新北市新莊區五工路66號3樓,13:10
蝙蝠俠：開戰時刻,06/03,國賓影城@新莊晶冠廣場,新北市新莊區五工路66號3樓,14:45
蝙蝠俠：開戰時刻,06/03,國賓影城@新莊晶冠廣場,新北市新莊區五工路66號3樓,15:50
蝙蝠俠：開戰時刻,06/03,國賓影城@新莊晶冠廣場,新北市新莊區五工路66號3樓,18:30
蝙蝠俠：開戰時刻,06/03,國賓影城@新莊晶冠廣場,新北市新莊區五工路66號3樓,21:05
蝙蝠俠：開戰時刻,06/03,國賓影城@林口昕境廣場,新北市林口區文化三路一段402巷2號4F,13:40
蝙蝠俠：開戰時刻,06/03,國賓影城@林口昕境廣場,新北市林口區文化三路一段402巷2號4F,16:20
蝙蝠俠：開戰時刻,06/03,國賓影城@林口昕境廣場,新北市林口區文化三路一段402巷2號4F,19:10
蝙蝠俠：開戰時刻,06/03,國賓影城@淡水禮萊廣場,新北市淡水區中正路一段2號,13:40
蝙蝠俠：開戰時刻,06/03,國賓影城@淡水禮萊廣場,新北市淡水區中正路一段2號,16:20
蝙蝠俠：開戰時刻,06/03,國賓影城@淡水禮萊廣場,新北市淡水區中正路一段2號,19:10
蝙蝠俠：開戰時刻,06/03,國賓影城@金門昇恆昌金湖廣場,金門縣金湖鎮太湖路二段198號6樓,14:50
蝙蝠俠：開戰時刻,06/03,國賓影城@高雄大魯閣草衙道,高雄市前鎮區中山四路100號3樓,14:40
蝙蝠俠：開戰時刻,06/03,國賓影城@高雄大魯閣草衙道,高雄市前鎮區中山四路100號3樓,20:00
蝙蝠俠：開戰時刻,06/03,國賓影城@高雄義大世界,高雄市大樹區學城路一段12號3樓,14:40
蝙蝠俠：開戰時刻,06/03,國賓影城@高雄義大世界,高雄市大樹區學城路一段12號3樓,16:50
蝙蝠俠：開戰時刻,06/03,國賓影城@高雄義大世界,高雄市大樹區學城路一段12號3樓,19:30
蝙蝠俠：開戰時刻,06/04,國賓大戲院,台北市成都路88號,14:40
蝙蝠俠：開戰時刻,06/04,國賓大戲院,台北市成都路88號,19:30
蝙蝠俠：開戰時刻,06/04,國賓影城@中和環球購物中心,新北市中和區中山路三段122號4樓,11:10
蝙蝠俠：開戰時刻,06/04,國賓影城@中和環球購物中心,新北市中和區中山路三段122號4樓,13:50
蝙蝠俠：開戰時刻,06/04,國賓影城@中和環球購物中心,新北市中和區中山路三段122號4樓,16:30
蝙蝠俠：開戰時刻,06/04,國賓影城@中和環球購物中心,新北市中和區中山路三段122號4樓,19:20
蝙蝠俠：開戰時刻,06/04,國賓影城@八德廣豐新天地,桃園市八德區介壽路一段728號,13:40
蝙蝠俠：開戰時刻,06/04,國賓影城@八德廣豐新天地,桃園市八德區介壽路一段728號,16:20
蝙蝠俠：開戰時刻,06/04,國賓影城@八德廣豐新天地,桃園市八德區介壽路一段728號,19:10
蝙蝠俠：開戰時刻,06/04,國賓影城@八德廣豐新天地,桃園市八德區介壽路一段728號,21:10
蝙蝠俠：開戰時刻,06/04,國賓影城@台北微風廣場,台北市復興南路一段39號7樓,11:00
蝙蝠俠：開戰時刻,06/04,國賓影城@台北微風廣場,台北市復興南路一段39號7樓,13:40
蝙蝠俠：開戰時刻,06/04,國賓影城@台北微風廣場,台北市復興南路一段39號7樓,16:20
蝙蝠俠：開戰時刻,06/04,國賓影城@台北微風廣場,台北市復興南路一段39號7樓,19:10
蝙蝠俠：開戰時刻,06/04,國賓影城@台北長春廣場,台北市中山區長春路176號,13:40
蝙蝠俠：開戰時刻,06/04,國賓影城@台北長春廣場,台北市中山區長春路176號,15:00
蝙蝠俠：開戰時刻,06/04,國賓影城@台北長春廣場,台北市中山區長春路176號,16:20
蝙蝠俠：開戰時刻,06/04,國賓影城@台北長春廣場,台北市中山區長春路176號,19:10
蝙蝠俠：開戰時刻,06/04,國賓影城@台南國賓廣場,台南市中華東路一段66號,15:40
蝙蝠俠：開戰時刻,06/04,國賓影城@台南國賓廣場,台南市中華東路一段66號,19:20
蝙蝠俠：開戰時刻,06/04,國賓影城@屏東環球購物中心,屏東市仁愛路90號6樓,12:50
蝙蝠俠：開戰時刻,06/04,國賓影城@屏東環球購物中心,屏東市仁愛路90號6樓,18:10
蝙蝠俠：開戰時刻,06/04,國賓影城@屏東環球購物中心,屏東市仁愛路90號6樓,20:30
蝙蝠俠：開戰時刻,06/04,國賓影城@新莊晶冠廣場,新北市新莊區五工路66號3樓,13:10
蝙蝠俠：開戰時刻,06/04,國賓影城@新莊晶冠廣場,新北市新莊區五工路66號3樓,14:45
蝙蝠俠：開戰時刻,06/04,國賓影城@新莊晶冠廣場,新北市新莊區五工路66號3樓,15:50
蝙蝠俠：開戰時刻,06/04,國賓影城@新莊晶冠廣場,新北市新莊區五工路66號3樓,18:30
蝙蝠俠：開戰時刻,06/04,國賓影城@新莊晶冠廣場,新北市新莊區五工路66號3樓,21:05
蝙蝠俠：開戰時刻,06/04,國賓影城@林口昕境廣場,新北市林口區文化三路一段402巷2號4F,13:40
蝙蝠俠：開戰時刻,06/04,國賓影城@林口昕境廣場,新北市林口區文化三路一段402巷2號4F,16:20
蝙蝠俠：開戰時刻,06/04,國賓影城@林口昕境廣場,新北市林口區文化三路一段402巷2號4F,19:10
蝙蝠俠：開戰時刻,06/04,國賓影城@淡水禮萊廣場,新北市淡水區中正路一段2號,13:40
蝙蝠俠：開戰時刻,06/04,國賓影城@淡水禮萊廣場,新北市淡水區中正路一段2號,16:20
蝙蝠俠：開戰時刻,06/04,國賓影城@淡水禮萊廣場,新北市淡水區中正路一段2號,19:10
蝙蝠俠：開戰時刻,06/04,國賓影城@金門昇恆昌金湖廣場,金門縣金湖鎮太湖路二段198號6樓,14:50
蝙蝠俠：開戰時刻,06/04,國賓影城@高雄大魯閣草衙道,高雄市前鎮區中山四路100號3樓,14:40
蝙蝠俠：開戰時刻,06/04,國賓影城@高雄大魯閣草衙道,高雄市前鎮區中山四路100號3樓,20:00
蝙蝠俠：開戰時刻,06/04,國賓影城@高雄義大世界,高雄市大樹區學城路一段12號3樓,14:40
蝙蝠俠：開戰時刻,06/04,國賓影城@高雄義大世界,高雄市大樹區學城路一段12號3樓,16:50
蝙蝠俠：開戰時刻,06/04,國賓影城@高雄義大世界,高雄市大樹區學城路一段12號3樓,19:30
見鬼的戀愛季節,05/29,國賓影城@中和環球購物中心,新北市中和區中山路三段122號4樓,14:20
見鬼的戀愛季節,05/29,國賓影城@中和環球購物中心,新北市中和區中山路三段122號4樓,20:10
見鬼的戀愛季節,05/29,國賓影城@八德廣豐新天地,桃園市八德區介壽路一段728號,16:30
見鬼的戀愛季節,05/29,國賓影城@台北長春廣場,台北市中山區長春路176號,13:50
見鬼的戀愛季節,05/29,國賓影城@台南國賓廣場,台南市中華東路一段66號,19:30
見鬼的戀愛季節,05/29,國賓影城@台南國賓廣場,台南市中華東路一段66號,21:50
見鬼的戀愛季節,05/29,國賓影城@林口昕境廣場,新北市林口區文化三路一段402巷2號4F,16:30
見鬼的戀愛季節,05/29,國賓影城@林口昕境廣場,新北市林口區文化三路一段402巷2號4F,20:40
見鬼的戀愛季節,05/29,國賓影城@淡水禮萊廣場,新北市淡水區中正路一段2號,16:30
見鬼的戀愛季節,05/29,國賓影城@淡水禮萊廣場,新北市淡水區中正路一段2號,20:40
見鬼的戀愛季節,05/29,國賓影城@高雄大魯閣草衙道,高雄市前鎮區中山四路100號3樓,16:00
見鬼的戀愛季節,05/29,國賓影城@高雄大魯閣草衙道,高雄市前鎮區中山四路100號3樓,21:00
見鬼的戀愛季節,05/29,國賓影城@高雄義大世界,高雄市大樹區學城路一段12號3樓,21:20
見鬼的戀愛季節,05/30,國賓影城@中和環球購物中心,新北市中和區中山路三段122號4樓,14:20
見鬼的戀愛季節,05/30,國賓影城@中和環球購物中心,新北市中和區中山路三段122號4樓,21:00
見鬼的戀愛季節,05/30,國賓影城@八德廣豐新天地,桃園市八德區介壽路一段728號,16:30
見鬼的戀愛季節,05/30,國賓影城@台北長春廣場,台北市中山區長春路176號,13:50
見鬼的戀愛季節,05/30,國賓影城@台南國賓廣場,台南市中華東路一段66號,19:30
見鬼的戀愛季節,05/30,國賓影城@台南國賓廣場,台南市中華東路一段66號,21:50
見鬼的戀愛季節,05/30,國賓影城@林口昕境廣場,新北市林口區文化三路一段402巷2號4F,16:30
見鬼的戀愛季節,05/30,國賓影城@林口昕境廣場,新北市林口區文化三路一段402巷2號4F,20:40
見鬼的戀愛季節,05/30,國賓影城@淡水禮萊廣場,新北市淡水區中正路一段2號,16:30
見鬼的戀愛季節,05/30,國賓影城@淡水禮萊廣場,新北市淡水區中正路一段2號,20:40
見鬼的戀愛季節,05/30,國賓影城@高雄大魯閣草衙道,高雄市前鎮區中山四路100號3樓,16:00
見鬼的戀愛季節,05/30,國賓影城@高雄大魯閣草衙道,高雄市前鎮區中山四路100號3樓,21:00
見鬼的戀愛季節,05/30,國賓影城@高雄義大世界,高雄市大樹區學城路一段12號3樓,21:20
見鬼的戀愛季節,05/31,國賓影城@中和環球購物中心,新北市中和區中山路三段122號4樓,14:20
見鬼的戀愛季節,05/31,國賓影城@中和環球購物中心,新北市中和區中山路三段122號4樓,21:00
見鬼的戀愛季節,05/31,國賓影城@八德廣豐新天地,桃園市八德區介壽路一段728號,16:30
見鬼的戀愛季節,05/31,國賓影城@台北長春廣場,台北市中山區長春路176號,13:50
見鬼的戀愛季節,05/31,國賓影城@台南國賓廣場,台南市中華東路一段66號,19:30
見鬼的戀愛季節,05/31,國賓影城@台南國賓廣場,台南市中華東路一段66號,21:50
見鬼的戀愛季節,05/31,國賓影城@林口昕境廣場,新北市林口區文化三路一段402巷2號4F,16:30
見鬼的戀愛季節,05/31,國賓影城@林口昕境廣場,新北市林口區文化三路一段402巷2號4F,20:40
見鬼的戀愛季節,05/31,國賓影城@淡水禮萊廣場,新北市淡水區中正路一段2號,16:30
見鬼的戀愛季節,05/31,國賓影城@淡水禮萊廣場,新北市淡水區中正路一段2號,20:40
見鬼的戀愛季節,05/31,國賓影城@高雄大魯閣草衙道,高雄市前鎮區中山四路100號3樓,16:00
見鬼的戀愛季節,05/31,國賓影城@高雄大魯閣草衙道,高雄市前鎮區中山四路100號3樓,21:00
見鬼的戀愛季節,05/31,國賓影城@高雄義大世界,高雄市大樹區學城路一段12號3樓,21:20
見鬼的戀愛季節,06/01,國賓影城@中和環球購物中心,新北市中和區中山路三段122號4樓,14:20
見鬼的戀愛季節,06/01,國賓影城@中和環球購物中心,新北市中和區中山路三段122號4樓,21:00
見鬼的戀愛季節,06/01,國賓影城@八德廣豐新天地,桃園市八德區介壽路一段728號,16:30
見鬼的戀愛季節,06/01,國賓影城@台北長春廣場,台北市中山區長春路176號,13:50
見鬼的戀愛季節,06/01,國賓影城@台南國賓廣場,台南市中華東路一段66號,19:30
見鬼的戀愛季節,06/01,國賓影城@台南國賓廣場,台南市中華東路一段66號,21:50
見鬼的戀愛季節,06/01,國賓影城@林口昕境廣場,新北市林口區文化三路一段402巷2號4F,16:30
見鬼的戀愛季節,06/01,國賓影城@林口昕境廣場,新北市林口區文化三路一段402巷2號4F,20:40
見鬼的戀愛季節,06/01,國賓影城@淡水禮萊廣場,新北市淡水區中正路一段2號,16:30
見鬼的戀愛季節,06/01,國賓影城@淡水禮萊廣場,新北市淡水區中正路一段2號,20:40
見鬼的戀愛季節,06/01,國賓影城@高雄大魯閣草衙道,高雄市前鎮區中山四路100號3樓,16:00
見鬼的戀愛季節,06/01,國賓影城@高雄大魯閣草衙道,高雄市前鎮區中山四路100號3樓,21:00
見鬼的戀愛季節,06/01,國賓影城@高雄義大世界,高雄市大樹區學城路一段12號3樓,21:20
見鬼的戀愛季節,06/02,國賓影城@中和環球購物中心,新北市中和區中山路三段122號4樓,14:20
見鬼的戀愛季節,06/02,國賓影城@中和環球購物中心,新北市中和區中山路三段122號4樓,21:00
見鬼的戀愛季節,06/02,國賓影城@八德廣豐新天地,桃園市八德區介壽路一段728號,16:30
見鬼的戀愛季節,06/02,國賓影城@台北長春廣場,台北市中山區長春路176號,13:50
見鬼的戀愛季節,06/02,國賓影城@台南國賓廣場,台南市中華東路一段66號,19:30
見鬼的戀愛季節,06/02,國賓影城@台南國賓廣場,台南市中華東路一段66號,21:50
見鬼的戀愛季節,06/02,國賓影城@林口昕境廣場,新北市林口區文化三路一段402巷2號4F,16:30
見鬼的戀愛季節,06/02,國賓影城@林口昕境廣場,新北市林口區文化三路一段402巷2號4F,20:40
見鬼的戀愛季節,06/02,國賓影城@淡水禮萊廣場,新北市淡水區中正路一段2號,16:30
見鬼的戀愛季節,06/02,國賓影城@淡水禮萊廣場,新北市淡水區中正路一段2號,20:40
見鬼的戀愛季節,06/02,國賓影城@高雄大魯閣草衙道,高雄市前鎮區中山四路100號3樓,16:00
見鬼的戀愛季節,06/02,國賓影城@高雄大魯閣草衙道,高雄市前鎮區中山四路100號3樓,21:00
見鬼的戀愛季節,06/02,國賓影城@高雄義大世界,高雄市大樹區學城路一段12號3樓,21:20
見鬼的戀愛季節,06/03,國賓影城@中和環球購物中心,新北市中和區中山路三段122號4樓,14:20
見鬼的戀愛季節,06/03,國賓影城@中和環球購物中心,新北市中和區中山路三段122號4樓,21:00
見鬼的戀愛季節,06/03,國賓影城@八德廣豐新天地,桃園市八德區介壽路一段728號,16:30
見鬼的戀愛季節,06/03,國賓影城@台北長春廣場,台北市中山區長春路176號,13:50
見鬼的戀愛季節,06/03,國賓影城@台南國賓廣場,台南市中華東路一段66號,19:30
見鬼的戀愛季節,06/03,國賓影城@台南國賓廣場,台南市中華東路一段66號,21:50
見鬼的戀愛季節,06/03,國賓影城@林口昕境廣場,新北市林口區文化三路一段402巷2號4F,16:30
見鬼的戀愛季節,06/03,國賓影城@林口昕境廣場,新北市林口區文化三路一段402巷2號4F,20:40
見鬼的戀愛季節,06/03,國賓影城@淡水禮萊廣場,新北市淡水區中正路一段2號,16:30
見鬼的戀愛季節,06/03,國賓影城@淡水禮萊廣場,新北市淡水區中正路一段2號,20:40
見鬼的戀愛季節,06/03,國賓影城@高雄大魯閣草衙道,高雄市前鎮區中山四路100號3樓,16:00
見鬼的戀愛季節,06/03,國賓影城@高雄大魯閣草衙道,高雄市前鎮區中山四路100號3樓,21:00
見鬼的戀愛季節,06/03,國賓影城@高雄義大世界,高雄市大樹區學城路一段12號3樓,21:20
見鬼的戀愛季節,06/04,國賓影城@中和環球購物中心,新北市中和區中山路三段122號4樓,14:20
見鬼的戀愛季節,06/04,國賓影城@中和環球購物中心,新北市中和區中山路三段122號4樓,21:00
見鬼的戀愛季節,06/04,國賓影城@八德廣豐新天地,桃園市八德區介壽路一段728號,16:30
見鬼的戀愛季節,06/04,國賓影城@台北長春廣場,台北市中山區長春路176號,13:50
見鬼的戀愛季節,06/04,國賓影城@台南國賓廣場,台南市中華東路一段66號,19:30
見鬼的戀愛季節,06/04,國賓影城@台南國賓廣場,台南市中華東路一段66號,21:50
見鬼的戀愛季節,06/04,國賓影城@林口昕境廣場,新北市林口區文化三路一段402巷2號4F,16:30
見鬼的戀愛季節,06/04,國賓影城@林口昕境廣場,新北市林口區文化三路一段402巷2號4F,20:40
見鬼的戀愛季節,06/04,國賓影城@淡水禮萊廣場,新北市淡水區中正路一段2號,16:30
見鬼的戀愛季節,06/04,國賓影城@淡水禮萊廣場,新北市淡水區中正路一段2號,20:40
見鬼的戀愛季節,06/04,國賓影城@高雄大魯閣草衙道,高雄市前鎮區中山四路100號3樓,16:00
見鬼的戀愛季節,06/04,國賓影城@高雄大魯閣草衙道,高雄市前鎮區中山四路100號3樓,21:00
見鬼的戀愛季節,06/04,國賓影城@高雄義大世界,高雄市大樹區學城路一段12號3樓,21:20
謝謝你愛過我,05/29,國賓影城@台北長春廣場,台北市中山區長春路176號,13:20
謝謝你愛過我,05/29,國賓影城@台北長春廣場,台北市中山區長春路176號,15:30
謝謝你愛過我,05/29,國賓影城@台北長春廣場,台北市中山區長春路176號,17:40
謝謝你愛過我,05/30,國賓影城@台北長春廣場,台北市中山區長春路176號,13:20
謝謝你愛過我,05/30,國賓影城@台北長春廣場,台北市中山區長春路176號,15:30
謝謝你愛過我,05/30,國賓影城@台北長春廣場,台北市中山區長春路176號,17:40
謝謝你愛過我,05/31,國賓影城@台北長春廣場,台北市中山區長春路176號,13:20
謝謝你愛過我,05/31,國賓影城@台北長春廣場,台北市中山區長春路176號,15:30
謝謝你愛過我,05/31,國賓影城@台北長春廣場,台北市中山區長春路176號,17:40
謝謝你愛過我,06/01,國賓影城@台北長春廣場,台北市中山區長春路176號,13:20
謝謝你愛過我,06/01,國賓影城@台北長春廣場,台北市中山區長春路176號,15:30
謝謝你愛過我,06/01,國賓影城@台北長春廣場,台北市中山區長春路176號,17:40
謝謝你愛過我,06/02,國賓影城@台北長春廣場,台北市中山區長春路176號,13:20
謝謝你愛過我,06/02,國賓影城@台北長春廣場,台北市中山區長春路176號,15:30
謝謝你愛過我,06/02,國賓影城@台北長春廣場,台北市中山區長春路176號,17:40
謝謝你愛過我,06/03,國賓影城@台北長春廣場,台北市中山區長春路176號,13:20
謝謝你愛過我,06/03,國賓影城@台北長春廣場,台北市中山區長春路176號,15:30
謝謝你愛過我,06/03,國賓影城@台北長春廣場,台北市中山區長春路176號,17:40
謝謝你愛過我,06/04,國賓影城@台北長春廣場,台北市中山區長春路176號,13:20
謝謝你愛過我,06/04,國賓影城@台北長春廣場,台北市中山區長春路176號,15:30
謝謝你愛過我,06/04,國賓影城@台北長春廣場,台北市中山區長春路176號,17:40
靠北少女,05/29,國賓大戲院,台北市成都路88號,12:40
靠北少女,05/29,國賓影城@中和環球購物中心,新北市中和區中山路三段122號4樓,12:30
靠北少女,05/29,國賓影城@中和環球購物中心,新北市中和區中山路三段122號4樓,19:10
靠北少女,05/29,國賓影城@八德廣豐新天地,桃園市八德區介壽路一段728號,14:40
靠北少女,05/29,國賓影城@八德廣豐新天地,桃園市八德區介壽路一段728號,18:50
靠北少女,05/29,國賓影城@台北微風廣場,台北市復興南路一段39號7樓,13:20
靠北少女,05/29,國賓影城@台北長春廣場,台北市中山區長春路176號,15:30
靠北少女,05/29,國賓影城@台北長春廣場,台北市中山區長春路176號,19:20
靠北少女,05/29,國賓影城@台北長春廣場,台北市中山區長春路176號,21:10
靠北少女,05/29,國賓影城@台南國賓廣場,台南市中華東路一段66號,20:00
靠北少女,05/29,國賓影城@台南國賓廣場,台南市中華東路一段66號,21:40
靠北少女,05/29,國賓影城@屏東環球購物中心,屏東市仁愛路90號6樓,12:30
靠北少女,05/29,國賓影城@新莊晶冠廣場,新北市新莊區五工路66號3樓,16:20
靠北少女,05/29,國賓影城@新莊晶冠廣場,新北市新莊區五工路66號3樓,20:20
靠北少女,05/29,國賓影城@林口昕境廣場,新北市林口區文化三路一段402巷2號4F,14:40
靠北少女,05/29,國賓影城@林口昕境廣場,新北市林口區文化三路一段402巷2號4F,18:50
靠北少女,05/29,國賓影城@淡水禮萊廣場,新北市淡水區中正路一段2號,14:40
靠北少女,05/29,國賓影城@淡水禮萊廣場,新北市淡水區中正路一段2號,18:50
靠北少女,05/29,國賓影城@高雄大魯閣草衙道,高雄市前鎮區中山四路100號3樓,14:00
靠北少女,05/29,國賓影城@高雄大魯閣草衙道,高雄市前鎮區中山四路100號3樓,17:00
靠北少女,05/29,國賓影城@高雄義大世界,高雄市大樹區學城路一段12號3樓,14:20
靠北少女,05/29,國賓影城@高雄義大世界,高雄市大樹區學城路一段12號3樓,17:50
靠北少女,05/30,國賓大戲院,台北市成都路88號,12:40
靠北少女,05/30,國賓影城@中和環球購物中心,新北市中和區中山路三段122號4樓,12:30
靠北少女,05/30,國賓影城@中和環球購物中心,新北市中和區中山路三段122號4樓,19:10
靠北少女,05/30,國賓影城@八德廣豐新天地,桃園市八德區介壽路一段728號,14:40
靠北少女,05/30,國賓影城@八德廣豐新天地,桃園市八德區介壽路一段728號,18:50
靠北少女,05/30,國賓影城@台北微風廣場,台北市復興南路一段39號7樓,13:20
靠北少女,05/30,國賓影城@台北長春廣場,台北市中山區長春路176號,15:30
靠北少女,05/30,國賓影城@台北長春廣場,台北市中山區長春路176號,19:20
靠北少女,05/30,國賓影城@台北長春廣場,台北市中山區長春路176號,21:10
靠北少女,05/30,國賓影城@台南國賓廣場,台南市中華東路一段66號,20:00
靠北少女,05/30,國賓影城@台南國賓廣場,台南市中華東路一段66號,21:40
靠北少女,05/30,國賓影城@屏東環球購物中心,屏東市仁愛路90號6樓,12:30
靠北少女,05/30,國賓影城@新莊晶冠廣場,新北市新莊區五工路66號3樓,15:50
靠北少女,05/30,國賓影城@新莊晶冠廣場,新北市新莊區五工路66號3樓,17:50
靠北少女,05/30,國賓影城@林口昕境廣場,新北市林口區文化三路一段402巷2號4F,14:40
靠北少女,05/30,國賓影城@林口昕境廣場,新北市林口區文化三路一段402巷2號4F,18:50
靠北少女,05/30,國賓影城@淡水禮萊廣場,新北市淡水區中正路一段2號,14:40
靠北少女,05/30,國賓影城@淡水禮萊廣場,新北市淡水區中正路一段2號,18:50
靠北少女,05/30,國賓影城@高雄大魯閣草衙道,高雄市前鎮區中山四路100號3樓,14:00
靠北少女,05/30,國賓影城@高雄大魯閣草衙道,高雄市前鎮區中山四路100號3樓,17:00
靠北少女,05/30,國賓影城@高雄義大世界,高雄市大樹區學城路一段12號3樓,14:20
靠北少女,05/30,國賓影城@高雄義大世界,高雄市大樹區學城路一段12號3樓,17:50
靠北少女,05/31,國賓大戲院,台北市成都路88號,12:40
靠北少女,05/31,國賓影城@中和環球購物中心,新北市中和區中山路三段122號4樓,12:30
靠北少女,05/31,國賓影城@中和環球購物中心,新北市中和區中山路三段122號4樓,19:10
靠北少女,05/31,國賓影城@八德廣豐新天地,桃園市八德區介壽路一段728號,14:40
靠北少女,05/31,國賓影城@八德廣豐新天地,桃園市八德區介壽路一段728號,18:50
靠北少女,05/31,國賓影城@台北微風廣場,台北市復興南路一段39號7樓,13:20
靠北少女,05/31,國賓影城@台北長春廣場,台北市中山區長春路176號,15:30
靠北少女,05/31,國賓影城@台北長春廣場,台北市中山區長春路176號,19:20
靠北少女,05/31,國賓影城@台北長春廣場,台北市中山區長春路176號,21:10
靠北少女,05/31,國賓影城@台南國賓廣場,台南市中華東路一段66號,20:00
靠北少女,05/31,國賓影城@台南國賓廣場,台南市中華東路一段66號,21:40
靠北少女,05/31,國賓影城@屏東環球購物中心,屏東市仁愛路90號6樓,12:30
靠北少女,05/31,國賓影城@新莊晶冠廣場,新北市新莊區五工路66號3樓,15:50
靠北少女,05/31,國賓影城@新莊晶冠廣場,新北市新莊區五工路66號3樓,17:50
靠北少女,05/31,國賓影城@林口昕境廣場,新北市林口區文化三路一段402巷2號4F,14:40
靠北少女,05/31,國賓影城@林口昕境廣場,新北市林口區文化三路一段402巷2號4F,18:50
靠北少女,05/31,國賓影城@淡水禮萊廣場,新北市淡水區中正路一段2號,14:40
靠北少女,05/31,國賓影城@淡水禮萊廣場,新北市淡水區中正路一段2號,18:50
靠北少女,05/31,國賓影城@高雄大魯閣草衙道,高雄市前鎮區中山四路100號3樓,14:00
靠北少女,05/31,國賓影城@高雄大魯閣草衙道,高雄市前鎮區中山四路100號3樓,17:00
靠北少女,05/31,國賓影城@高雄義大世界,高雄市大樹區學城路一段12號3樓,14:20
靠北少女,05/31,國賓影城@高雄義大世界,高雄市大樹區學城路一段12號3樓,17:50
靠北少女,06/01,國賓大戲院,台北市成都路88號,12:40
靠北少女,06/01,國賓影城@中和環球購物中心,新北市中和區中山路三段122號4樓,12:30
靠北少女,06/01,國賓影城@中和環球購物中心,新北市中和區中山路三段122號4樓,19:10
靠北少女,06/01,國賓影城@八德廣豐新天地,桃園市八德區介壽路一段728號,14:40
靠北少女,06/01,國賓影城@八德廣豐新天地,桃園市八德區介壽路一段728號,18:50
靠北少女,06/01,國賓影城@台北微風廣場,台北市復興南路一段39號7樓,13:20
靠北少女,06/01,國賓影城@台北長春廣場,台北市中山區長春路176號,15:30
靠北少女,06/01,國賓影城@台北長春廣場,台北市中山區長春路176號,19:20
靠北少女,06/01,國賓影城@台北長春廣場,台北市中山區長春路176號,21:10
靠北少女,06/01,國賓影城@台南國賓廣場,台南市中華東路一段66號,20:00
靠北少女,06/01,國賓影城@台南國賓廣場,台南市中華東路一段66號,21:40
靠北少女,06/01,國賓影城@屏東環球購物中心,屏東市仁愛路90號6樓,12:30
靠北少女,06/01,國賓影城@新莊晶冠廣場,新北市新莊區五工路66號3樓,16:20
靠北少女,06/01,國賓影城@新莊晶冠廣場,新北市新莊區五工路66號3樓,20:20
靠北少女,06/01,國賓影城@林口昕境廣場,新北市林口區文化三路一段402巷2號4F,14:40
靠北少女,06/01,國賓影城@林口昕境廣場,新北市林口區文化三路一段402巷2號4F,18:50
靠北少女,06/01,國賓影城@淡水禮萊廣場,新北市淡水區中正路一段2號,14:40
靠北少女,06/01,國賓影城@淡水禮萊廣場,新北市淡水區中正路一段2號,18:50
靠北少女,06/01,國賓影城@高雄大魯閣草衙道,高雄市前鎮區中山四路100號3樓,14:00
靠北少女,06/01,國賓影城@高雄大魯閣草衙道,高雄市前鎮區中山四路100號3樓,17:00
靠北少女,06/01,國賓影城@高雄義大世界,高雄市大樹區學城路一段12號3樓,14:20
靠北少女,06/01,國賓影城@高雄義大世界,高雄市大樹區學城路一段12號3樓,17:50
靠北少女,06/02,國賓大戲院,台北市成都路88號,12:40
靠北少女,06/02,國賓影城@中和環球購物中心,新北市中和區中山路三段122號4樓,12:30
靠北少女,06/02,國賓影城@中和環球購物中心,新北市中和區中山路三段122號4樓,19:10
靠北少女,06/02,國賓影城@八德廣豐新天地,桃園市八德區介壽路一段728號,14:40
靠北少女,06/02,國賓影城@八德廣豐新天地,桃園市八德區介壽路一段728號,18:50
靠北少女,06/02,國賓影城@台北微風廣場,台北市復興南路一段39號7樓,13:20
靠北少女,06/02,國賓影城@台北長春廣場,台北市中山區長春路176號,15:30
靠北少女,06/02,國賓影城@台北長春廣場,台北市中山區長春路176號,19:20
靠北少女,06/02,國賓影城@台北長春廣場,台北市中山區長春路176號,21:10
靠北少女,06/02,國賓影城@台南國賓廣場,台南市中華東路一段66號,20:00
靠北少女,06/02,國賓影城@台南國賓廣場,台南市中華東路一段66號,21:40
靠北少女,06/02,國賓影城@新莊晶冠廣場,新北市新莊區五工路66號3樓,16:20
靠北少女,06/02,國賓影城@新莊晶冠廣場,新北市新莊區五工路66號3樓,20:20
靠北少女,06/02,國賓影城@林口昕境廣場,新北市林口區文化三路一段402巷2號4F,14:40
靠北少女,06/02,國賓影城@林口昕境廣場,新北市林口區文化三路一段402巷2號4F,18:50
靠北少女,06/02,國賓影城@淡水禮萊廣場,新北市淡水區中正路一段2號,14:40
靠北少女,06/02,國賓影城@淡水禮萊廣場,新北市淡水區中正路一段2號,18:50
靠北少女,06/02,國賓影城@高雄大魯閣草衙道,高雄市前鎮區中山四路100號3樓,14:00
靠北少女,06/02,國賓影城@高雄大魯閣草衙道,高雄市前鎮區中山四路100號3樓,17:00
靠北少女,06/02,國賓影城@高雄義大世界,高雄市大樹區學城路一段12號3樓,14:20
靠北少女,06/02,國賓影城@高雄義大世界,高雄市大樹區學城路一段12號3樓,17:50
靠北少女,06/03,國賓大戲院,台北市成都路88號,12:40
靠北少女,06/03,國賓影城@中和環球購物中心,新北市中和區中山路三段122號4樓,12:30
靠北少女,06/03,國賓影城@中和環球購物中心,新北市中和區中山路三段122號4樓,19:10
靠北少女,06/03,國賓影城@八德廣豐新天地,桃園市八德區介壽路一段728號,14:40
靠北少女,06/03,國賓影城@八德廣豐新天地,桃園市八德區介壽路一段728號,18:50
靠北少女,06/03,國賓影城@台北微風廣場,台北市復興南路一段39號7樓,13:20
靠北少女,06/03,國賓影城@台北長春廣場,台北市中山區長春路176號,15:30
靠北少女,06/03,國賓影城@台北長春廣場,台北市中山區長春路176號,19:20
靠北少女,06/03,國賓影城@台北長春廣場,台北市中山區長春路176號,21:10
靠北少女,06/03,國賓影城@台南國賓廣場,台南市中華東路一段66號,20:00
靠北少女,06/03,國賓影城@台南國賓廣場,台南市中華東路一段66號,21:40
靠北少女,06/03,國賓影城@屏東環球購物中心,屏東市仁愛路90號6樓,12:30
靠北少女,06/03,國賓影城@新莊晶冠廣場,新北市新莊區五工路66號3樓,16:20
靠北少女,06/03,國賓影城@新莊晶冠廣場,新北市新莊區五工路66號3樓,20:20
靠北少女,06/03,國賓影城@林口昕境廣場,新北市林口區文化三路一段402巷2號4F,14:40
靠北少女,06/03,國賓影城@林口昕境廣場,新北市林口區文化三路一段402巷2號4F,18:50
靠北少女,06/03,國賓影城@淡水禮萊廣場,新北市淡水區中正路一段2號,14:40
靠北少女,06/03,國賓影城@淡水禮萊廣場,新北市淡水區中正路一段2號,18:50
靠北少女,06/03,國賓影城@高雄大魯閣草衙道,高雄市前鎮區中山四路100號3樓,14:00
靠北少女,06/03,國賓影城@高雄大魯閣草衙道,高雄市前鎮區中山四路100號3樓,17:00
靠北少女,06/03,國賓影城@高雄義大世界,高雄市大樹區學城路一段12號3樓,14:20
靠北少女,06/03,國賓影城@高雄義大世界,高雄市大樹區學城路一段12號3樓,17:50
靠北少女,06/04,國賓大戲院,台北市成都路88號,12:40
靠北少女,06/04,國賓影城@中和環球購物中心,新北市中和區中山路三段122號4樓,12:30
靠北少女,06/04,國賓影城@中和環球購物中心,新北市中和區中山路三段122號4樓,19:10
靠北少女,06/04,國賓影城@八德廣豐新天地,桃園市八德區介壽路一段728號,14:40
靠北少女,06/04,國賓影城@八德廣豐新天地,桃園市八德區介壽路一段728號,18:50
靠北少女,06/04,國賓影城@台北微風廣場,台北市復興南路一段39號7樓,13:20
靠北少女,06/04,國賓影城@台北長春廣場,台北市中山區長春路176號,15:30
靠北少女,06/04,國賓影城@台北長春廣場,台北市中山區長春路176號,19:20
靠北少女,06/04,國賓影城@台北長春廣場,台北市中山區長春路176號,21:10
靠北少女,06/04,國賓影城@台南國賓廣場,台南市中華東路一段66號,20:00
靠北少女,06/04,國賓影城@台南國賓廣場,台南市中華東路一段66號,21:40
靠北少女,06/04,國賓影城@屏東環球購物中心,屏東市仁愛路90號6樓,12:30
靠北少女,06/04,國賓影城@新莊晶冠廣場,新北市新莊區五工路66號3樓,16:20
靠北少女,06/04,國賓影城@新莊晶冠廣場,新北市新莊區五工路66號3樓,20:20
靠北少女,06/04,國賓影城@林口昕境廣場,新北市林口區文化三路一段402巷2號4F,14:40
靠北少女,06/04,國賓影城@林口昕境廣場,新北市林口區文化三路一段402巷2號4F,18:50
靠北少女,06/04,國賓影城@淡水禮萊廣場,新北市淡水區中正路一段2號,14:40
靠北少女,06/04,國賓影城@淡水禮萊廣場,新北市淡水區中正路一段2號,18:50
靠北少女,06/04,國賓影城@高雄大魯閣草衙道,高雄市前鎮區中山四路100號3樓,14:00
靠北少女,06/04,國賓影城@高雄大魯閣草衙道,高雄市前鎮區中山四路100號3樓,17:00
靠北少女,06/04,國賓影城@高雄義大世界,高雄市大樹區學城路一段12號3樓,14:20
靠北少女,06/04,國賓影城@高雄義大世界,高雄市大樹區學城路一段12號3樓,17:50
黑暗騎士,05/29,國賓大戲院,台北市成都路88號,14:00
黑暗騎士,05/29,國賓大戲院,台北市成都路88號,17:00
黑暗騎士,05/29,國賓大戲院,台北市成都路88號,21:30
黑暗騎士,05/29,國賓影城@中和環球購物中心,新北市中和區中山路三段122號4樓,11:20
黑暗騎士,05/29,國賓影城@中和環球購物中心,新北市中和區中山路三段122號4樓,14:10
黑暗騎士,05/29,國賓影城@中和環球購物中心,新北市中和區中山路三段122號4樓,17:00
黑暗騎士,05/29,國賓影城@中和環球購物中心,新北市中和區中山路三段122號4樓,19:50
黑暗騎士,05/29,國賓影城@中和環球購物中心,新北市中和區中山路三段122號4樓,21:45
黑暗騎士,05/29,國賓影城@八德廣豐新天地,桃園市八德區介壽路一段728號,14:10
黑暗騎士,05/29,國賓影城@八德廣豐新天地,桃園市八德區介壽路一段728號,17:00
黑暗騎士,05/29,國賓影城@八德廣豐新天地,桃園市八德區介壽路一段728號,19:50
黑暗騎士,05/29,國賓影城@八德廣豐新天地,桃園市八德區介壽路一段728號,21:45
黑暗騎士,05/29,國賓影城@台北微風廣場,台北市復興南路一段39號7樓,11:10
黑暗騎士,05/29,國賓影城@台北微風廣場,台北市復興南路一段39號7樓,14:00
黑暗騎士,05/29,國賓影城@台北微風廣場,台北市復興南路一段39號7樓,16:50
黑暗騎士,05/29,國賓影城@台北微風廣場,台北市復興南路一段39號7樓,19:40
黑暗騎士,05/29,國賓影城@台北微風廣場,台北市復興南路一段39號7樓,21:10
黑暗騎士,05/29,國賓影城@台北長春廣場,台北市中山區長春路176號,14:00
黑暗騎士,05/29,國賓影城@台北長春廣場,台北市中山區長春路176號,16:50
黑暗騎士,05/29,國賓影城@台北長春廣場,台北市中山區長春路176號,19:40
黑暗騎士,05/29,國賓影城@台北長春廣場,台北市中山區長春路176號,21:20
黑暗騎士,05/29,國賓影城@台南國賓廣場,台南市中華東路一段66號,14:00
黑暗騎士,05/29,國賓影城@台南國賓廣場,台南市中華東路一段66號,16:20
黑暗騎士,05/29,國賓影城@台南國賓廣場,台南市中華東路一段66號,20:20
黑暗騎士,05/29,國賓影城@台南國賓廣場,台南市中華東路一段66號,22:10
黑暗騎士,05/29,國賓影城@屏東環球購物中心,屏東市仁愛路90號6樓,13:20
黑暗騎士,05/29,國賓影城@屏東環球購物中心,屏東市仁愛路90號6樓,15:30
黑暗騎士,05/29,國賓影城@屏東環球購物中心,屏東市仁愛路90號6樓,19:20
黑暗騎士,05/29,國賓影城@屏東環球購物中心,屏東市仁愛路90號6樓,21:20
黑暗騎士,05/29,國賓影城@新莊晶冠廣場,新北市新莊區五工路66號3樓,13:30
黑暗騎士,05/29,國賓影城@新莊晶冠廣場,新北市新莊區五工路66號3樓,16:15
黑暗騎士,05/29,國賓影城@新莊晶冠廣場,新北市新莊區五工路66號3樓,17:35
黑暗騎士,05/29,國賓影城@新莊晶冠廣場,新北市新莊區五工路66號3樓,19:05
黑暗騎士,05/29,國賓影城@林口昕境廣場,新北市林口區文化三路一段402巷2號4F,14:00
黑暗騎士,05/29,國賓影城@林口昕境廣場,新北市林口區文化三路一段402巷2號4F,16:50
黑暗騎士,05/29,國賓影城@林口昕境廣場,新北市林口區文化三路一段402巷2號4F,19:40
黑暗騎士,05/29,國賓影城@林口昕境廣場,新北市林口區文化三路一段402巷2號4F,21:10
黑暗騎士,05/29,國賓影城@淡水禮萊廣場,新北市淡水區中正路一段2號,14:00
黑暗騎士,05/29,國賓影城@淡水禮萊廣場,新北市淡水區中正路一段2號,16:50
黑暗騎士,05/29,國賓影城@淡水禮萊廣場,新北市淡水區中正路一段2號,19:40
黑暗騎士,05/29,國賓影城@淡水禮萊廣場,新北市淡水區中正路一段2號,21:00
黑暗騎士,05/29,國賓影城@金門昇恆昌金湖廣場,金門縣金湖鎮太湖路二段198號6樓,17:30
黑暗騎士,05/29,國賓影城@高雄大魯閣草衙道,高雄市前鎮區中山四路100號3樓,14:10
黑暗騎士,05/29,國賓影城@高雄大魯閣草衙道,高雄市前鎮區中山四路100號3樓,17:20
黑暗騎士,05/29,國賓影城@高雄大魯閣草衙道,高雄市前鎮區中山四路100號3樓,19:30
黑暗騎士,05/29,國賓影城@高雄大魯閣草衙道,高雄市前鎮區中山四路100號3樓,20:40
黑暗騎士,05/29,國賓影城@高雄義大世界,高雄市大樹區學城路一段12號3樓,13:50
黑暗騎士,05/29,國賓影城@高雄義大世界,高雄市大樹區學城路一段12號3樓,17:20
黑暗騎士,05/29,國賓影城@高雄義大世界,高雄市大樹區學城路一段12號3樓,19:40
黑暗騎士,05/29,國賓影城@高雄義大世界,高雄市大樹區學城路一段12號3樓,20:50
黑暗騎士,05/30,國賓大戲院,台北市成都路88號,16:00
黑暗騎士,05/30,國賓大戲院,台北市成都路88號,20:00
黑暗騎士,05/30,國賓影城@中和環球購物中心,新北市中和區中山路三段122號4樓,11:20
黑暗騎士,05/30,國賓影城@中和環球購物中心,新北市中和區中山路三段122號4樓,14:10
黑暗騎士,05/30,國賓影城@中和環球購物中心,新北市中和區中山路三段122號4樓,17:00
黑暗騎士,05/30,國賓影城@中和環球購物中心,新北市中和區中山路三段122號4樓,19:50
黑暗騎士,05/30,國賓影城@中和環球購物中心,新北市中和區中山路三段122號4樓,21:45
黑暗騎士,05/30,國賓影城@八德廣豐新天地,桃園市八德區介壽路一段728號,14:10
黑暗騎士,05/30,國賓影城@八德廣豐新天地,桃園市八德區介壽路一段728號,17:00
黑暗騎士,05/30,國賓影城@八德廣豐新天地,桃園市八德區介壽路一段728號,19:50
黑暗騎士,05/30,國賓影城@八德廣豐新天地,桃園市八德區介壽路一段728號,21:45
黑暗騎士,05/30,國賓影城@台北微風廣場,台北市復興南路一段39號7樓,11:10
黑暗騎士,05/30,國賓影城@台北微風廣場,台北市復興南路一段39號7樓,14:00
黑暗騎士,05/30,國賓影城@台北微風廣場,台北市復興南路一段39號7樓,16:50
黑暗騎士,05/30,國賓影城@台北微風廣場,台北市復興南路一段39號7樓,19:40
黑暗騎士,05/30,國賓影城@台北微風廣場,台北市復興南路一段39號7樓,21:10
黑暗騎士,05/30,國賓影城@台北長春廣場,台北市中山區長春路176號,14:00
黑暗騎士,05/30,國賓影城@台北長春廣場,台北市中山區長春路176號,16:50
黑暗騎士,05/30,國賓影城@台北長春廣場,台北市中山區長春路176號,19:40
黑暗騎士,05/30,國賓影城@台北長春廣場,台北市中山區長春路176號,21:20
黑暗騎士,05/30,國賓影城@台南國賓廣場,台南市中華東路一段66號,14:00
黑暗騎士,05/30,國賓影城@台南國賓廣場,台南市中華東路一段66號,16:20
黑暗騎士,05/30,國賓影城@台南國賓廣場,台南市中華東路一段66號,20:20
黑暗騎士,05/30,國賓影城@台南國賓廣場,台南市中華東路一段66號,22:10
黑暗騎士,05/30,國賓影城@屏東環球購物中心,屏東市仁愛路90號6樓,13:20
黑暗騎士,05/30,國賓影城@屏東環球購物中心,屏東市仁愛路90號6樓,15:30
黑暗騎士,05/30,國賓影城@屏東環球購物中心,屏東市仁愛路90號6樓,19:20
黑暗騎士,05/30,國賓影城@屏東環球購物中心,屏東市仁愛路90號6樓,21:20
黑暗騎士,05/30,國賓影城@新莊晶冠廣場,新北市新莊區五工路66號3樓,13:30
黑暗騎士,05/30,國賓影城@新莊晶冠廣場,新北市新莊區五工路66號3樓,16:15
黑暗騎士,05/30,國賓影城@新莊晶冠廣場,新北市新莊區五工路66號3樓,17:35
黑暗騎士,05/30,國賓影城@新莊晶冠廣場,新北市新莊區五工路66號3樓,19:05
黑暗騎士,05/30,國賓影城@林口昕境廣場,新北市林口區文化三路一段402巷2號4F,14:00
黑暗騎士,05/30,國賓影城@林口昕境廣場,新北市林口區文化三路一段402巷2號4F,16:50
黑暗騎士,05/30,國賓影城@林口昕境廣場,新北市林口區文化三路一段402巷2號4F,19:40
黑暗騎士,05/30,國賓影城@林口昕境廣場,新北市林口區文化三路一段402巷2號4F,21:10
黑暗騎士,05/30,國賓影城@淡水禮萊廣場,新北市淡水區中正路一段2號,14:00
黑暗騎士,05/30,國賓影城@淡水禮萊廣場,新北市淡水區中正路一段2號,16:50
黑暗騎士,05/30,國賓影城@淡水禮萊廣場,新北市淡水區中正路一段2號,19:40
黑暗騎士,05/30,國賓影城@淡水禮萊廣場,新北市淡水區中正路一段2號,21:00
黑暗騎士,05/30,國賓影城@金門昇恆昌金湖廣場,金門縣金湖鎮太湖路二段198號6樓,17:30
黑暗騎士,05/30,國賓影城@高雄大魯閣草衙道,高雄市前鎮區中山四路100號3樓,14:10
黑暗騎士,05/30,國賓影城@高雄大魯閣草衙道,高雄市前鎮區中山四路100號3樓,17:20
黑暗騎士,05/30,國賓影城@高雄大魯閣草衙道,高雄市前鎮區中山四路100號3樓,19:30
黑暗騎士,05/30,國賓影城@高雄大魯閣草衙道,高雄市前鎮區中山四路100號3樓,20:40
黑暗騎士,05/30,國賓影城@高雄義大世界,高雄市大樹區學城路一段12號3樓,13:50
黑暗騎士,05/30,國賓影城@高雄義大世界,高雄市大樹區學城路一段12號3樓,17:20
黑暗騎士,05/30,國賓影城@高雄義大世界,高雄市大樹區學城路一段12號3樓,19:40
黑暗騎士,05/30,國賓影城@高雄義大世界,高雄市大樹區學城路一段12號3樓,20:50
黑暗騎士,05/31,國賓大戲院,台北市成都路88號,13:00
黑暗騎士,05/31,國賓大戲院,台北市成都路88號,17:00
黑暗騎士,05/31,國賓大戲院,台北市成都路88號,21:30
黑暗騎士,05/31,國賓影城@中和環球購物中心,新北市中和區中山路三段122號4樓,11:20
黑暗騎士,05/31,國賓影城@中和環球購物中心,新北市中和區中山路三段122號4樓,14:10
黑暗騎士,05/31,國賓影城@中和環球購物中心,新北市中和區中山路三段122號4樓,17:00
黑暗騎士,05/31,國賓影城@中和環球購物中心,新北市中和區中山路三段122號4樓,19:50
黑暗騎士,05/31,國賓影城@中和環球購物中心,新北市中和區中山路三段122號4樓,21:45
黑暗騎士,05/31,國賓影城@八德廣豐新天地,桃園市八德區介壽路一段728號,14:10
黑暗騎士,05/31,國賓影城@八德廣豐新天地,桃園市八德區介壽路一段728號,17:00
黑暗騎士,05/31,國賓影城@八德廣豐新天地,桃園市八德區介壽路一段728號,19:50
黑暗騎士,05/31,國賓影城@八德廣豐新天地,桃園市八德區介壽路一段728號,21:20
黑暗騎士,05/31,國賓影城@台北微風廣場,台北市復興南路一段39號7樓,11:10
黑暗騎士,05/31,國賓影城@台北微風廣場,台北市復興南路一段39號7樓,14:00
黑暗騎士,05/31,國賓影城@台北微風廣場,台北市復興南路一段39號7樓,16:50
黑暗騎士,05/31,國賓影城@台北微風廣場,台北市復興南路一段39號7樓,19:40
黑暗騎士,05/31,國賓影城@台北微風廣場,台北市復興南路一段39號7樓,21:10
黑暗騎士,05/31,國賓影城@台北長春廣場,台北市中山區長春路176號,14:00
黑暗騎士,05/31,國賓影城@台北長春廣場,台北市中山區長春路176號,16:50
黑暗騎士,05/31,國賓影城@台北長春廣場,台北市中山區長春路176號,19:40
黑暗騎士,05/31,國賓影城@台北長春廣場,台北市中山區長春路176號,21:20
黑暗騎士,05/31,國賓影城@台南國賓廣場,台南市中華東路一段66號,14:00
黑暗騎士,05/31,國賓影城@台南國賓廣場,台南市中華東路一段66號,16:20
黑暗騎士,05/31,國賓影城@台南國賓廣場,台南市中華東路一段66號,20:20
黑暗騎士,05/31,國賓影城@台南國賓廣場,台南市中華東路一段66號,22:10
黑暗騎士,05/31,國賓影城@屏東環球購物中心,屏東市仁愛路90號6樓,13:20
黑暗騎士,05/31,國賓影城@屏東環球購物中心,屏東市仁愛路90號6樓,15:30
黑暗騎士,05/31,國賓影城@屏東環球購物中心,屏東市仁愛路90號6樓,19:20
黑暗騎士,05/31,國賓影城@屏東環球購物中心,屏東市仁愛路90號6樓,21:20
黑暗騎士,05/31,國賓影城@新莊晶冠廣場,新北市新莊區五工路66號3樓,13:30
黑暗騎士,05/31,國賓影城@新莊晶冠廣場,新北市新莊區五工路66號3樓,16:15
黑暗騎士,05/31,國賓影城@新莊晶冠廣場,新北市新莊區五工路66號3樓,17:35
黑暗騎士,05/31,國賓影城@新莊晶冠廣場,新北市新莊區五工路66號3樓,19:05
黑暗騎士,05/31,國賓影城@林口昕境廣場,新北市林口區文化三路一段402巷2號4F,14:00
黑暗騎士,05/31,國賓影城@林口昕境廣場,新北市林口區文化三路一段402巷2號4F,16:50
黑暗騎士,05/31,國賓影城@林口昕境廣場,新北市林口區文化三路一段402巷2號4F,19:40
黑暗騎士,05/31,國賓影城@林口昕境廣場,新北市林口區文化三路一段402巷2號4F,21:10
黑暗騎士,05/31,國賓影城@淡水禮萊廣場,新北市淡水區中正路一段2號,14:00
黑暗騎士,05/31,國賓影城@淡水禮萊廣場,新北市淡水區中正路一段2號,16:50
黑暗騎士,05/31,國賓影城@淡水禮萊廣場,新北市淡水區中正路一段2號,19:40
黑暗騎士,05/31,國賓影城@淡水禮萊廣場,新北市淡水區中正路一段2號,21:00
黑暗騎士,05/31,國賓影城@金門昇恆昌金湖廣場,金門縣金湖鎮太湖路二段198號6樓,17:30
黑暗騎士,05/31,國賓影城@高雄大魯閣草衙道,高雄市前鎮區中山四路100號3樓,14:10
黑暗騎士,05/31,國賓影城@高雄大魯閣草衙道,高雄市前鎮區中山四路100號3樓,17:20
黑暗騎士,05/31,國賓影城@高雄大魯閣草衙道,高雄市前鎮區中山四路100號3樓,19:30
黑暗騎士,05/31,國賓影城@高雄大魯閣草衙道,高雄市前鎮區中山四路100號3樓,20:40
黑暗騎士,05/31,國賓影城@高雄義大世界,高雄市大樹區學城路一段12號3樓,13:50
黑暗騎士,05/31,國賓影城@高雄義大世界,高雄市大樹區學城路一段12號3樓,17:20
黑暗騎士,05/31,國賓影城@高雄義大世界,高雄市大樹區學城路一段12號3樓,19:40
黑暗騎士,05/31,國賓影城@高雄義大世界,高雄市大樹區學城路一段12號3樓,20:50
黑暗騎士,06/01,國賓大戲院,台北市成都路88號,17:00
黑暗騎士,06/01,國賓大戲院,台北市成都路88號,21:10
黑暗騎士,06/01,國賓影城@中和環球購物中心,新北市中和區中山路三段122號4樓,14:10
黑暗騎士,06/01,國賓影城@中和環球購物中心,新北市中和區中山路三段122號4樓,17:00
黑暗騎士,06/01,國賓影城@中和環球購物中心,新北市中和區中山路三段122號4樓,19:50
黑暗騎士,06/01,國賓影城@中和環球購物中心,新北市中和區中山路三段122號4樓,21:30
黑暗騎士,06/01,國賓影城@八德廣豐新天地,桃園市八德區介壽路一段728號,14:10
黑暗騎士,06/01,國賓影城@八德廣豐新天地,桃園市八德區介壽路一段728號,17:00
黑暗騎士,06/01,國賓影城@八德廣豐新天地,桃園市八德區介壽路一段728號,19:50
黑暗騎士,06/01,國賓影城@八德廣豐新天地,桃園市八德區介壽路一段728號,21:30
黑暗騎士,06/01,國賓影城@台北微風廣場,台北市復興南路一段39號7樓,14:00
黑暗騎士,06/01,國賓影城@台北微風廣場,台北市復興南路一段39號7樓,16:50
黑暗騎士,06/01,國賓影城@台北微風廣場,台北市復興南路一段39號7樓,19:40
黑暗騎士,06/01,國賓影城@台北微風廣場,台北市復興南路一段39號7樓,21:10
黑暗騎士,06/01,國賓影城@台北長春廣場,台北市中山區長春路176號,14:00
黑暗騎士,06/01,國賓影城@台北長春廣場,台北市中山區長春路176號,16:50
黑暗騎士,06/01,國賓影城@台北長春廣場,台北市中山區長春路176號,19:40
黑暗騎士,06/01,國賓影城@台北長春廣場,台北市中山區長春路176號,21:20
黑暗騎士,06/01,國賓影城@台南國賓廣場,台南市中華東路一段66號,13:30
黑暗騎士,06/01,國賓影城@台南國賓廣場,台南市中華東路一段66號,22:10
黑暗騎士,06/01,國賓影城@屏東環球購物中心,屏東市仁愛路90號6樓,13:20
黑暗騎士,06/01,國賓影城@屏東環球購物中心,屏東市仁愛路90號6樓,15:30
黑暗騎士,06/01,國賓影城@屏東環球購物中心,屏東市仁愛路90號6樓,19:20
黑暗騎士,06/01,國賓影城@屏東環球購物中心,屏東市仁愛路90號6樓,21:20
黑暗騎士,06/01,國賓影城@新莊晶冠廣場,新北市新莊區五工路66號3樓,13:30
黑暗騎士,06/01,國賓影城@新莊晶冠廣場,新北市新莊區五工路66號3樓,16:15
黑暗騎士,06/01,國賓影城@新莊晶冠廣場,新北市新莊區五工路66號3樓,17:35
黑暗騎士,06/01,國賓影城@新莊晶冠廣場,新北市新莊區五工路66號3樓,19:05
黑暗騎士,06/01,國賓影城@林口昕境廣場,新北市林口區文化三路一段402巷2號4F,14:00
黑暗騎士,06/01,國賓影城@林口昕境廣場,新北市林口區文化三路一段402巷2號4F,16:50
黑暗騎士,06/01,國賓影城@林口昕境廣場,新北市林口區文化三路一段402巷2號4F,19:40
黑暗騎士,06/01,國賓影城@林口昕境廣場,新北市林口區文化三路一段402巷2號4F,21:10
黑暗騎士,06/01,國賓影城@淡水禮萊廣場,新北市淡水區中正路一段2號,14:00
黑暗騎士,06/01,國賓影城@淡水禮萊廣場,新北市淡水區中正路一段2號,16:50
黑暗騎士,06/01,國賓影城@淡水禮萊廣場,新北市淡水區中正路一段2號,19:40
黑暗騎士,06/01,國賓影城@淡水禮萊廣場,新北市淡水區中正路一段2號,21:00
黑暗騎士,06/01,國賓影城@金門昇恆昌金湖廣場,金門縣金湖鎮太湖路二段198號6樓,17:30
黑暗騎士,06/01,國賓影城@高雄大魯閣草衙道,高雄市前鎮區中山四路100號3樓,14:10
黑暗騎士,06/01,國賓影城@高雄大魯閣草衙道,高雄市前鎮區中山四路100號3樓,17:20
黑暗騎士,06/01,國賓影城@高雄大魯閣草衙道,高雄市前鎮區中山四路100號3樓,20:40
黑暗騎士,06/01,國賓影城@高雄義大世界,高雄市大樹區學城路一段12號3樓,14:00
黑暗騎士,06/01,國賓影城@高雄義大世界,高雄市大樹區學城路一段12號3樓,17:20
黑暗騎士,06/01,國賓影城@高雄義大世界,高雄市大樹區學城路一段12號3樓,19:50
黑暗騎士,06/02,國賓大戲院,台北市成都路88號,14:00
黑暗騎士,06/02,國賓大戲院,台北市成都路88號,19:30
黑暗騎士,06/02,國賓影城@中和環球購物中心,新北市中和區中山路三段122號4樓,14:10
黑暗騎士,06/02,國賓影城@中和環球購物中心,新北市中和區中山路三段122號4樓,17:00
黑暗騎士,06/02,國賓影城@中和環球購物中心,新北市中和區中山路三段122號4樓,19:50
黑暗騎士,06/02,國賓影城@中和環球購物中心,新北市中和區中山路三段122號4樓,21:30
黑暗騎士,06/02,國賓影城@八德廣豐新天地,桃園市八德區介壽路一段728號,14:10
黑暗騎士,06/02,國賓影城@八德廣豐新天地,桃園市八德區介壽路一段728號,17:00
黑暗騎士,06/02,國賓影城@八德廣豐新天地,桃園市八德區介壽路一段728號,19:50
黑暗騎士,06/02,國賓影城@八德廣豐新天地,桃園市八德區介壽路一段728號,21:30
黑暗騎士,06/02,國賓影城@台北微風廣場,台北市復興南路一段39號7樓,14:00
黑暗騎士,06/02,國賓影城@台北微風廣場,台北市復興南路一段39號7樓,16:50
黑暗騎士,06/02,國賓影城@台北微風廣場,台北市復興南路一段39號7樓,19:40
黑暗騎士,06/02,國賓影城@台北微風廣場,台北市復興南路一段39號7樓,21:10
黑暗騎士,06/02,國賓影城@台北長春廣場,台北市中山區長春路176號,14:00
黑暗騎士,06/02,國賓影城@台北長春廣場,台北市中山區長春路176號,16:50
黑暗騎士,06/02,國賓影城@台北長春廣場,台北市中山區長春路176號,19:40
黑暗騎士,06/02,國賓影城@台北長春廣場,台北市中山區長春路176號,21:20
黑暗騎士,06/02,國賓影城@台南國賓廣場,台南市中華東路一段66號,13:30
黑暗騎士,06/02,國賓影城@台南國賓廣場,台南市中華東路一段66號,22:10
黑暗騎士,06/02,國賓影城@屏東環球購物中心,屏東市仁愛路90號6樓,13:20
黑暗騎士,06/02,國賓影城@屏東環球購物中心,屏東市仁愛路90號6樓,15:30
黑暗騎士,06/02,國賓影城@屏東環球購物中心,屏東市仁愛路90號6樓,19:20
黑暗騎士,06/02,國賓影城@屏東環球購物中心,屏東市仁愛路90號6樓,21:20
黑暗騎士,06/02,國賓影城@新莊晶冠廣場,新北市新莊區五工路66號3樓,13:30
黑暗騎士,06/02,國賓影城@新莊晶冠廣場,新北市新莊區五工路66號3樓,16:15
黑暗騎士,06/02,國賓影城@新莊晶冠廣場,新北市新莊區五工路66號3樓,17:35
黑暗騎士,06/02,國賓影城@新莊晶冠廣場,新北市新莊區五工路66號3樓,19:05
黑暗騎士,06/02,國賓影城@林口昕境廣場,新北市林口區文化三路一段402巷2號4F,14:00
黑暗騎士,06/02,國賓影城@林口昕境廣場,新北市林口區文化三路一段402巷2號4F,16:50
黑暗騎士,06/02,國賓影城@林口昕境廣場,新北市林口區文化三路一段402巷2號4F,19:40
黑暗騎士,06/02,國賓影城@林口昕境廣場,新北市林口區文化三路一段402巷2號4F,21:10
黑暗騎士,06/02,國賓影城@淡水禮萊廣場,新北市淡水區中正路一段2號,14:00
黑暗騎士,06/02,國賓影城@淡水禮萊廣場,新北市淡水區中正路一段2號,16:50
黑暗騎士,06/02,國賓影城@淡水禮萊廣場,新北市淡水區中正路一段2號,19:40
黑暗騎士,06/02,國賓影城@淡水禮萊廣場,新北市淡水區中正路一段2號,21:00
黑暗騎士,06/02,國賓影城@金門昇恆昌金湖廣場,金門縣金湖鎮太湖路二段198號6樓,17:30
黑暗騎士,06/02,國賓影城@高雄大魯閣草衙道,高雄市前鎮區中山四路100號3樓,14:10
黑暗騎士,06/02,國賓影城@高雄大魯閣草衙道,高雄市前鎮區中山四路100號3樓,17:20
黑暗騎士,06/02,國賓影城@高雄大魯閣草衙道,高雄市前鎮區中山四路100號3樓,20:40
黑暗騎士,06/02,國賓影城@高雄義大世界,高雄市大樹區學城路一段12號3樓,14:00
黑暗騎士,06/02,國賓影城@高雄義大世界,高雄市大樹區學城路一段12號3樓,17:20
黑暗騎士,06/02,國賓影城@高雄義大世界,高雄市大樹區學城路一段12號3樓,19:50
黑暗騎士,06/03,國賓大戲院,台北市成都路88號,17:00
黑暗騎士,06/03,國賓大戲院,台北市成都路88號,20:00
黑暗騎士,06/03,國賓影城@中和環球購物中心,新北市中和區中山路三段122號4樓,14:10
黑暗騎士,06/03,國賓影城@中和環球購物中心,新北市中和區中山路三段122號4樓,17:00
黑暗騎士,06/03,國賓影城@中和環球購物中心,新北市中和區中山路三段122號4樓,19:50
黑暗騎士,06/03,國賓影城@中和環球購物中心,新北市中和區中山路三段122號4樓,21:30
黑暗騎士,06/03,國賓影城@八德廣豐新天地,桃園市八德區介壽路一段728號,14:10
黑暗騎士,06/03,國賓影城@八德廣豐新天地,桃園市八德區介壽路一段728號,17:00
黑暗騎士,06/03,國賓影城@八德廣豐新天地,桃園市八德區介壽路一段728號,19:50
黑暗騎士,06/03,國賓影城@八德廣豐新天地,桃園市八德區介壽路一段728號,21:30
黑暗騎士,06/03,國賓影城@台北微風廣場,台北市復興南路一段39號7樓,14:00
黑暗騎士,06/03,國賓影城@台北微風廣場,台北市復興南路一段39號7樓,16:50
黑暗騎士,06/03,國賓影城@台北微風廣場,台北市復興南路一段39號7樓,19:40
黑暗騎士,06/03,國賓影城@台北微風廣場,台北市復興南路一段39號7樓,21:10
黑暗騎士,06/03,國賓影城@台北長春廣場,台北市中山區長春路176號,14:00
黑暗騎士,06/03,國賓影城@台北長春廣場,台北市中山區長春路176號,16:50
黑暗騎士,06/03,國賓影城@台北長春廣場,台北市中山區長春路176號,19:40
黑暗騎士,06/03,國賓影城@台北長春廣場,台北市中山區長春路176號,21:20
黑暗騎士,06/03,國賓影城@台南國賓廣場,台南市中華東路一段66號,13:30
黑暗騎士,06/03,國賓影城@台南國賓廣場,台南市中華東路一段66號,22:10
黑暗騎士,06/03,國賓影城@屏東環球購物中心,屏東市仁愛路90號6樓,13:20
黑暗騎士,06/03,國賓影城@屏東環球購物中心,屏東市仁愛路90號6樓,15:30
黑暗騎士,06/03,國賓影城@屏東環球購物中心,屏東市仁愛路90號6樓,19:20
黑暗騎士,06/03,國賓影城@屏東環球購物中心,屏東市仁愛路90號6樓,21:20
黑暗騎士,06/03,國賓影城@新莊晶冠廣場,新北市新莊區五工路66號3樓,13:30
黑暗騎士,06/03,國賓影城@新莊晶冠廣場,新北市新莊區五工路66號3樓,16:15
黑暗騎士,06/03,國賓影城@新莊晶冠廣場,新北市新莊區五工路66號3樓,17:35
黑暗騎士,06/03,國賓影城@新莊晶冠廣場,新北市新莊區五工路66號3樓,19:05
黑暗騎士,06/03,國賓影城@林口昕境廣場,新北市林口區文化三路一段402巷2號4F,14:00
黑暗騎士,06/03,國賓影城@林口昕境廣場,新北市林口區文化三路一段402巷2號4F,16:50
黑暗騎士,06/03,國賓影城@林口昕境廣場,新北市林口區文化三路一段402巷2號4F,19:40
黑暗騎士,06/03,國賓影城@林口昕境廣場,新北市林口區文化三路一段402巷2號4F,21:10
黑暗騎士,06/03,國賓影城@淡水禮萊廣場,新北市淡水區中正路一段2號,14:00
黑暗騎士,06/03,國賓影城@淡水禮萊廣場,新北市淡水區中正路一段2號,16:50
黑暗騎士,06/03,國賓影城@淡水禮萊廣場,新北市淡水區中正路一段2號,19:40
黑暗騎士,06/03,國賓影城@淡水禮萊廣場,新北市淡水區中正路一段2號,21:00
黑暗騎士,06/03,國賓影城@金門昇恆昌金湖廣場,金門縣金湖鎮太湖路二段198號6樓,17:30
黑暗騎士,06/03,國賓影城@高雄大魯閣草衙道,高雄市前鎮區中山四路100號3樓,14:10
黑暗騎士,06/03,國賓影城@高雄大魯閣草衙道,高雄市前鎮區中山四路100號3樓,17:20
黑暗騎士,06/03,國賓影城@高雄大魯閣草衙道,高雄市前鎮區中山四路100號3樓,20:40
黑暗騎士,06/03,國賓影城@高雄義大世界,高雄市大樹區學城路一段12號3樓,14:00
黑暗騎士,06/03,國賓影城@高雄義大世界,高雄市大樹區學城路一段12號3樓,17:20
黑暗騎士,06/03,國賓影城@高雄義大世界,高雄市大樹區學城路一段12號3樓,19:50
黑暗騎士,06/04,國賓大戲院,台北市成都路88號,17:00
黑暗騎士,06/04,國賓大戲院,台北市成都路88號,21:10
黑暗騎士,06/04,國賓影城@中和環球購物中心,新北市中和區中山路三段122號4樓,14:10
黑暗騎士,06/04,國賓影城@中和環球購物中心,新北市中和區中山路三段122號4樓,17:00
黑暗騎士,06/04,國賓影城@中和環球購物中心,新北市中和區中山路三段122號4樓,19:50
黑暗騎士,06/04,國賓影城@中和環球購物中心,新北市中和區中山路三段122號4樓,21:30
黑暗騎士,06/04,國賓影城@八德廣豐新天地,桃園市八德區介壽路一段728號,14:10
黑暗騎士,06/04,國賓影城@八德廣豐新天地,桃園市八德區介壽路一段728號,17:00
黑暗騎士,06/04,國賓影城@八德廣豐新天地,桃園市八德區介壽路一段728號,19:50
黑暗騎士,06/04,國賓影城@八德廣豐新天地,桃園市八德區介壽路一段728號,21:30
黑暗騎士,06/04,國賓影城@台北微風廣場,台北市復興南路一段39號7樓,14:00
黑暗騎士,06/04,國賓影城@台北微風廣場,台北市復興南路一段39號7樓,16:50
黑暗騎士,06/04,國賓影城@台北微風廣場,台北市復興南路一段39號7樓,19:40
黑暗騎士,06/04,國賓影城@台北微風廣場,台北市復興南路一段39號7樓,21:10
黑暗騎士,06/04,國賓影城@台北長春廣場,台北市中山區長春路176號,14:00
黑暗騎士,06/04,國賓影城@台北長春廣場,台北市中山區長春路176號,16:50
黑暗騎士,06/04,國賓影城@台北長春廣場,台北市中山區長春路176號,19:40
黑暗騎士,06/04,國賓影城@台北長春廣場,台北市中山區長春路176號,21:20
黑暗騎士,06/04,國賓影城@台南國賓廣場,台南市中華東路一段66號,13:30
黑暗騎士,06/04,國賓影城@台南國賓廣場,台南市中華東路一段66號,22:10
黑暗騎士,06/04,國賓影城@屏東環球購物中心,屏東市仁愛路90號6樓,13:20
黑暗騎士,06/04,國賓影城@屏東環球購物中心,屏東市仁愛路90號6樓,15:30
黑暗騎士,06/04,國賓影城@屏東環球購物中心,屏東市仁愛路90號6樓,19:20
黑暗騎士,06/04,國賓影城@屏東環球購物中心,屏東市仁愛路90號6樓,21:20
黑暗騎士,06/04,國賓影城@新莊晶冠廣場,新北市新莊區五工路66號3樓,13:30
黑暗騎士,06/04,國賓影城@新莊晶冠廣場,新北市新莊區五工路66號3樓,16:15
黑暗騎士,06/04,國賓影城@新莊晶冠廣場,新北市新莊區五工路66號3樓,17:35
黑暗騎士,06/04,國賓影城@新莊晶冠廣場,新北市新莊區五工路66號3樓,19:05
黑暗騎士,06/04,國賓影城@林口昕境廣場,新北市林口區文化三路一段402巷2號4F,14:00
黑暗騎士,06/04,國賓影城@林口昕境廣場,新北市林口區文化三路一段402巷2號4F,16:50
黑暗騎士,06/04,國賓影城@林口昕境廣場,新北市林口區文化三路一段402巷2號4F,19:40
黑暗騎士,06/04,國賓影城@林口昕境廣場,新北市林口區文化三路一段402巷2號4F,21:10
黑暗騎士,06/04,國賓影城@淡水禮萊廣場,新北市淡水區中正路一段2號,14:00
黑暗騎士,06/04,國賓影城@淡水禮萊廣場,新北市淡水區中正路一段2號,16:50
黑暗騎士,06/04,國賓影城@淡水禮萊廣場,新北市淡水區中正路一段2號,19:40
黑暗騎士,06/04,國賓影城@淡水禮萊廣場,新北市淡水區中正路一段2號,21:00
黑暗騎士,06/04,國賓影城@金門昇恆昌金湖廣場,金門縣金湖鎮太湖路二段198號6樓,17:30
黑暗騎士,06/04,國賓影城@高雄大魯閣草衙道,高雄市前鎮區中山四路100號3樓,14:10
黑暗騎士,06/04,國賓影城@高雄大魯閣草衙道,高雄市前鎮區中山四路100號3樓,17:20
黑暗騎士,06/04,國賓影城@高雄大魯閣草衙道,高雄市前鎮區中山四路100號3樓,20:40
黑暗騎士,06/04,國賓影城@高雄義大世界,高雄市大樹區學城路一段12號3樓,14:00
黑暗騎士,06/04,國賓影城@高雄義大世界,高雄市大樹區學城路一段12號3樓,17:20
黑暗騎士,06/04,國賓影城@高雄義大世界,高雄市大樹區學城路一段12號3樓,19:50
黑暗騎士：黎明昇起.,05/29,國賓大戲院,台北市成都路88號,16:00
黑暗騎士：黎明昇起.,05/29,國賓大戲院,台北市成都路88號,20:00
黑暗騎士：黎明昇起.,05/29,國賓影城@中和環球購物中心,新北市中和區中山路三段122號4樓,14:30
黑暗騎士：黎明昇起.,05/29,國賓影城@中和環球購物中心,新北市中和區中山路三段122號4樓,17:30
黑暗騎士：黎明昇起.,05/29,國賓影城@中和環球購物中心,新北市中和區中山路三段122號4樓,20:30
黑暗騎士：黎明昇起.,05/29,國賓影城@八德廣豐新天地,桃園市八德區介壽路一段728號,14:20
黑暗騎士：黎明昇起.,05/29,國賓影城@八德廣豐新天地,桃園市八德區介壽路一段728號,17:20
黑暗騎士：黎明昇起.,05/29,國賓影城@八德廣豐新天地,桃園市八德區介壽路一段728號,20:20
黑暗騎士：黎明昇起.,05/29,國賓影城@台北微風廣場,台北市復興南路一段39號7樓,14:20
黑暗騎士：黎明昇起.,05/29,國賓影城@台北微風廣場,台北市復興南路一段39號7樓,17:20
黑暗騎士：黎明昇起.,05/29,國賓影城@台北微風廣場,台北市復興南路一段39號7樓,20:20
黑暗騎士：黎明昇起.,05/29,國賓影城@台北長春廣場,台北市中山區長春路176號,14:20
黑暗騎士：黎明昇起.,05/29,國賓影城@台北長春廣場,台北市中山區長春路176號,17:20
黑暗騎士：黎明昇起.,05/29,國賓影城@台北長春廣場,台北市中山區長春路176號,20:20
黑暗騎士：黎明昇起.,05/29,國賓影城@台南國賓廣場,台南市中華東路一段66號,14:30
黑暗騎士：黎明昇起.,05/29,國賓影城@台南國賓廣場,台南市中華東路一段66號,19:10
黑暗騎士：黎明昇起.,05/29,國賓影城@台南國賓廣場,台南市中華東路一段66號,21:50
黑暗騎士：黎明昇起.,05/29,國賓影城@屏東環球購物中心,屏東市仁愛路90號6樓,16:10
黑暗騎士：黎明昇起.,05/29,國賓影城@屏東環球購物中心,屏東市仁愛路90號6樓,18:20
黑暗騎士：黎明昇起.,05/29,國賓影城@屏東環球購物中心,屏東市仁愛路90號6樓,21:00
黑暗騎士：黎明昇起.,05/29,國賓影城@新莊晶冠廣場,新北市新莊區五工路66號3樓,13:40
黑暗騎士：黎明昇起.,05/29,國賓影城@新莊晶冠廣場,新北市新莊區五工路66號3樓,16:40
黑暗騎士：黎明昇起.,05/29,國賓影城@新莊晶冠廣場,新北市新莊區五工路66號3樓,19:40
黑暗騎士：黎明昇起.,05/29,國賓影城@新莊晶冠廣場,新北市新莊區五工路66號3樓,20:30
黑暗騎士：黎明昇起.,05/29,國賓影城@林口昕境廣場,新北市林口區文化三路一段402巷2號4F,14:20
黑暗騎士：黎明昇起.,05/29,國賓影城@林口昕境廣場,新北市林口區文化三路一段402巷2號4F,17:20
黑暗騎士：黎明昇起.,05/29,國賓影城@林口昕境廣場,新北市林口區文化三路一段402巷2號4F,20:20
黑暗騎士：黎明昇起.,05/29,國賓影城@淡水禮萊廣場,新北市淡水區中正路一段2號,14:20
黑暗騎士：黎明昇起.,05/29,國賓影城@淡水禮萊廣場,新北市淡水區中正路一段2號,17:20
黑暗騎士：黎明昇起.,05/29,國賓影城@淡水禮萊廣場,新北市淡水區中正路一段2號,20:20
黑暗騎士：黎明昇起.,05/29,國賓影城@金門昇恆昌金湖廣場,金門縣金湖鎮太湖路二段198號6樓,17:00
黑暗騎士：黎明昇起.,05/29,國賓影城@高雄大魯閣草衙道,高雄市前鎮區中山四路100號3樓,13:50
黑暗騎士：黎明昇起.,05/29,國賓影城@高雄大魯閣草衙道,高雄市前鎮區中山四路100號3樓,17:00
黑暗騎士：黎明昇起.,05/29,國賓影城@高雄大魯閣草衙道,高雄市前鎮區中山四路100號3樓,20:10
黑暗騎士：黎明昇起.,05/29,國賓影城@高雄義大世界,高雄市大樹區學城路一段12號3樓,15:00
黑暗騎士：黎明昇起.,05/29,國賓影城@高雄義大世界,高雄市大樹區學城路一段12號3樓,16:40
黑暗騎士：黎明昇起.,05/29,國賓影城@高雄義大世界,高雄市大樹區學城路一段12號3樓,20:30
黑暗騎士：黎明昇起.,05/30,國賓大戲院,台北市成都路88號,14:00
黑暗騎士：黎明昇起.,05/30,國賓大戲院,台北市成都路88號,17:00
黑暗騎士：黎明昇起.,05/30,國賓大戲院,台北市成都路88號,21:30
黑暗騎士：黎明昇起.,05/30,國賓影城@中和環球購物中心,新北市中和區中山路三段122號4樓,14:30
黑暗騎士：黎明昇起.,05/30,國賓影城@中和環球購物中心,新北市中和區中山路三段122號4樓,17:30
黑暗騎士：黎明昇起.,05/30,國賓影城@中和環球購物中心,新北市中和區中山路三段122號4樓,20:30
黑暗騎士：黎明昇起.,05/30,國賓影城@八德廣豐新天地,桃園市八德區介壽路一段728號,14:20
黑暗騎士：黎明昇起.,05/30,國賓影城@八德廣豐新天地,桃園市八德區介壽路一段728號,17:20
黑暗騎士：黎明昇起.,05/30,國賓影城@八德廣豐新天地,桃園市八德區介壽路一段728號,20:20
黑暗騎士：黎明昇起.,05/30,國賓影城@八德廣豐新天地,桃園市八德區介壽路一段728號,21:20
黑暗騎士：黎明昇起.,05/30,國賓影城@台北微風廣場,台北市復興南路一段39號7樓,14:20
黑暗騎士：黎明昇起.,05/30,國賓影城@台北微風廣場,台北市復興南路一段39號7樓,17:20
黑暗騎士：黎明昇起.,05/30,國賓影城@台北微風廣場,台北市復興南路一段39號7樓,20:20
黑暗騎士：黎明昇起.,05/30,國賓影城@台北長春廣場,台北市中山區長春路176號,14:20
黑暗騎士：黎明昇起.,05/30,國賓影城@台北長春廣場,台北市中山區長春路176號,17:20
黑暗騎士：黎明昇起.,05/30,國賓影城@台北長春廣場,台北市中山區長春路176號,20:20
黑暗騎士：黎明昇起.,05/30,國賓影城@台南國賓廣場,台南市中華東路一段66號,14:30
黑暗騎士：黎明昇起.,05/30,國賓影城@台南國賓廣場,台南市中華東路一段66號,19:10
黑暗騎士：黎明昇起.,05/30,國賓影城@台南國賓廣場,台南市中華東路一段66號,21:50
黑暗騎士：黎明昇起.,05/30,國賓影城@屏東環球購物中心,屏東市仁愛路90號6樓,16:10
黑暗騎士：黎明昇起.,05/30,國賓影城@屏東環球購物中心,屏東市仁愛路90號6樓,18:20
黑暗騎士：黎明昇起.,05/30,國賓影城@屏東環球購物中心,屏東市仁愛路90號6樓,21:00
黑暗騎士：黎明昇起.,05/30,國賓影城@新莊晶冠廣場,新北市新莊區五工路66號3樓,13:40
黑暗騎士：黎明昇起.,05/30,國賓影城@新莊晶冠廣場,新北市新莊區五工路66號3樓,16:40
黑暗騎士：黎明昇起.,05/30,國賓影城@新莊晶冠廣場,新北市新莊區五工路66號3樓,19:40
黑暗騎士：黎明昇起.,05/30,國賓影城@新莊晶冠廣場,新北市新莊區五工路66號3樓,20:30
黑暗騎士：黎明昇起.,05/30,國賓影城@林口昕境廣場,新北市林口區文化三路一段402巷2號4F,14:20
黑暗騎士：黎明昇起.,05/30,國賓影城@林口昕境廣場,新北市林口區文化三路一段402巷2號4F,17:20
黑暗騎士：黎明昇起.,05/30,國賓影城@林口昕境廣場,新北市林口區文化三路一段402巷2號4F,20:20
黑暗騎士：黎明昇起.,05/30,國賓影城@淡水禮萊廣場,新北市淡水區中正路一段2號,14:20
黑暗騎士：黎明昇起.,05/30,國賓影城@淡水禮萊廣場,新北市淡水區中正路一段2號,17:20
黑暗騎士：黎明昇起.,05/30,國賓影城@淡水禮萊廣場,新北市淡水區中正路一段2號,20:20
黑暗騎士：黎明昇起.,05/30,國賓影城@金門昇恆昌金湖廣場,金門縣金湖鎮太湖路二段198號6樓,17:00
黑暗騎士：黎明昇起.,05/30,國賓影城@高雄大魯閣草衙道,高雄市前鎮區中山四路100號3樓,13:50
黑暗騎士：黎明昇起.,05/30,國賓影城@高雄大魯閣草衙道,高雄市前鎮區中山四路100號3樓,17:00
黑暗騎士：黎明昇起.,05/30,國賓影城@高雄大魯閣草衙道,高雄市前鎮區中山四路100號3樓,20:10
黑暗騎士：黎明昇起.,05/30,國賓影城@高雄義大世界,高雄市大樹區學城路一段12號3樓,15:00
黑暗騎士：黎明昇起.,05/30,國賓影城@高雄義大世界,高雄市大樹區學城路一段12號3樓,16:40
黑暗騎士：黎明昇起.,05/30,國賓影城@高雄義大世界,高雄市大樹區學城路一段12號3樓,20:30
黑暗騎士：黎明昇起.,05/31,國賓大戲院,台北市成都路88號,16:00
黑暗騎士：黎明昇起.,05/31,國賓大戲院,台北市成都路88號,20:00
黑暗騎士：黎明昇起.,05/31,國賓影城@中和環球購物中心,新北市中和區中山路三段122號4樓,14:30
黑暗騎士：黎明昇起.,05/31,國賓影城@中和環球購物中心,新北市中和區中山路三段122號4樓,17:30
黑暗騎士：黎明昇起.,05/31,國賓影城@中和環球購物中心,新北市中和區中山路三段122號4樓,20:30
黑暗騎士：黎明昇起.,05/31,國賓影城@八德廣豐新天地,桃園市八德區介壽路一段728號,14:20
黑暗騎士：黎明昇起.,05/31,國賓影城@八德廣豐新天地,桃園市八德區介壽路一段728號,17:20
黑暗騎士：黎明昇起.,05/31,國賓影城@八德廣豐新天地,桃園市八德區介壽路一段728號,20:20
黑暗騎士：黎明昇起.,05/31,國賓影城@台北微風廣場,台北市復興南路一段39號7樓,14:20
黑暗騎士：黎明昇起.,05/31,國賓影城@台北微風廣場,台北市復興南路一段39號7樓,17:20
黑暗騎士：黎明昇起.,05/31,國賓影城@台北微風廣場,台北市復興南路一段39號7樓,20:20
黑暗騎士：黎明昇起.,05/31,國賓影城@台北長春廣場,台北市中山區長春路176號,14:20
黑暗騎士：黎明昇起.,05/31,國賓影城@台北長春廣場,台北市中山區長春路176號,17:20
黑暗騎士：黎明昇起.,05/31,國賓影城@台北長春廣場,台北市中山區長春路176號,20:20
黑暗騎士：黎明昇起.,05/31,國賓影城@台南國賓廣場,台南市中華東路一段66號,14:30
黑暗騎士：黎明昇起.,05/31,國賓影城@台南國賓廣場,台南市中華東路一段66號,19:10
黑暗騎士：黎明昇起.,05/31,國賓影城@台南國賓廣場,台南市中華東路一段66號,21:50
黑暗騎士：黎明昇起.,05/31,國賓影城@屏東環球購物中心,屏東市仁愛路90號6樓,16:10
黑暗騎士：黎明昇起.,05/31,國賓影城@屏東環球購物中心,屏東市仁愛路90號6樓,18:20
黑暗騎士：黎明昇起.,05/31,國賓影城@屏東環球購物中心,屏東市仁愛路90號6樓,21:00
黑暗騎士：黎明昇起.,05/31,國賓影城@新莊晶冠廣場,新北市新莊區五工路66號3樓,13:40
黑暗騎士：黎明昇起.,05/31,國賓影城@新莊晶冠廣場,新北市新莊區五工路66號3樓,16:40
黑暗騎士：黎明昇起.,05/31,國賓影城@新莊晶冠廣場,新北市新莊區五工路66號3樓,19:40
黑暗騎士：黎明昇起.,05/31,國賓影城@新莊晶冠廣場,新北市新莊區五工路66號3樓,20:30
黑暗騎士：黎明昇起.,05/31,國賓影城@林口昕境廣場,新北市林口區文化三路一段402巷2號4F,14:20
黑暗騎士：黎明昇起.,05/31,國賓影城@林口昕境廣場,新北市林口區文化三路一段402巷2號4F,17:20
黑暗騎士：黎明昇起.,05/31,國賓影城@林口昕境廣場,新北市林口區文化三路一段402巷2號4F,20:20
黑暗騎士：黎明昇起.,05/31,國賓影城@淡水禮萊廣場,新北市淡水區中正路一段2號,14:20
黑暗騎士：黎明昇起.,05/31,國賓影城@淡水禮萊廣場,新北市淡水區中正路一段2號,17:20
黑暗騎士：黎明昇起.,05/31,國賓影城@淡水禮萊廣場,新北市淡水區中正路一段2號,20:20
黑暗騎士：黎明昇起.,05/31,國賓影城@金門昇恆昌金湖廣場,金門縣金湖鎮太湖路二段198號6樓,17:00
黑暗騎士：黎明昇起.,05/31,國賓影城@高雄大魯閣草衙道,高雄市前鎮區中山四路100號3樓,13:50
黑暗騎士：黎明昇起.,05/31,國賓影城@高雄大魯閣草衙道,高雄市前鎮區中山四路100號3樓,17:00
黑暗騎士：黎明昇起.,05/31,國賓影城@高雄大魯閣草衙道,高雄市前鎮區中山四路100號3樓,20:10
黑暗騎士：黎明昇起.,05/31,國賓影城@高雄義大世界,高雄市大樹區學城路一段12號3樓,15:00
黑暗騎士：黎明昇起.,05/31,國賓影城@高雄義大世界,高雄市大樹區學城路一段12號3樓,16:40
黑暗騎士：黎明昇起.,05/31,國賓影城@高雄義大世界,高雄市大樹區學城路一段12號3樓,20:30
黑暗騎士：黎明昇起.,06/01,國賓大戲院,台北市成都路88號,14:00
黑暗騎士：黎明昇起.,06/01,國賓大戲院,台北市成都路88號,20:00
黑暗騎士：黎明昇起.,06/01,國賓影城@中和環球購物中心,新北市中和區中山路三段122號4樓,14:30
黑暗騎士：黎明昇起.,06/01,國賓影城@中和環球購物中心,新北市中和區中山路三段122號4樓,17:30
黑暗騎士：黎明昇起.,06/01,國賓影城@中和環球購物中心,新北市中和區中山路三段122號4樓,20:30
黑暗騎士：黎明昇起.,06/01,國賓影城@八德廣豐新天地,桃園市八德區介壽路一段728號,14:30
黑暗騎士：黎明昇起.,06/01,國賓影城@八德廣豐新天地,桃園市八德區介壽路一段728號,17:30
黑暗騎士：黎明昇起.,06/01,國賓影城@八德廣豐新天地,桃園市八德區介壽路一段728號,20:30
黑暗騎士：黎明昇起.,06/01,國賓影城@台北微風廣場,台北市復興南路一段39號7樓,14:20
黑暗騎士：黎明昇起.,06/01,國賓影城@台北微風廣場,台北市復興南路一段39號7樓,17:20
黑暗騎士：黎明昇起.,06/01,國賓影城@台北微風廣場,台北市復興南路一段39號7樓,20:20
黑暗騎士：黎明昇起.,06/01,國賓影城@台北長春廣場,台北市中山區長春路176號,14:20
黑暗騎士：黎明昇起.,06/01,國賓影城@台北長春廣場,台北市中山區長春路176號,17:20
黑暗騎士：黎明昇起.,06/01,國賓影城@台北長春廣場,台北市中山區長春路176號,18:20
黑暗騎士：黎明昇起.,06/01,國賓影城@台北長春廣場,台北市中山區長春路176號,20:20
黑暗騎士：黎明昇起.,06/01,國賓影城@台南國賓廣場,台南市中華東路一段66號,16:20
黑暗騎士：黎明昇起.,06/01,國賓影城@台南國賓廣場,台南市中華東路一段66號,22:00
黑暗騎士：黎明昇起.,06/01,國賓影城@屏東環球購物中心,屏東市仁愛路90號6樓,16:10
黑暗騎士：黎明昇起.,06/01,國賓影城@屏東環球購物中心,屏東市仁愛路90號6樓,18:20
黑暗騎士：黎明昇起.,06/01,國賓影城@屏東環球購物中心,屏東市仁愛路90號6樓,21:00
黑暗騎士：黎明昇起.,06/01,國賓影城@新莊晶冠廣場,新北市新莊區五工路66號3樓,13:40
黑暗騎士：黎明昇起.,06/01,國賓影城@新莊晶冠廣場,新北市新莊區五工路66號3樓,16:40
黑暗騎士：黎明昇起.,06/01,國賓影城@新莊晶冠廣場,新北市新莊區五工路66號3樓,19:40
黑暗騎士：黎明昇起.,06/01,國賓影城@新莊晶冠廣場,新北市新莊區五工路66號3樓,20:30
黑暗騎士：黎明昇起.,06/01,國賓影城@林口昕境廣場,新北市林口區文化三路一段402巷2號4F,14:20
黑暗騎士：黎明昇起.,06/01,國賓影城@林口昕境廣場,新北市林口區文化三路一段402巷2號4F,17:20
黑暗騎士：黎明昇起.,06/01,國賓影城@林口昕境廣場,新北市林口區文化三路一段402巷2號4F,20:20
黑暗騎士：黎明昇起.,06/01,國賓影城@淡水禮萊廣場,新北市淡水區中正路一段2號,14:20
黑暗騎士：黎明昇起.,06/01,國賓影城@淡水禮萊廣場,新北市淡水區中正路一段2號,17:20
黑暗騎士：黎明昇起.,06/01,國賓影城@淡水禮萊廣場,新北市淡水區中正路一段2號,20:20
黑暗騎士：黎明昇起.,06/01,國賓影城@金門昇恆昌金湖廣場,金門縣金湖鎮太湖路二段198號6樓,17:00
黑暗騎士：黎明昇起.,06/01,國賓影城@高雄大魯閣草衙道,高雄市前鎮區中山四路100號3樓,17:00
黑暗騎士：黎明昇起.,06/01,國賓影城@高雄大魯閣草衙道,高雄市前鎮區中山四路100號3樓,20:10
黑暗騎士：黎明昇起.,06/01,國賓影城@高雄義大世界,高雄市大樹區學城路一段12號3樓,13:50
黑暗騎士：黎明昇起.,06/01,國賓影城@高雄義大世界,高雄市大樹區學城路一段12號3樓,16:50
黑暗騎士：黎明昇起.,06/01,國賓影城@高雄義大世界,高雄市大樹區學城路一段12號3樓,20:30
黑暗騎士：黎明昇起.,06/02,國賓大戲院,台北市成都路88號,17:00
黑暗騎士：黎明昇起.,06/02,國賓大戲院,台北市成都路88號,20:00
黑暗騎士：黎明昇起.,06/02,國賓影城@中和環球購物中心,新北市中和區中山路三段122號4樓,14:30
黑暗騎士：黎明昇起.,06/02,國賓影城@中和環球購物中心,新北市中和區中山路三段122號4樓,17:30
黑暗騎士：黎明昇起.,06/02,國賓影城@中和環球購物中心,新北市中和區中山路三段122號4樓,20:30
黑暗騎士：黎明昇起.,06/02,國賓影城@八德廣豐新天地,桃園市八德區介壽路一段728號,14:30
黑暗騎士：黎明昇起.,06/02,國賓影城@八德廣豐新天地,桃園市八德區介壽路一段728號,17:30
黑暗騎士：黎明昇起.,06/02,國賓影城@八德廣豐新天地,桃園市八德區介壽路一段728號,20:30
黑暗騎士：黎明昇起.,06/02,國賓影城@台北微風廣場,台北市復興南路一段39號7樓,14:20
黑暗騎士：黎明昇起.,06/02,國賓影城@台北微風廣場,台北市復興南路一段39號7樓,17:20
黑暗騎士：黎明昇起.,06/02,國賓影城@台北微風廣場,台北市復興南路一段39號7樓,20:20
黑暗騎士：黎明昇起.,06/02,國賓影城@台北長春廣場,台北市中山區長春路176號,14:20
黑暗騎士：黎明昇起.,06/02,國賓影城@台北長春廣場,台北市中山區長春路176號,17:20
黑暗騎士：黎明昇起.,06/02,國賓影城@台北長春廣場,台北市中山區長春路176號,18:20
黑暗騎士：黎明昇起.,06/02,國賓影城@台北長春廣場,台北市中山區長春路176號,20:20
黑暗騎士：黎明昇起.,06/02,國賓影城@台南國賓廣場,台南市中華東路一段66號,16:20
黑暗騎士：黎明昇起.,06/02,國賓影城@台南國賓廣場,台南市中華東路一段66號,22:00
黑暗騎士：黎明昇起.,06/02,國賓影城@屏東環球購物中心,屏東市仁愛路90號6樓,16:10
黑暗騎士：黎明昇起.,06/02,國賓影城@屏東環球購物中心,屏東市仁愛路90號6樓,18:20
黑暗騎士：黎明昇起.,06/02,國賓影城@屏東環球購物中心,屏東市仁愛路90號6樓,21:00
黑暗騎士：黎明昇起.,06/02,國賓影城@新莊晶冠廣場,新北市新莊區五工路66號3樓,13:40
黑暗騎士：黎明昇起.,06/02,國賓影城@新莊晶冠廣場,新北市新莊區五工路66號3樓,16:40
黑暗騎士：黎明昇起.,06/02,國賓影城@新莊晶冠廣場,新北市新莊區五工路66號3樓,19:40
黑暗騎士：黎明昇起.,06/02,國賓影城@新莊晶冠廣場,新北市新莊區五工路66號3樓,20:30
黑暗騎士：黎明昇起.,06/02,國賓影城@林口昕境廣場,新北市林口區文化三路一段402巷2號4F,14:20
黑暗騎士：黎明昇起.,06/02,國賓影城@林口昕境廣場,新北市林口區文化三路一段402巷2號4F,17:20
黑暗騎士：黎明昇起.,06/02,國賓影城@林口昕境廣場,新北市林口區文化三路一段402巷2號4F,20:20
黑暗騎士：黎明昇起.,06/02,國賓影城@淡水禮萊廣場,新北市淡水區中正路一段2號,14:20
黑暗騎士：黎明昇起.,06/02,國賓影城@淡水禮萊廣場,新北市淡水區中正路一段2號,17:20
黑暗騎士：黎明昇起.,06/02,國賓影城@淡水禮萊廣場,新北市淡水區中正路一段2號,20:20
黑暗騎士：黎明昇起.,06/02,國賓影城@金門昇恆昌金湖廣場,金門縣金湖鎮太湖路二段198號6樓,17:00
黑暗騎士：黎明昇起.,06/02,國賓影城@高雄大魯閣草衙道,高雄市前鎮區中山四路100號3樓,17:00
黑暗騎士：黎明昇起.,06/02,國賓影城@高雄大魯閣草衙道,高雄市前鎮區中山四路100號3樓,20:10
黑暗騎士：黎明昇起.,06/02,國賓影城@高雄義大世界,高雄市大樹區學城路一段12號3樓,13:50
黑暗騎士：黎明昇起.,06/02,國賓影城@高雄義大世界,高雄市大樹區學城路一段12號3樓,16:50
黑暗騎士：黎明昇起.,06/02,國賓影城@高雄義大世界,高雄市大樹區學城路一段12號3樓,20:30
黑暗騎士：黎明昇起.,06/03,國賓大戲院,台北市成都路88號,14:00
黑暗騎士：黎明昇起.,06/03,國賓大戲院,台北市成都路88號,19:30
黑暗騎士：黎明昇起.,06/03,國賓影城@中和環球購物中心,新北市中和區中山路三段122號4樓,14:30
黑暗騎士：黎明昇起.,06/03,國賓影城@中和環球購物中心,新北市中和區中山路三段122號4樓,17:30
黑暗騎士：黎明昇起.,06/03,國賓影城@中和環球購物中心,新北市中和區中山路三段122號4樓,20:30
黑暗騎士：黎明昇起.,06/03,國賓影城@八德廣豐新天地,桃園市八德區介壽路一段728號,14:30
黑暗騎士：黎明昇起.,06/03,國賓影城@八德廣豐新天地,桃園市八德區介壽路一段728號,17:30
黑暗騎士：黎明昇起.,06/03,國賓影城@八德廣豐新天地,桃園市八德區介壽路一段728號,20:30
黑暗騎士：黎明昇起.,06/03,國賓影城@台北微風廣場,台北市復興南路一段39號7樓,14:20
黑暗騎士：黎明昇起.,06/03,國賓影城@台北微風廣場,台北市復興南路一段39號7樓,17:20
黑暗騎士：黎明昇起.,06/03,國賓影城@台北微風廣場,台北市復興南路一段39號7樓,20:20
黑暗騎士：黎明昇起.,06/03,國賓影城@台北長春廣場,台北市中山區長春路176號,14:20
黑暗騎士：黎明昇起.,06/03,國賓影城@台北長春廣場,台北市中山區長春路176號,17:20
黑暗騎士：黎明昇起.,06/03,國賓影城@台北長春廣場,台北市中山區長春路176號,18:20
黑暗騎士：黎明昇起.,06/03,國賓影城@台北長春廣場,台北市中山區長春路176號,20:20
黑暗騎士：黎明昇起.,06/03,國賓影城@台南國賓廣場,台南市中華東路一段66號,16:20
黑暗騎士：黎明昇起.,06/03,國賓影城@台南國賓廣場,台南市中華東路一段66號,22:00
黑暗騎士：黎明昇起.,06/03,國賓影城@屏東環球購物中心,屏東市仁愛路90號6樓,16:10
黑暗騎士：黎明昇起.,06/03,國賓影城@屏東環球購物中心,屏東市仁愛路90號6樓,18:20
黑暗騎士：黎明昇起.,06/03,國賓影城@屏東環球購物中心,屏東市仁愛路90號6樓,21:00
黑暗騎士：黎明昇起.,06/03,國賓影城@新莊晶冠廣場,新北市新莊區五工路66號3樓,13:40
黑暗騎士：黎明昇起.,06/03,國賓影城@新莊晶冠廣場,新北市新莊區五工路66號3樓,16:40
黑暗騎士：黎明昇起.,06/03,國賓影城@新莊晶冠廣場,新北市新莊區五工路66號3樓,19:40
黑暗騎士：黎明昇起.,06/03,國賓影城@新莊晶冠廣場,新北市新莊區五工路66號3樓,20:30
黑暗騎士：黎明昇起.,06/03,國賓影城@林口昕境廣場,新北市林口區文化三路一段402巷2號4F,14:20
黑暗騎士：黎明昇起.,06/03,國賓影城@林口昕境廣場,新北市林口區文化三路一段402巷2號4F,17:20
黑暗騎士：黎明昇起.,06/03,國賓影城@林口昕境廣場,新北市林口區文化三路一段402巷2號4F,20:20
黑暗騎士：黎明昇起.,06/03,國賓影城@淡水禮萊廣場,新北市淡水區中正路一段2號,14:20
黑暗騎士：黎明昇起.,06/03,國賓影城@淡水禮萊廣場,新北市淡水區中正路一段2號,17:20
黑暗騎士：黎明昇起.,06/03,國賓影城@淡水禮萊廣場,新北市淡水區中正路一段2號,20:20
黑暗騎士：黎明昇起.,06/03,國賓影城@金門昇恆昌金湖廣場,金門縣金湖鎮太湖路二段198號6樓,17:00
黑暗騎士：黎明昇起.,06/03,國賓影城@高雄大魯閣草衙道,高雄市前鎮區中山四路100號3樓,17:00
黑暗騎士：黎明昇起.,06/03,國賓影城@高雄大魯閣草衙道,高雄市前鎮區中山四路100號3樓,20:10
黑暗騎士：黎明昇起.,06/03,國賓影城@高雄義大世界,高雄市大樹區學城路一段12號3樓,13:50
黑暗騎士：黎明昇起.,06/03,國賓影城@高雄義大世界,高雄市大樹區學城路一段12號3樓,16:50
黑暗騎士：黎明昇起.,06/03,國賓影城@高雄義大世界,高雄市大樹區學城路一段12號3樓,20:30
黑暗騎士：黎明昇起.,06/04,國賓大戲院,台北市成都路88號,14:00
黑暗騎士：黎明昇起.,06/04,國賓大戲院,台北市成都路88號,20:00
黑暗騎士：黎明昇起.,06/04,國賓影城@中和環球購物中心,新北市中和區中山路三段122號4樓,14:30
黑暗騎士：黎明昇起.,06/04,國賓影城@中和環球購物中心,新北市中和區中山路三段122號4樓,17:30
黑暗騎士：黎明昇起.,06/04,國賓影城@中和環球購物中心,新北市中和區中山路三段122號4樓,20:30
黑暗騎士：黎明昇起.,06/04,國賓影城@八德廣豐新天地,桃園市八德區介壽路一段728號,14:30
黑暗騎士：黎明昇起.,06/04,國賓影城@八德廣豐新天地,桃園市八德區介壽路一段728號,17:30
黑暗騎士：黎明昇起.,06/04,國賓影城@八德廣豐新天地,桃園市八德區介壽路一段728號,20:30
黑暗騎士：黎明昇起.,06/04,國賓影城@台北微風廣場,台北市復興南路一段39號7樓,14:20
黑暗騎士：黎明昇起.,06/04,國賓影城@台北微風廣場,台北市復興南路一段39號7樓,17:20
黑暗騎士：黎明昇起.,06/04,國賓影城@台北微風廣場,台北市復興南路一段39號7樓,20:20
黑暗騎士：黎明昇起.,06/04,國賓影城@台北長春廣場,台北市中山區長春路176號,14:20
黑暗騎士：黎明昇起.,06/04,國賓影城@台北長春廣場,台北市中山區長春路176號,17:20
黑暗騎士：黎明昇起.,06/04,國賓影城@台北長春廣場,台北市中山區長春路176號,18:20
黑暗騎士：黎明昇起.,06/04,國賓影城@台北長春廣場,台北市中山區長春路176號,20:20
黑暗騎士：黎明昇起.,06/04,國賓影城@台南國賓廣場,台南市中華東路一段66號,16:20
黑暗騎士：黎明昇起.,06/04,國賓影城@台南國賓廣場,台南市中華東路一段66號,22:00
黑暗騎士：黎明昇起.,06/04,國賓影城@屏東環球購物中心,屏東市仁愛路90號6樓,16:10
黑暗騎士：黎明昇起.,06/04,國賓影城@屏東環球購物中心,屏東市仁愛路90號6樓,18:20
黑暗騎士：黎明昇起.,06/04,國賓影城@屏東環球購物中心,屏東市仁愛路90號6樓,21:00
黑暗騎士：黎明昇起.,06/04,國賓影城@新莊晶冠廣場,新北市新莊區五工路66號3樓,13:40
黑暗騎士：黎明昇起.,06/04,國賓影城@新莊晶冠廣場,新北市新莊區五工路66號3樓,16:40
黑暗騎士：黎明昇起.,06/04,國賓影城@新莊晶冠廣場,新北市新莊區五工路66號3樓,19:40
黑暗騎士：黎明昇起.,06/04,國賓影城@新莊晶冠廣場,新北市新莊區五工路66號3樓,20:30
黑暗騎士：黎明昇起.,06/04,國賓影城@林口昕境廣場,新北市林口區文化三路一段402巷2號4F,14:20
黑暗騎士：黎明昇起.,06/04,國賓影城@林口昕境廣場,新北市林口區文化三路一段402巷2號4F,17:20
黑暗騎士：黎明昇起.,06/04,國賓影城@林口昕境廣場,新北市林口區文化三路一段402巷2號4F,20:20
黑暗騎士：黎明昇起.,06/04,國賓影城@淡水禮萊廣場,新北市淡水區中正路一段2號,14:20
黑暗騎士：黎明昇起.,06/04,國賓影城@淡水禮萊廣場,新北市淡水區中正路一段2號,17:20
黑暗騎士：黎明昇起.,06/04,國賓影城@淡水禮萊廣場,新北市淡水區中正路一段2號,20:20
黑暗騎士：黎明昇起.,06/04,國賓影城@金門昇恆昌金湖廣場,金門縣金湖鎮太湖路二段198號6樓,17:00
黑暗騎士：黎明昇起.,06/04,國賓影城@高雄大魯閣草衙道,高雄市前鎮區中山四路100號3樓,17:00
黑暗騎士：黎明昇起.,06/04,國賓影城@高雄大魯閣草衙道,高雄市前鎮區中山四路100號3樓,20:10
黑暗騎士：黎明昇起.,06/04,國賓影城@高雄義大世界,高雄市大樹區學城路一段12號3樓,13:50
黑暗騎士：黎明昇起.,06/04,國賓影城@高雄義大世界,高雄市大樹區學城路一段12號3樓,16:50
黑暗騎士：黎明昇起.,06/04,國賓影城@高雄義大世界,高雄市大樹區學城路一段12號3樓,20:30
